"site_name","subsite","year","treatment","plot","prior_visit","doy"
"ATQASUK","ATQASUK.AW.RH",1999,"CTL","AWC01",161,162
"ATQASUK","ATQASUK.AW.RH",1999,"CTL","AWC02",161,162
"ATQASUK","ATQASUK.AW.RH",1999,"CTL","AWC03",NA,159
"ATQASUK","ATQASUK.AW.RH",1999,"CTL","AWC04",159,160
"ATQASUK","ATQASUK.AW.RH",1999,"CTL","AWC05",159,160
"ATQASUK","ATQASUK.AW.RH",1999,"CTL","AWC06",NA,159
"ATQASUK","ATQASUK.AW.RH",1999,"CTL","AWC07",NA,159
"ATQASUK","ATQASUK.AW.RH",1999,"CTL","AWC08",NA,159
"ATQASUK","ATQASUK.AW.RH",1999,"CTL","AWC09",161,162
"ATQASUK","ATQASUK.AW.RH",1999,"CTL","AWC10",159,160
"ATQASUK","ATQASUK.AW.RH",1999,"CTL","AWC11",161,162
"ATQASUK","ATQASUK.AW.RH",1999,"CTL","AWC12",161,162
"ATQASUK","ATQASUK.AW.RH",1999,"CTL","AWC13",161,162
"ATQASUK","ATQASUK.AW.RH",1999,"CTL","AWC14",161,162
"ATQASUK","ATQASUK.AW.RH",1999,"CTL","AWC15",161,162
"ATQASUK","ATQASUK.AW.RH",1999,"CTL","AWC16",NA,159
"ATQASUK","ATQASUK.AW.RH",1999,"CTL","AWC17",NA,159
"ATQASUK","ATQASUK.AW.RH",1999,"CTL","AWC18",NA,159
"ATQASUK","ATQASUK.AW.RH",1999,"CTL","AWC19",NA,159
"ATQASUK","ATQASUK.AW.RH",1999,"CTL","AWC20",160,161
"ATQASUK","ATQASUK.AW.RH",1999,"CTL","AWC21",162,163
"ATQASUK","ATQASUK.AW.RH",1999,"CTL","AWC22",162,163
"ATQASUK","ATQASUK.AW.RH",1999,"CTL","AWC23",NA,159
"ATQASUK","ATQASUK.AW.RH",1999,"CTL","AWC24",NA,159
"ATQASUK","ATQASUK.AW.RH",1999,"OTC","AWE01",161,162
"ATQASUK","ATQASUK.AW.RH",1999,"OTC","AWE02",NA,159
"ATQASUK","ATQASUK.AW.RH",1999,"OTC","AWE03",NA,159
"ATQASUK","ATQASUK.AW.RH",1999,"OTC","AWE04",NA,159
"ATQASUK","ATQASUK.AW.RH",1999,"OTC","AWE05",159,160
"ATQASUK","ATQASUK.AW.RH",1999,"OTC","AWE06",161,162
"ATQASUK","ATQASUK.AW.RH",1999,"OTC","AWE07",161,162
"ATQASUK","ATQASUK.AW.RH",1999,"OTC","AWE08",161,162
"ATQASUK","ATQASUK.AW.RH",1999,"OTC","AWE09",161,162
"ATQASUK","ATQASUK.AW.RH",1999,"OTC","AWE10",161,162
"ATQASUK","ATQASUK.AW.RH",1999,"OTC","AWE11",161,162
"ATQASUK","ATQASUK.AW.RH",1999,"OTC","AWE12",NA,159
"ATQASUK","ATQASUK.AW.RH",1999,"OTC","AWE13",NA,159
"ATQASUK","ATQASUK.AW.RH",1999,"OTC","AWE14",161,162
"ATQASUK","ATQASUK.AW.RH",1999,"OTC","AWE15",162,163
"ATQASUK","ATQASUK.AW.RH",1999,"OTC","AWE16",161,162
"ATQASUK","ATQASUK.AW.RH",1999,"OTC","AWE17",NA,159
"ATQASUK","ATQASUK.AW.RH",1999,"OTC","AWE18",NA,159
"ATQASUK","ATQASUK.AW.RH",1999,"OTC","AWE19",159,160
"ATQASUK","ATQASUK.AW.RH",1999,"OTC","AWE20",NA,159
"ATQASUK","ATQASUK.AW.RH",1999,"OTC","AWE21",NA,159
"ATQASUK","ATQASUK.AW.RH",1999,"OTC","AWE22",161,162
"ATQASUK","ATQASUK.AW.RH",1999,"OTC","AWE23",160,161
"ATQASUK","ATQASUK.AW.RH",1999,"OTC","AWE24",NA,159
"ATQASUK","ATQASUK.AW.RH",2000,"CTL","AWC01",NA,162
"ATQASUK","ATQASUK.AW.RH",2000,"CTL","AWC02",NA,162
"ATQASUK","ATQASUK.AW.RH",2000,"CTL","AWC03",NA,162
"ATQASUK","ATQASUK.AW.RH",2000,"CTL","AWC04",162,163
"ATQASUK","ATQASUK.AW.RH",2000,"CTL","AWC05",162,163
"ATQASUK","ATQASUK.AW.RH",2000,"CTL","AWC06",163,164
"ATQASUK","ATQASUK.AW.RH",2000,"CTL","AWC07",NA,162
"ATQASUK","ATQASUK.AW.RH",2000,"CTL","AWC08",162,163
"ATQASUK","ATQASUK.AW.RH",2000,"CTL","AWC09",162,163
"ATQASUK","ATQASUK.AW.RH",2000,"CTL","AWC10",162,163
"ATQASUK","ATQASUK.AW.RH",2000,"CTL","AWC11",NA,162
"ATQASUK","ATQASUK.AW.RH",2000,"CTL","AWC12",NA,162
"ATQASUK","ATQASUK.AW.RH",2000,"CTL","AWC13",NA,162
"ATQASUK","ATQASUK.AW.RH",2000,"CTL","AWC14",NA,162
"ATQASUK","ATQASUK.AW.RH",2000,"CTL","AWC15",162,163
"ATQASUK","ATQASUK.AW.RH",2000,"CTL","AWC16",162,163
"ATQASUK","ATQASUK.AW.RH",2000,"CTL","AWC17",163,164
"ATQASUK","ATQASUK.AW.RH",2000,"CTL","AWC18",162,163
"ATQASUK","ATQASUK.AW.RH",2000,"CTL","AWC19",162,163
"ATQASUK","ATQASUK.AW.RH",2000,"CTL","AWC20",NA,162
"ATQASUK","ATQASUK.AW.RH",2000,"CTL","AWC21",NA,162
"ATQASUK","ATQASUK.AW.RH",2000,"CTL","AWC22",NA,162
"ATQASUK","ATQASUK.AW.RH",2000,"CTL","AWC23",163,164
"ATQASUK","ATQASUK.AW.RH",2000,"CTL","AWC24",162,163
"ATQASUK","ATQASUK.AW.RH",2000,"OTC","AWE01",162,163
"ATQASUK","ATQASUK.AW.RH",2000,"OTC","AWE02",162,163
"ATQASUK","ATQASUK.AW.RH",2000,"OTC","AWE03",162,163
"ATQASUK","ATQASUK.AW.RH",2000,"OTC","AWE04",162,163
"ATQASUK","ATQASUK.AW.RH",2000,"OTC","AWE05",162,163
"ATQASUK","ATQASUK.AW.RH",2000,"OTC","AWE06",162,163
"ATQASUK","ATQASUK.AW.RH",2000,"OTC","AWE07",NA,162
"ATQASUK","ATQASUK.AW.RH",2000,"OTC","AWE08",162,163
"ATQASUK","ATQASUK.AW.RH",2000,"OTC","AWE09",NA,162
"ATQASUK","ATQASUK.AW.RH",2000,"OTC","AWE10",NA,162
"ATQASUK","ATQASUK.AW.RH",2000,"OTC","AWE11",NA,162
"ATQASUK","ATQASUK.AW.RH",2000,"OTC","AWE12",NA,162
"ATQASUK","ATQASUK.AW.RH",2000,"OTC","AWE13",162,163
"ATQASUK","ATQASUK.AW.RH",2000,"OTC","AWE14",162,163
"ATQASUK","ATQASUK.AW.RH",2000,"OTC","AWE15",NA,162
"ATQASUK","ATQASUK.AW.RH",2000,"OTC","AWE16",NA,162
"ATQASUK","ATQASUK.AW.RH",2000,"OTC","AWE17",162,163
"ATQASUK","ATQASUK.AW.RH",2000,"OTC","AWE18",163,164
"ATQASUK","ATQASUK.AW.RH",2000,"OTC","AWE19",162,163
"ATQASUK","ATQASUK.AW.RH",2000,"OTC","AWE20",NA,162
"ATQASUK","ATQASUK.AW.RH",2000,"OTC","AWE21",163,164
"ATQASUK","ATQASUK.AW.RH",2000,"OTC","AWE22",NA,162
"ATQASUK","ATQASUK.AW.RH",2000,"OTC","AWE23",163,164
"ATQASUK","ATQASUK.AW.RH",2000,"OTC","AWE24",163,164
"ATQASUK","ATQASUK.AW.RH",2014,"CTL","AWC01",NA,140
"ATQASUK","ATQASUK.AW.RH",2014,"CTL","AWC02",NA,140
"ATQASUK","ATQASUK.AW.RH",2014,"CTL","AWC03",NA,140
"ATQASUK","ATQASUK.AW.RH",2014,"CTL","AWC04",NA,140
"ATQASUK","ATQASUK.AW.RH",2014,"CTL","AWC05",NA,140
"ATQASUK","ATQASUK.AW.RH",2014,"CTL","AWC06",NA,140
"ATQASUK","ATQASUK.AW.RH",2014,"CTL","AWC07",NA,140
"ATQASUK","ATQASUK.AW.RH",2014,"CTL","AWC08",NA,140
"ATQASUK","ATQASUK.AW.RH",2014,"CTL","AWC09",NA,140
"ATQASUK","ATQASUK.AW.RH",2014,"CTL","AWC10",NA,140
"ATQASUK","ATQASUK.AW.RH",2014,"CTL","AWC11",NA,140
"ATQASUK","ATQASUK.AW.RH",2014,"CTL","AWC12",NA,140
"ATQASUK","ATQASUK.AW.RH",2014,"CTL","AWC13",NA,140
"ATQASUK","ATQASUK.AW.RH",2014,"CTL","AWC14",NA,140
"ATQASUK","ATQASUK.AW.RH",2014,"CTL","AWC15",NA,140
"ATQASUK","ATQASUK.AW.RH",2014,"CTL","AWC16",NA,140
"ATQASUK","ATQASUK.AW.RH",2014,"CTL","AWC17",NA,140
"ATQASUK","ATQASUK.AW.RH",2014,"CTL","AWC18",NA,140
"ATQASUK","ATQASUK.AW.RH",2014,"CTL","AWC19",NA,140
"ATQASUK","ATQASUK.AW.RH",2014,"CTL","AWC20",NA,140
"ATQASUK","ATQASUK.AW.RH",2014,"CTL","AWC21",NA,140
"ATQASUK","ATQASUK.AW.RH",2014,"CTL","AWC22",NA,140
"ATQASUK","ATQASUK.AW.RH",2014,"CTL","AWC23",NA,140
"ATQASUK","ATQASUK.AW.RH",2014,"CTL","AWC24",NA,140
"ATQASUK","ATQASUK.AW.RH",2014,"OTC","AWE01",NA,140
"ATQASUK","ATQASUK.AW.RH",2014,"OTC","AWE02",NA,140
"ATQASUK","ATQASUK.AW.RH",2014,"OTC","AWE03",NA,140
"ATQASUK","ATQASUK.AW.RH",2014,"OTC","AWE04",NA,140
"ATQASUK","ATQASUK.AW.RH",2014,"OTC","AWE05",NA,140
"ATQASUK","ATQASUK.AW.RH",2014,"OTC","AWE06",NA,140
"ATQASUK","ATQASUK.AW.RH",2014,"OTC","AWE07",NA,140
"ATQASUK","ATQASUK.AW.RH",2014,"OTC","AWE08",NA,140
"ATQASUK","ATQASUK.AW.RH",2014,"OTC","AWE09",NA,140
"ATQASUK","ATQASUK.AW.RH",2014,"OTC","AWE10",NA,140
"ATQASUK","ATQASUK.AW.RH",2014,"OTC","AWE11",NA,140
"ATQASUK","ATQASUK.AW.RH",2014,"OTC","AWE12",NA,140
"ATQASUK","ATQASUK.AW.RH",2014,"OTC","AWE13",NA,140
"ATQASUK","ATQASUK.AW.RH",2014,"OTC","AWE14",NA,140
"ATQASUK","ATQASUK.AW.RH",2014,"OTC","AWE15",NA,140
"ATQASUK","ATQASUK.AW.RH",2014,"OTC","AWE16",NA,140
"ATQASUK","ATQASUK.AW.RH",2014,"OTC","AWE17",NA,140
"ATQASUK","ATQASUK.AW.RH",2014,"OTC","AWE18",NA,140
"ATQASUK","ATQASUK.AW.RH",2014,"OTC","AWE19",NA,140
"ATQASUK","ATQASUK.AW.RH",2014,"OTC","AWE20",NA,140
"ATQASUK","ATQASUK.AW.RH",2014,"OTC","AWE21",NA,140
"ATQASUK","ATQASUK.AW.RH",2014,"OTC","AWE22",NA,140
"ATQASUK","ATQASUK.AW.RH",2014,"OTC","AWE23",NA,140
"ATQASUK","ATQASUK.AW.RH",2014,"OTC","AWE24",NA,140
"ATQASUK","ATQASUK.AW.RH",1996,"CTL","AWC01",NA,150
"ATQASUK","ATQASUK.AW.RH",1996,"CTL","AWC02",NA,150
"ATQASUK","ATQASUK.AW.RH",1996,"CTL","AWC03",NA,150
"ATQASUK","ATQASUK.AW.RH",1996,"CTL","AWC04",NA,150
"ATQASUK","ATQASUK.AW.RH",1996,"CTL","AWC05",NA,150
"ATQASUK","ATQASUK.AW.RH",1996,"CTL","AWC06",NA,150
"ATQASUK","ATQASUK.AW.RH",1996,"CTL","AWC07",NA,150
"ATQASUK","ATQASUK.AW.RH",1996,"CTL","AWC08",NA,150
"ATQASUK","ATQASUK.AW.RH",1996,"CTL","AWC09",NA,150
"ATQASUK","ATQASUK.AW.RH",1996,"CTL","AWC10",NA,150
"ATQASUK","ATQASUK.AW.RH",1996,"CTL","AWC11",NA,150
"ATQASUK","ATQASUK.AW.RH",1996,"CTL","AWC12",NA,150
"ATQASUK","ATQASUK.AW.RH",1996,"CTL","AWC13",NA,150
"ATQASUK","ATQASUK.AW.RH",1996,"CTL","AWC14",NA,150
"ATQASUK","ATQASUK.AW.RH",1996,"CTL","AWC15",NA,150
"ATQASUK","ATQASUK.AW.RH",1996,"CTL","AWC16",NA,150
"ATQASUK","ATQASUK.AW.RH",1996,"CTL","AWC17",NA,150
"ATQASUK","ATQASUK.AW.RH",1996,"CTL","AWC18",NA,150
"ATQASUK","ATQASUK.AW.RH",1996,"CTL","AWC19",NA,150
"ATQASUK","ATQASUK.AW.RH",1996,"CTL","AWC20",NA,150
"ATQASUK","ATQASUK.AW.RH",1996,"CTL","AWC21",NA,150
"ATQASUK","ATQASUK.AW.RH",1996,"CTL","AWC22",NA,150
"ATQASUK","ATQASUK.AW.RH",1996,"CTL","AWC23",NA,150
"ATQASUK","ATQASUK.AW.RH",1996,"CTL","AWC24",NA,150
"ATQASUK","ATQASUK.AW.RH",1996,"OTC","AWE01",NA,150
"ATQASUK","ATQASUK.AW.RH",1996,"OTC","AWE02",NA,150
"ATQASUK","ATQASUK.AW.RH",1996,"OTC","AWE03",NA,150
"ATQASUK","ATQASUK.AW.RH",1996,"OTC","AWE04",NA,150
"ATQASUK","ATQASUK.AW.RH",1996,"OTC","AWE05",NA,150
"ATQASUK","ATQASUK.AW.RH",1996,"OTC","AWE06",NA,150
"ATQASUK","ATQASUK.AW.RH",1996,"OTC","AWE07",NA,150
"ATQASUK","ATQASUK.AW.RH",1996,"OTC","AWE08",NA,150
"ATQASUK","ATQASUK.AW.RH",1996,"OTC","AWE09",NA,150
"ATQASUK","ATQASUK.AW.RH",1996,"OTC","AWE10",NA,150
"ATQASUK","ATQASUK.AW.RH",1996,"OTC","AWE11",NA,150
"ATQASUK","ATQASUK.AW.RH",1996,"OTC","AWE12",NA,150
"ATQASUK","ATQASUK.AW.RH",1996,"OTC","AWE13",NA,150
"ATQASUK","ATQASUK.AW.RH",1996,"OTC","AWE14",NA,150
"ATQASUK","ATQASUK.AW.RH",1996,"OTC","AWE15",NA,150
"ATQASUK","ATQASUK.AW.RH",1996,"OTC","AWE16",NA,150
"ATQASUK","ATQASUK.AW.RH",1996,"OTC","AWE17",NA,150
"ATQASUK","ATQASUK.AW.RH",1996,"OTC","AWE18",NA,150
"ATQASUK","ATQASUK.AW.RH",1996,"OTC","AWE19",NA,150
"ATQASUK","ATQASUK.AW.RH",1996,"OTC","AWE20",NA,150
"ATQASUK","ATQASUK.AW.RH",1996,"OTC","AWE21",NA,150
"ATQASUK","ATQASUK.AW.RH",1996,"OTC","AWE22",NA,150
"ATQASUK","ATQASUK.AW.RH",1996,"OTC","AWE23",NA,150
"ATQASUK","ATQASUK.AW.RH",1996,"OTC","AWE24",NA,150
"ATQASUK","ATQASUK.AW.RH",1997,"CTL","AWC01",NA,167
"ATQASUK","ATQASUK.AW.RH",1997,"CTL","AWC02",NA,167
"ATQASUK","ATQASUK.AW.RH",1997,"CTL","AWC03",NA,167
"ATQASUK","ATQASUK.AW.RH",1997,"CTL","AWC04",NA,167
"ATQASUK","ATQASUK.AW.RH",1997,"CTL","AWC05",NA,167
"ATQASUK","ATQASUK.AW.RH",1997,"CTL","AWC06",NA,167
"ATQASUK","ATQASUK.AW.RH",1997,"CTL","AWC07",NA,167
"ATQASUK","ATQASUK.AW.RH",1997,"CTL","AWC08",NA,167
"ATQASUK","ATQASUK.AW.RH",1997,"CTL","AWC09",NA,167
"ATQASUK","ATQASUK.AW.RH",1997,"CTL","AWC10",NA,167
"ATQASUK","ATQASUK.AW.RH",1997,"CTL","AWC11",NA,167
"ATQASUK","ATQASUK.AW.RH",1997,"CTL","AWC12",NA,167
"ATQASUK","ATQASUK.AW.RH",1997,"CTL","AWC13",NA,167
"ATQASUK","ATQASUK.AW.RH",1997,"CTL","AWC14",NA,167
"ATQASUK","ATQASUK.AW.RH",1997,"CTL","AWC15",NA,167
"ATQASUK","ATQASUK.AW.RH",1997,"CTL","AWC16",NA,167
"ATQASUK","ATQASUK.AW.RH",1997,"CTL","AWC17",NA,167
"ATQASUK","ATQASUK.AW.RH",1997,"CTL","AWC18",NA,167
"ATQASUK","ATQASUK.AW.RH",1997,"CTL","AWC19",NA,167
"ATQASUK","ATQASUK.AW.RH",1997,"CTL","AWC20",NA,167
"ATQASUK","ATQASUK.AW.RH",1997,"CTL","AWC21",NA,167
"ATQASUK","ATQASUK.AW.RH",1997,"CTL","AWC22",NA,167
"ATQASUK","ATQASUK.AW.RH",1997,"CTL","AWC23",NA,167
"ATQASUK","ATQASUK.AW.RH",1997,"CTL","AWC24",NA,167
"ATQASUK","ATQASUK.AW.RH",1997,"OTC","AWE01",NA,167
"ATQASUK","ATQASUK.AW.RH",1997,"OTC","AWE02",NA,167
"ATQASUK","ATQASUK.AW.RH",1997,"OTC","AWE03",NA,167
"ATQASUK","ATQASUK.AW.RH",1997,"OTC","AWE04",NA,167
"ATQASUK","ATQASUK.AW.RH",1997,"OTC","AWE05",NA,167
"ATQASUK","ATQASUK.AW.RH",1997,"OTC","AWE06",NA,167
"ATQASUK","ATQASUK.AW.RH",1997,"OTC","AWE07",NA,167
"ATQASUK","ATQASUK.AW.RH",1997,"OTC","AWE08",NA,167
"ATQASUK","ATQASUK.AW.RH",1997,"OTC","AWE09",NA,167
"ATQASUK","ATQASUK.AW.RH",1997,"OTC","AWE10",NA,167
"ATQASUK","ATQASUK.AW.RH",1997,"OTC","AWE11",NA,167
"ATQASUK","ATQASUK.AW.RH",1997,"OTC","AWE12",NA,167
"ATQASUK","ATQASUK.AW.RH",1997,"OTC","AWE13",NA,167
"ATQASUK","ATQASUK.AW.RH",1997,"OTC","AWE14",NA,167
"ATQASUK","ATQASUK.AW.RH",1997,"OTC","AWE15",NA,167
"ATQASUK","ATQASUK.AW.RH",1997,"OTC","AWE16",NA,167
"ATQASUK","ATQASUK.AW.RH",1997,"OTC","AWE17",NA,167
"ATQASUK","ATQASUK.AW.RH",1997,"OTC","AWE18",NA,167
"ATQASUK","ATQASUK.AW.RH",1997,"OTC","AWE19",NA,167
"ATQASUK","ATQASUK.AW.RH",1997,"OTC","AWE20",NA,167
"ATQASUK","ATQASUK.AW.RH",1997,"OTC","AWE21",NA,167
"ATQASUK","ATQASUK.AW.RH",1997,"OTC","AWE22",NA,167
"ATQASUK","ATQASUK.AW.RH",1997,"OTC","AWE23",NA,167
"ATQASUK","ATQASUK.AW.RH",1997,"OTC","AWE24",NA,167
"ATQASUK","ATQASUK.AW.RH",2004,"CTL","AWC01",NA,157
"ATQASUK","ATQASUK.AW.RH",2004,"CTL","AWC02",NA,157
"ATQASUK","ATQASUK.AW.RH",2004,"CTL","AWC03",NA,157
"ATQASUK","ATQASUK.AW.RH",2004,"CTL","AWC04",NA,157
"ATQASUK","ATQASUK.AW.RH",2004,"CTL","AWC05",NA,157
"ATQASUK","ATQASUK.AW.RH",2004,"CTL","AWC06",NA,157
"ATQASUK","ATQASUK.AW.RH",2004,"CTL","AWC07",NA,157
"ATQASUK","ATQASUK.AW.RH",2004,"CTL","AWC08",NA,157
"ATQASUK","ATQASUK.AW.RH",2004,"CTL","AWC09",NA,157
"ATQASUK","ATQASUK.AW.RH",2004,"CTL","AWC10",NA,157
"ATQASUK","ATQASUK.AW.RH",2004,"CTL","AWC11",NA,157
"ATQASUK","ATQASUK.AW.RH",2004,"CTL","AWC12",NA,157
"ATQASUK","ATQASUK.AW.RH",2004,"CTL","AWC13",NA,157
"ATQASUK","ATQASUK.AW.RH",2004,"CTL","AWC14",NA,157
"ATQASUK","ATQASUK.AW.RH",2004,"CTL","AWC15",NA,157
"ATQASUK","ATQASUK.AW.RH",2004,"CTL","AWC16",NA,157
"ATQASUK","ATQASUK.AW.RH",2004,"CTL","AWC17",NA,157
"ATQASUK","ATQASUK.AW.RH",2004,"CTL","AWC18",NA,157
"ATQASUK","ATQASUK.AW.RH",2004,"CTL","AWC19",NA,157
"ATQASUK","ATQASUK.AW.RH",2004,"CTL","AWC20",NA,157
"ATQASUK","ATQASUK.AW.RH",2004,"CTL","AWC21",NA,157
"ATQASUK","ATQASUK.AW.RH",2004,"CTL","AWC22",NA,157
"ATQASUK","ATQASUK.AW.RH",2004,"CTL","AWC23",NA,157
"ATQASUK","ATQASUK.AW.RH",2004,"CTL","AWC24",NA,157
"ATQASUK","ATQASUK.AW.RH",2004,"OTC","AWE01",NA,157
"ATQASUK","ATQASUK.AW.RH",2004,"OTC","AWE02",NA,157
"ATQASUK","ATQASUK.AW.RH",2004,"OTC","AWE03",NA,157
"ATQASUK","ATQASUK.AW.RH",2004,"OTC","AWE04",NA,157
"ATQASUK","ATQASUK.AW.RH",2004,"OTC","AWE05",NA,157
"ATQASUK","ATQASUK.AW.RH",2004,"OTC","AWE06",NA,157
"ATQASUK","ATQASUK.AW.RH",2004,"OTC","AWE07",NA,157
"ATQASUK","ATQASUK.AW.RH",2004,"OTC","AWE08",NA,157
"ATQASUK","ATQASUK.AW.RH",2004,"OTC","AWE09",NA,157
"ATQASUK","ATQASUK.AW.RH",2004,"OTC","AWE10",NA,157
"ATQASUK","ATQASUK.AW.RH",2004,"OTC","AWE11",NA,157
"ATQASUK","ATQASUK.AW.RH",2004,"OTC","AWE12",NA,157
"ATQASUK","ATQASUK.AW.RH",2004,"OTC","AWE13",NA,157
"ATQASUK","ATQASUK.AW.RH",2004,"OTC","AWE14",NA,157
"ATQASUK","ATQASUK.AW.RH",2004,"OTC","AWE15",NA,157
"ATQASUK","ATQASUK.AW.RH",2004,"OTC","AWE16",NA,157
"ATQASUK","ATQASUK.AW.RH",2004,"OTC","AWE17",NA,157
"ATQASUK","ATQASUK.AW.RH",2004,"OTC","AWE18",NA,157
"ATQASUK","ATQASUK.AW.RH",2004,"OTC","AWE19",NA,157
"ATQASUK","ATQASUK.AW.RH",2004,"OTC","AWE20",NA,157
"ATQASUK","ATQASUK.AW.RH",2004,"OTC","AWE21",NA,157
"ATQASUK","ATQASUK.AW.RH",2004,"OTC","AWE22",NA,157
"ATQASUK","ATQASUK.AW.RH",2004,"OTC","AWE23",NA,157
"ATQASUK","ATQASUK.AW.RH",2004,"OTC","AWE24",NA,157
"ATQASUK","ATQASUK.AW.RH",1998,"CTL","AWC01",NA,160
"ATQASUK","ATQASUK.AW.RH",1998,"CTL","AWC02",NA,160
"ATQASUK","ATQASUK.AW.RH",1998,"CTL","AWC03",NA,160
"ATQASUK","ATQASUK.AW.RH",1998,"CTL","AWC04",NA,160
"ATQASUK","ATQASUK.AW.RH",1998,"CTL","AWC05",NA,160
"ATQASUK","ATQASUK.AW.RH",1998,"CTL","AWC06",NA,160
"ATQASUK","ATQASUK.AW.RH",1998,"CTL","AWC07",NA,160
"ATQASUK","ATQASUK.AW.RH",1998,"CTL","AWC08",NA,160
"ATQASUK","ATQASUK.AW.RH",1998,"CTL","AWC09",NA,160
"ATQASUK","ATQASUK.AW.RH",1998,"CTL","AWC10",NA,160
"ATQASUK","ATQASUK.AW.RH",1998,"CTL","AWC11",NA,160
"ATQASUK","ATQASUK.AW.RH",1998,"CTL","AWC12",NA,160
"ATQASUK","ATQASUK.AW.RH",1998,"CTL","AWC13",NA,160
"ATQASUK","ATQASUK.AW.RH",1998,"CTL","AWC14",NA,160
"ATQASUK","ATQASUK.AW.RH",1998,"CTL","AWC15",NA,160
"ATQASUK","ATQASUK.AW.RH",1998,"CTL","AWC16",NA,160
"ATQASUK","ATQASUK.AW.RH",1998,"CTL","AWC17",NA,160
"ATQASUK","ATQASUK.AW.RH",1998,"CTL","AWC18",NA,160
"ATQASUK","ATQASUK.AW.RH",1998,"CTL","AWC19",NA,160
"ATQASUK","ATQASUK.AW.RH",1998,"CTL","AWC20",NA,160
"ATQASUK","ATQASUK.AW.RH",1998,"CTL","AWC21",NA,160
"ATQASUK","ATQASUK.AW.RH",1998,"CTL","AWC22",NA,160
"ATQASUK","ATQASUK.AW.RH",1998,"CTL","AWC23",NA,160
"ATQASUK","ATQASUK.AW.RH",1998,"CTL","AWC24",NA,160
"ATQASUK","ATQASUK.AW.RH",1998,"OTC","AWE01",NA,160
"ATQASUK","ATQASUK.AW.RH",1998,"OTC","AWE02",NA,160
"ATQASUK","ATQASUK.AW.RH",1998,"OTC","AWE03",NA,160
"ATQASUK","ATQASUK.AW.RH",1998,"OTC","AWE04",NA,160
"ATQASUK","ATQASUK.AW.RH",1998,"OTC","AWE05",NA,160
"ATQASUK","ATQASUK.AW.RH",1998,"OTC","AWE06",NA,160
"ATQASUK","ATQASUK.AW.RH",1998,"OTC","AWE07",NA,160
"ATQASUK","ATQASUK.AW.RH",1998,"OTC","AWE08",NA,160
"ATQASUK","ATQASUK.AW.RH",1998,"OTC","AWE09",NA,160
"ATQASUK","ATQASUK.AW.RH",1998,"OTC","AWE10",NA,160
"ATQASUK","ATQASUK.AW.RH",1998,"OTC","AWE11",NA,160
"ATQASUK","ATQASUK.AW.RH",1998,"OTC","AWE12",NA,160
"ATQASUK","ATQASUK.AW.RH",1998,"OTC","AWE13",NA,160
"ATQASUK","ATQASUK.AW.RH",1998,"OTC","AWE14",NA,160
"ATQASUK","ATQASUK.AW.RH",1998,"OTC","AWE15",NA,160
"ATQASUK","ATQASUK.AW.RH",1998,"OTC","AWE16",NA,160
"ATQASUK","ATQASUK.AW.RH",1998,"OTC","AWE17",NA,160
"ATQASUK","ATQASUK.AW.RH",1998,"OTC","AWE18",NA,160
"ATQASUK","ATQASUK.AW.RH",1998,"OTC","AWE19",NA,160
"ATQASUK","ATQASUK.AW.RH",1998,"OTC","AWE20",NA,160
"ATQASUK","ATQASUK.AW.RH",1998,"OTC","AWE21",NA,160
"ATQASUK","ATQASUK.AW.RH",1998,"OTC","AWE22",NA,160
"ATQASUK","ATQASUK.AW.RH",1998,"OTC","AWE23",NA,160
"ATQASUK","ATQASUK.AW.RH",1998,"OTC","AWE24",NA,160
"ATQASUK","ATQASUK.AW.RH",2001,"CTL","AWC01",NA,161
"ATQASUK","ATQASUK.AW.RH",2001,"CTL","AWC02",NA,161
"ATQASUK","ATQASUK.AW.RH",2001,"CTL","AWC03",NA,161
"ATQASUK","ATQASUK.AW.RH",2001,"CTL","AWC04",NA,161
"ATQASUK","ATQASUK.AW.RH",2001,"CTL","AWC05",NA,161
"ATQASUK","ATQASUK.AW.RH",2001,"CTL","AWC06",NA,161
"ATQASUK","ATQASUK.AW.RH",2001,"CTL","AWC07",NA,161
"ATQASUK","ATQASUK.AW.RH",2001,"CTL","AWC08",NA,161
"ATQASUK","ATQASUK.AW.RH",2001,"CTL","AWC09",NA,161
"ATQASUK","ATQASUK.AW.RH",2001,"CTL","AWC10",NA,161
"ATQASUK","ATQASUK.AW.RH",2001,"CTL","AWC11",NA,161
"ATQASUK","ATQASUK.AW.RH",2001,"CTL","AWC12",NA,161
"ATQASUK","ATQASUK.AW.RH",2001,"CTL","AWC13",NA,161
"ATQASUK","ATQASUK.AW.RH",2001,"CTL","AWC14",NA,161
"ATQASUK","ATQASUK.AW.RH",2001,"CTL","AWC15",NA,161
"ATQASUK","ATQASUK.AW.RH",2001,"CTL","AWC16",NA,161
"ATQASUK","ATQASUK.AW.RH",2001,"CTL","AWC17",NA,161
"ATQASUK","ATQASUK.AW.RH",2001,"CTL","AWC18",NA,161
"ATQASUK","ATQASUK.AW.RH",2001,"CTL","AWC19",NA,161
"ATQASUK","ATQASUK.AW.RH",2001,"CTL","AWC20",NA,161
"ATQASUK","ATQASUK.AW.RH",2001,"CTL","AWC21",NA,161
"ATQASUK","ATQASUK.AW.RH",2001,"CTL","AWC22",NA,161
"ATQASUK","ATQASUK.AW.RH",2001,"CTL","AWC23",NA,161
"ATQASUK","ATQASUK.AW.RH",2001,"CTL","AWC24",NA,161
"ATQASUK","ATQASUK.AW.RH",2001,"OTC","AWE01",NA,161
"ATQASUK","ATQASUK.AW.RH",2001,"OTC","AWE02",NA,161
"ATQASUK","ATQASUK.AW.RH",2001,"OTC","AWE03",NA,161
"ATQASUK","ATQASUK.AW.RH",2001,"OTC","AWE04",NA,161
"ATQASUK","ATQASUK.AW.RH",2001,"OTC","AWE05",NA,161
"ATQASUK","ATQASUK.AW.RH",2001,"OTC","AWE06",NA,161
"ATQASUK","ATQASUK.AW.RH",2001,"OTC","AWE07",NA,161
"ATQASUK","ATQASUK.AW.RH",2001,"OTC","AWE08",NA,161
"ATQASUK","ATQASUK.AW.RH",2001,"OTC","AWE09",NA,161
"ATQASUK","ATQASUK.AW.RH",2001,"OTC","AWE10",NA,161
"ATQASUK","ATQASUK.AW.RH",2001,"OTC","AWE11",NA,161
"ATQASUK","ATQASUK.AW.RH",2001,"OTC","AWE12",NA,161
"ATQASUK","ATQASUK.AW.RH",2001,"OTC","AWE13",NA,161
"ATQASUK","ATQASUK.AW.RH",2001,"OTC","AWE14",NA,161
"ATQASUK","ATQASUK.AW.RH",2001,"OTC","AWE15",NA,161
"ATQASUK","ATQASUK.AW.RH",2001,"OTC","AWE16",NA,161
"ATQASUK","ATQASUK.AW.RH",2001,"OTC","AWE17",NA,161
"ATQASUK","ATQASUK.AW.RH",2001,"OTC","AWE18",NA,161
"ATQASUK","ATQASUK.AW.RH",2001,"OTC","AWE19",NA,161
"ATQASUK","ATQASUK.AW.RH",2001,"OTC","AWE20",NA,161
"ATQASUK","ATQASUK.AW.RH",2001,"OTC","AWE21",NA,161
"ATQASUK","ATQASUK.AW.RH",2001,"OTC","AWE22",NA,161
"ATQASUK","ATQASUK.AW.RH",2001,"OTC","AWE23",NA,161
"ATQASUK","ATQASUK.AW.RH",2001,"OTC","AWE24",NA,161
"ATQASUK","ATQASUK.AW.RH",2002,"CTL","AWC01",NA,143
"ATQASUK","ATQASUK.AW.RH",2002,"CTL","AWC02",NA,143
"ATQASUK","ATQASUK.AW.RH",2002,"CTL","AWC03",NA,143
"ATQASUK","ATQASUK.AW.RH",2002,"CTL","AWC04",NA,143
"ATQASUK","ATQASUK.AW.RH",2002,"CTL","AWC05",NA,143
"ATQASUK","ATQASUK.AW.RH",2002,"CTL","AWC06",NA,143
"ATQASUK","ATQASUK.AW.RH",2002,"CTL","AWC07",NA,143
"ATQASUK","ATQASUK.AW.RH",2002,"CTL","AWC08",NA,143
"ATQASUK","ATQASUK.AW.RH",2002,"CTL","AWC09",NA,143
"ATQASUK","ATQASUK.AW.RH",2002,"CTL","AWC10",NA,143
"ATQASUK","ATQASUK.AW.RH",2002,"CTL","AWC11",NA,143
"ATQASUK","ATQASUK.AW.RH",2002,"CTL","AWC12",NA,143
"ATQASUK","ATQASUK.AW.RH",2002,"CTL","AWC13",NA,143
"ATQASUK","ATQASUK.AW.RH",2002,"CTL","AWC14",NA,143
"ATQASUK","ATQASUK.AW.RH",2002,"CTL","AWC15",NA,143
"ATQASUK","ATQASUK.AW.RH",2002,"CTL","AWC16",NA,143
"ATQASUK","ATQASUK.AW.RH",2002,"CTL","AWC17",NA,143
"ATQASUK","ATQASUK.AW.RH",2002,"CTL","AWC18",NA,143
"ATQASUK","ATQASUK.AW.RH",2002,"CTL","AWC19",NA,143
"ATQASUK","ATQASUK.AW.RH",2002,"CTL","AWC20",NA,143
"ATQASUK","ATQASUK.AW.RH",2002,"CTL","AWC21",NA,143
"ATQASUK","ATQASUK.AW.RH",2002,"CTL","AWC22",NA,143
"ATQASUK","ATQASUK.AW.RH",2002,"CTL","AWC23",NA,143
"ATQASUK","ATQASUK.AW.RH",2002,"CTL","AWC24",NA,143
"ATQASUK","ATQASUK.AW.RH",2002,"OTC","AWE01",NA,143
"ATQASUK","ATQASUK.AW.RH",2002,"OTC","AWE02",NA,143
"ATQASUK","ATQASUK.AW.RH",2002,"OTC","AWE03",NA,143
"ATQASUK","ATQASUK.AW.RH",2002,"OTC","AWE04",NA,143
"ATQASUK","ATQASUK.AW.RH",2002,"OTC","AWE05",NA,143
"ATQASUK","ATQASUK.AW.RH",2002,"OTC","AWE06",NA,143
"ATQASUK","ATQASUK.AW.RH",2002,"OTC","AWE07",NA,143
"ATQASUK","ATQASUK.AW.RH",2002,"OTC","AWE08",NA,143
"ATQASUK","ATQASUK.AW.RH",2002,"OTC","AWE09",NA,143
"ATQASUK","ATQASUK.AW.RH",2002,"OTC","AWE10",NA,143
"ATQASUK","ATQASUK.AW.RH",2002,"OTC","AWE11",NA,143
"ATQASUK","ATQASUK.AW.RH",2002,"OTC","AWE12",NA,143
"ATQASUK","ATQASUK.AW.RH",2002,"OTC","AWE13",NA,143
"ATQASUK","ATQASUK.AW.RH",2002,"OTC","AWE14",NA,143
"ATQASUK","ATQASUK.AW.RH",2002,"OTC","AWE15",NA,143
"ATQASUK","ATQASUK.AW.RH",2002,"OTC","AWE16",NA,143
"ATQASUK","ATQASUK.AW.RH",2002,"OTC","AWE17",NA,143
"ATQASUK","ATQASUK.AW.RH",2002,"OTC","AWE18",NA,143
"ATQASUK","ATQASUK.AW.RH",2002,"OTC","AWE19",NA,143
"ATQASUK","ATQASUK.AW.RH",2002,"OTC","AWE20",NA,143
"ATQASUK","ATQASUK.AW.RH",2002,"OTC","AWE21",NA,143
"ATQASUK","ATQASUK.AW.RH",2002,"OTC","AWE22",NA,143
"ATQASUK","ATQASUK.AW.RH",2002,"OTC","AWE23",NA,143
"ATQASUK","ATQASUK.AW.RH",2002,"OTC","AWE24",NA,143
"ATQASUK","ATQASUK.AW.RH",2003,"CTL","AWC01",NA,158
"ATQASUK","ATQASUK.AW.RH",2003,"CTL","AWC02",NA,158
"ATQASUK","ATQASUK.AW.RH",2003,"CTL","AWC03",NA,158
"ATQASUK","ATQASUK.AW.RH",2003,"CTL","AWC04",NA,158
"ATQASUK","ATQASUK.AW.RH",2003,"CTL","AWC05",NA,158
"ATQASUK","ATQASUK.AW.RH",2003,"CTL","AWC06",NA,158
"ATQASUK","ATQASUK.AW.RH",2003,"CTL","AWC07",NA,158
"ATQASUK","ATQASUK.AW.RH",2003,"CTL","AWC08",NA,158
"ATQASUK","ATQASUK.AW.RH",2003,"CTL","AWC09",NA,158
"ATQASUK","ATQASUK.AW.RH",2003,"CTL","AWC10",NA,158
"ATQASUK","ATQASUK.AW.RH",2003,"CTL","AWC11",NA,158
"ATQASUK","ATQASUK.AW.RH",2003,"CTL","AWC12",NA,158
"ATQASUK","ATQASUK.AW.RH",2003,"CTL","AWC13",NA,158
"ATQASUK","ATQASUK.AW.RH",2003,"CTL","AWC14",NA,158
"ATQASUK","ATQASUK.AW.RH",2003,"CTL","AWC15",NA,158
"ATQASUK","ATQASUK.AW.RH",2003,"CTL","AWC16",NA,158
"ATQASUK","ATQASUK.AW.RH",2003,"CTL","AWC17",NA,158
"ATQASUK","ATQASUK.AW.RH",2003,"CTL","AWC18",NA,158
"ATQASUK","ATQASUK.AW.RH",2003,"CTL","AWC19",NA,158
"ATQASUK","ATQASUK.AW.RH",2003,"CTL","AWC20",NA,158
"ATQASUK","ATQASUK.AW.RH",2003,"CTL","AWC21",NA,158
"ATQASUK","ATQASUK.AW.RH",2003,"CTL","AWC22",NA,158
"ATQASUK","ATQASUK.AW.RH",2003,"CTL","AWC23",NA,158
"ATQASUK","ATQASUK.AW.RH",2003,"CTL","AWC24",NA,158
"ATQASUK","ATQASUK.AW.RH",2003,"OTC","AWE01",NA,158
"ATQASUK","ATQASUK.AW.RH",2003,"OTC","AWE02",NA,158
"ATQASUK","ATQASUK.AW.RH",2003,"OTC","AWE03",NA,158
"ATQASUK","ATQASUK.AW.RH",2003,"OTC","AWE04",NA,158
"ATQASUK","ATQASUK.AW.RH",2003,"OTC","AWE05",NA,158
"ATQASUK","ATQASUK.AW.RH",2003,"OTC","AWE06",NA,158
"ATQASUK","ATQASUK.AW.RH",2003,"OTC","AWE07",NA,158
"ATQASUK","ATQASUK.AW.RH",2003,"OTC","AWE08",NA,158
"ATQASUK","ATQASUK.AW.RH",2003,"OTC","AWE09",NA,158
"ATQASUK","ATQASUK.AW.RH",2003,"OTC","AWE10",NA,158
"ATQASUK","ATQASUK.AW.RH",2003,"OTC","AWE11",NA,158
"ATQASUK","ATQASUK.AW.RH",2003,"OTC","AWE12",NA,158
"ATQASUK","ATQASUK.AW.RH",2003,"OTC","AWE13",NA,158
"ATQASUK","ATQASUK.AW.RH",2003,"OTC","AWE14",NA,158
"ATQASUK","ATQASUK.AW.RH",2003,"OTC","AWE15",NA,158
"ATQASUK","ATQASUK.AW.RH",2003,"OTC","AWE16",NA,158
"ATQASUK","ATQASUK.AW.RH",2003,"OTC","AWE17",NA,158
"ATQASUK","ATQASUK.AW.RH",2003,"OTC","AWE18",NA,158
"ATQASUK","ATQASUK.AW.RH",2003,"OTC","AWE19",NA,158
"ATQASUK","ATQASUK.AW.RH",2003,"OTC","AWE20",NA,158
"ATQASUK","ATQASUK.AW.RH",2003,"OTC","AWE21",NA,158
"ATQASUK","ATQASUK.AW.RH",2003,"OTC","AWE22",NA,158
"ATQASUK","ATQASUK.AW.RH",2003,"OTC","AWE23",NA,158
"ATQASUK","ATQASUK.AW.RH",2003,"OTC","AWE24",NA,158
"ATQASUK","ATQASUK.AW.RH",2005,"CTL","AWC01",NA,163
"ATQASUK","ATQASUK.AW.RH",2005,"CTL","AWC02",NA,163
"ATQASUK","ATQASUK.AW.RH",2005,"CTL","AWC03",NA,163
"ATQASUK","ATQASUK.AW.RH",2005,"CTL","AWC04",NA,163
"ATQASUK","ATQASUK.AW.RH",2005,"CTL","AWC05",NA,163
"ATQASUK","ATQASUK.AW.RH",2005,"CTL","AWC06",NA,163
"ATQASUK","ATQASUK.AW.RH",2005,"CTL","AWC07",NA,163
"ATQASUK","ATQASUK.AW.RH",2005,"CTL","AWC08",NA,163
"ATQASUK","ATQASUK.AW.RH",2005,"CTL","AWC09",NA,163
"ATQASUK","ATQASUK.AW.RH",2005,"CTL","AWC10",NA,163
"ATQASUK","ATQASUK.AW.RH",2005,"CTL","AWC11",NA,163
"ATQASUK","ATQASUK.AW.RH",2005,"CTL","AWC12",NA,163
"ATQASUK","ATQASUK.AW.RH",2005,"CTL","AWC13",NA,163
"ATQASUK","ATQASUK.AW.RH",2005,"CTL","AWC14",NA,163
"ATQASUK","ATQASUK.AW.RH",2005,"CTL","AWC15",NA,163
"ATQASUK","ATQASUK.AW.RH",2005,"CTL","AWC16",NA,163
"ATQASUK","ATQASUK.AW.RH",2005,"CTL","AWC17",NA,163
"ATQASUK","ATQASUK.AW.RH",2005,"CTL","AWC18",NA,163
"ATQASUK","ATQASUK.AW.RH",2005,"CTL","AWC19",NA,163
"ATQASUK","ATQASUK.AW.RH",2005,"CTL","AWC20",NA,163
"ATQASUK","ATQASUK.AW.RH",2005,"CTL","AWC21",NA,163
"ATQASUK","ATQASUK.AW.RH",2005,"CTL","AWC22",NA,163
"ATQASUK","ATQASUK.AW.RH",2005,"CTL","AWC23",NA,163
"ATQASUK","ATQASUK.AW.RH",2005,"CTL","AWC24",NA,163
"ATQASUK","ATQASUK.AW.RH",2005,"OTC","AWE01",NA,163
"ATQASUK","ATQASUK.AW.RH",2005,"OTC","AWE02",NA,163
"ATQASUK","ATQASUK.AW.RH",2005,"OTC","AWE03",NA,163
"ATQASUK","ATQASUK.AW.RH",2005,"OTC","AWE04",NA,163
"ATQASUK","ATQASUK.AW.RH",2005,"OTC","AWE05",NA,163
"ATQASUK","ATQASUK.AW.RH",2005,"OTC","AWE06",NA,163
"ATQASUK","ATQASUK.AW.RH",2005,"OTC","AWE07",NA,163
"ATQASUK","ATQASUK.AW.RH",2005,"OTC","AWE08",NA,163
"ATQASUK","ATQASUK.AW.RH",2005,"OTC","AWE09",NA,163
"ATQASUK","ATQASUK.AW.RH",2005,"OTC","AWE10",NA,163
"ATQASUK","ATQASUK.AW.RH",2005,"OTC","AWE11",NA,163
"ATQASUK","ATQASUK.AW.RH",2005,"OTC","AWE12",NA,163
"ATQASUK","ATQASUK.AW.RH",2005,"OTC","AWE13",NA,163
"ATQASUK","ATQASUK.AW.RH",2005,"OTC","AWE14",NA,163
"ATQASUK","ATQASUK.AW.RH",2005,"OTC","AWE15",NA,163
"ATQASUK","ATQASUK.AW.RH",2005,"OTC","AWE16",NA,163
"ATQASUK","ATQASUK.AW.RH",2005,"OTC","AWE17",NA,163
"ATQASUK","ATQASUK.AW.RH",2005,"OTC","AWE18",NA,163
"ATQASUK","ATQASUK.AW.RH",2005,"OTC","AWE19",NA,163
"ATQASUK","ATQASUK.AW.RH",2005,"OTC","AWE20",NA,163
"ATQASUK","ATQASUK.AW.RH",2005,"OTC","AWE21",NA,163
"ATQASUK","ATQASUK.AW.RH",2005,"OTC","AWE22",NA,163
"ATQASUK","ATQASUK.AW.RH",2005,"OTC","AWE23",NA,163
"ATQASUK","ATQASUK.AW.RH",2005,"OTC","AWE24",NA,163
"ATQASUK","ATQASUK.AW.RH",2006,"CTL","AWC01",NA,156
"ATQASUK","ATQASUK.AW.RH",2006,"CTL","AWC02",NA,156
"ATQASUK","ATQASUK.AW.RH",2006,"CTL","AWC03",NA,156
"ATQASUK","ATQASUK.AW.RH",2006,"CTL","AWC04",NA,156
"ATQASUK","ATQASUK.AW.RH",2006,"CTL","AWC05",NA,156
"ATQASUK","ATQASUK.AW.RH",2006,"CTL","AWC06",NA,156
"ATQASUK","ATQASUK.AW.RH",2006,"CTL","AWC07",NA,156
"ATQASUK","ATQASUK.AW.RH",2006,"CTL","AWC08",NA,156
"ATQASUK","ATQASUK.AW.RH",2006,"CTL","AWC09",NA,156
"ATQASUK","ATQASUK.AW.RH",2006,"CTL","AWC10",NA,156
"ATQASUK","ATQASUK.AW.RH",2006,"CTL","AWC11",NA,156
"ATQASUK","ATQASUK.AW.RH",2006,"CTL","AWC12",NA,156
"ATQASUK","ATQASUK.AW.RH",2006,"CTL","AWC13",NA,156
"ATQASUK","ATQASUK.AW.RH",2006,"CTL","AWC14",NA,156
"ATQASUK","ATQASUK.AW.RH",2006,"CTL","AWC15",NA,156
"ATQASUK","ATQASUK.AW.RH",2006,"CTL","AWC16",NA,156
"ATQASUK","ATQASUK.AW.RH",2006,"CTL","AWC17",NA,156
"ATQASUK","ATQASUK.AW.RH",2006,"CTL","AWC18",NA,156
"ATQASUK","ATQASUK.AW.RH",2006,"CTL","AWC19",NA,156
"ATQASUK","ATQASUK.AW.RH",2006,"CTL","AWC20",NA,156
"ATQASUK","ATQASUK.AW.RH",2006,"CTL","AWC21",NA,156
"ATQASUK","ATQASUK.AW.RH",2006,"CTL","AWC22",NA,156
"ATQASUK","ATQASUK.AW.RH",2006,"CTL","AWC23",NA,156
"ATQASUK","ATQASUK.AW.RH",2006,"CTL","AWC24",NA,156
"ATQASUK","ATQASUK.AW.RH",2006,"OTC","AWE01",NA,156
"ATQASUK","ATQASUK.AW.RH",2006,"OTC","AWE02",NA,156
"ATQASUK","ATQASUK.AW.RH",2006,"OTC","AWE03",NA,156
"ATQASUK","ATQASUK.AW.RH",2006,"OTC","AWE04",NA,156
"ATQASUK","ATQASUK.AW.RH",2006,"OTC","AWE05",NA,156
"ATQASUK","ATQASUK.AW.RH",2006,"OTC","AWE06",NA,156
"ATQASUK","ATQASUK.AW.RH",2006,"OTC","AWE07",NA,156
"ATQASUK","ATQASUK.AW.RH",2006,"OTC","AWE08",NA,156
"ATQASUK","ATQASUK.AW.RH",2006,"OTC","AWE09",NA,156
"ATQASUK","ATQASUK.AW.RH",2006,"OTC","AWE10",NA,156
"ATQASUK","ATQASUK.AW.RH",2006,"OTC","AWE11",NA,156
"ATQASUK","ATQASUK.AW.RH",2006,"OTC","AWE12",NA,156
"ATQASUK","ATQASUK.AW.RH",2006,"OTC","AWE13",NA,156
"ATQASUK","ATQASUK.AW.RH",2006,"OTC","AWE14",NA,156
"ATQASUK","ATQASUK.AW.RH",2006,"OTC","AWE15",NA,156
"ATQASUK","ATQASUK.AW.RH",2006,"OTC","AWE16",NA,156
"ATQASUK","ATQASUK.AW.RH",2006,"OTC","AWE17",NA,156
"ATQASUK","ATQASUK.AW.RH",2006,"OTC","AWE18",NA,156
"ATQASUK","ATQASUK.AW.RH",2006,"OTC","AWE19",NA,156
"ATQASUK","ATQASUK.AW.RH",2006,"OTC","AWE20",NA,156
"ATQASUK","ATQASUK.AW.RH",2006,"OTC","AWE21",NA,156
"ATQASUK","ATQASUK.AW.RH",2006,"OTC","AWE22",NA,156
"ATQASUK","ATQASUK.AW.RH",2006,"OTC","AWE23",NA,156
"ATQASUK","ATQASUK.AW.RH",2006,"OTC","AWE24",NA,156
"ATQASUK","ATQASUK.AW.RH",2007,"CTL","AWC01",NA,154
"ATQASUK","ATQASUK.AW.RH",2007,"CTL","AWC02",NA,154
"ATQASUK","ATQASUK.AW.RH",2007,"CTL","AWC03",NA,154
"ATQASUK","ATQASUK.AW.RH",2007,"CTL","AWC04",NA,154
"ATQASUK","ATQASUK.AW.RH",2007,"CTL","AWC05",NA,154
"ATQASUK","ATQASUK.AW.RH",2007,"CTL","AWC06",NA,154
"ATQASUK","ATQASUK.AW.RH",2007,"CTL","AWC07",NA,154
"ATQASUK","ATQASUK.AW.RH",2007,"CTL","AWC08",NA,154
"ATQASUK","ATQASUK.AW.RH",2007,"CTL","AWC09",NA,154
"ATQASUK","ATQASUK.AW.RH",2007,"CTL","AWC10",NA,154
"ATQASUK","ATQASUK.AW.RH",2007,"CTL","AWC11",NA,154
"ATQASUK","ATQASUK.AW.RH",2007,"CTL","AWC12",NA,154
"ATQASUK","ATQASUK.AW.RH",2007,"CTL","AWC13",NA,154
"ATQASUK","ATQASUK.AW.RH",2007,"CTL","AWC14",NA,154
"ATQASUK","ATQASUK.AW.RH",2007,"CTL","AWC15",NA,154
"ATQASUK","ATQASUK.AW.RH",2007,"CTL","AWC16",NA,154
"ATQASUK","ATQASUK.AW.RH",2007,"CTL","AWC17",NA,154
"ATQASUK","ATQASUK.AW.RH",2007,"CTL","AWC18",NA,154
"ATQASUK","ATQASUK.AW.RH",2007,"CTL","AWC19",NA,154
"ATQASUK","ATQASUK.AW.RH",2007,"CTL","AWC20",NA,154
"ATQASUK","ATQASUK.AW.RH",2007,"CTL","AWC21",NA,154
"ATQASUK","ATQASUK.AW.RH",2007,"CTL","AWC22",NA,154
"ATQASUK","ATQASUK.AW.RH",2007,"CTL","AWC23",NA,154
"ATQASUK","ATQASUK.AW.RH",2007,"CTL","AWC24",NA,154
"ATQASUK","ATQASUK.AW.RH",2007,"OTC","AWE01",NA,154
"ATQASUK","ATQASUK.AW.RH",2007,"OTC","AWE02",NA,154
"ATQASUK","ATQASUK.AW.RH",2007,"OTC","AWE03",NA,154
"ATQASUK","ATQASUK.AW.RH",2007,"OTC","AWE04",NA,154
"ATQASUK","ATQASUK.AW.RH",2007,"OTC","AWE05",NA,154
"ATQASUK","ATQASUK.AW.RH",2007,"OTC","AWE06",NA,154
"ATQASUK","ATQASUK.AW.RH",2007,"OTC","AWE07",NA,154
"ATQASUK","ATQASUK.AW.RH",2007,"OTC","AWE08",NA,154
"ATQASUK","ATQASUK.AW.RH",2007,"OTC","AWE09",NA,154
"ATQASUK","ATQASUK.AW.RH",2007,"OTC","AWE10",NA,154
"ATQASUK","ATQASUK.AW.RH",2007,"OTC","AWE11",NA,154
"ATQASUK","ATQASUK.AW.RH",2007,"OTC","AWE12",NA,154
"ATQASUK","ATQASUK.AW.RH",2007,"OTC","AWE13",NA,154
"ATQASUK","ATQASUK.AW.RH",2007,"OTC","AWE14",NA,154
"ATQASUK","ATQASUK.AW.RH",2007,"OTC","AWE15",NA,154
"ATQASUK","ATQASUK.AW.RH",2007,"OTC","AWE16",NA,154
"ATQASUK","ATQASUK.AW.RH",2007,"OTC","AWE17",NA,154
"ATQASUK","ATQASUK.AW.RH",2007,"OTC","AWE18",NA,154
"ATQASUK","ATQASUK.AW.RH",2007,"OTC","AWE19",NA,154
"ATQASUK","ATQASUK.AW.RH",2007,"OTC","AWE20",NA,154
"ATQASUK","ATQASUK.AW.RH",2007,"OTC","AWE21",NA,154
"ATQASUK","ATQASUK.AW.RH",2007,"OTC","AWE22",NA,154
"ATQASUK","ATQASUK.AW.RH",2007,"OTC","AWE23",NA,154
"ATQASUK","ATQASUK.AW.RH",2007,"OTC","AWE24",NA,154
"ATQASUK","ATQASUK.AW.RH",2009,"CTL","AWC01",NA,146
"ATQASUK","ATQASUK.AW.RH",2009,"CTL","AWC02",NA,146
"ATQASUK","ATQASUK.AW.RH",2009,"CTL","AWC03",NA,146
"ATQASUK","ATQASUK.AW.RH",2009,"CTL","AWC04",NA,146
"ATQASUK","ATQASUK.AW.RH",2009,"CTL","AWC05",NA,146
"ATQASUK","ATQASUK.AW.RH",2009,"CTL","AWC06",NA,146
"ATQASUK","ATQASUK.AW.RH",2009,"CTL","AWC07",NA,146
"ATQASUK","ATQASUK.AW.RH",2009,"CTL","AWC08",NA,146
"ATQASUK","ATQASUK.AW.RH",2009,"CTL","AWC09",NA,146
"ATQASUK","ATQASUK.AW.RH",2009,"CTL","AWC10",NA,146
"ATQASUK","ATQASUK.AW.RH",2009,"CTL","AWC11",NA,146
"ATQASUK","ATQASUK.AW.RH",2009,"CTL","AWC12",NA,146
"ATQASUK","ATQASUK.AW.RH",2009,"CTL","AWC13",NA,146
"ATQASUK","ATQASUK.AW.RH",2009,"CTL","AWC14",NA,146
"ATQASUK","ATQASUK.AW.RH",2009,"CTL","AWC15",NA,146
"ATQASUK","ATQASUK.AW.RH",2009,"CTL","AWC16",NA,146
"ATQASUK","ATQASUK.AW.RH",2009,"CTL","AWC17",NA,146
"ATQASUK","ATQASUK.AW.RH",2009,"CTL","AWC18",NA,146
"ATQASUK","ATQASUK.AW.RH",2009,"CTL","AWC19",NA,146
"ATQASUK","ATQASUK.AW.RH",2009,"CTL","AWC20",NA,146
"ATQASUK","ATQASUK.AW.RH",2009,"CTL","AWC21",NA,146
"ATQASUK","ATQASUK.AW.RH",2009,"CTL","AWC22",NA,146
"ATQASUK","ATQASUK.AW.RH",2009,"CTL","AWC23",NA,146
"ATQASUK","ATQASUK.AW.RH",2009,"CTL","AWC24",NA,146
"ATQASUK","ATQASUK.AW.RH",2009,"OTC","AWE01",NA,146
"ATQASUK","ATQASUK.AW.RH",2009,"OTC","AWE02",NA,146
"ATQASUK","ATQASUK.AW.RH",2009,"OTC","AWE03",NA,146
"ATQASUK","ATQASUK.AW.RH",2009,"OTC","AWE04",NA,146
"ATQASUK","ATQASUK.AW.RH",2009,"OTC","AWE05",NA,146
"ATQASUK","ATQASUK.AW.RH",2009,"OTC","AWE06",NA,146
"ATQASUK","ATQASUK.AW.RH",2009,"OTC","AWE07",NA,146
"ATQASUK","ATQASUK.AW.RH",2009,"OTC","AWE08",NA,146
"ATQASUK","ATQASUK.AW.RH",2009,"OTC","AWE09",NA,146
"ATQASUK","ATQASUK.AW.RH",2009,"OTC","AWE10",NA,146
"ATQASUK","ATQASUK.AW.RH",2009,"OTC","AWE11",NA,146
"ATQASUK","ATQASUK.AW.RH",2009,"OTC","AWE12",NA,146
"ATQASUK","ATQASUK.AW.RH",2009,"OTC","AWE13",NA,146
"ATQASUK","ATQASUK.AW.RH",2009,"OTC","AWE14",NA,146
"ATQASUK","ATQASUK.AW.RH",2009,"OTC","AWE15",NA,146
"ATQASUK","ATQASUK.AW.RH",2009,"OTC","AWE16",NA,146
"ATQASUK","ATQASUK.AW.RH",2009,"OTC","AWE17",NA,146
"ATQASUK","ATQASUK.AW.RH",2009,"OTC","AWE18",NA,146
"ATQASUK","ATQASUK.AW.RH",2009,"OTC","AWE19",NA,146
"ATQASUK","ATQASUK.AW.RH",2009,"OTC","AWE20",NA,146
"ATQASUK","ATQASUK.AW.RH",2009,"OTC","AWE21",NA,146
"ATQASUK","ATQASUK.AW.RH",2009,"OTC","AWE22",NA,146
"ATQASUK","ATQASUK.AW.RH",2009,"OTC","AWE23",NA,146
"ATQASUK","ATQASUK.AW.RH",2009,"OTC","AWE24",NA,146
"ATQASUK","ATQASUK.AW.RH",2010,"CTL","AWC01",NA,162
"ATQASUK","ATQASUK.AW.RH",2010,"CTL","AWC02",NA,162
"ATQASUK","ATQASUK.AW.RH",2010,"CTL","AWC03",NA,162
"ATQASUK","ATQASUK.AW.RH",2010,"CTL","AWC04",NA,162
"ATQASUK","ATQASUK.AW.RH",2010,"CTL","AWC05",NA,162
"ATQASUK","ATQASUK.AW.RH",2010,"CTL","AWC06",NA,162
"ATQASUK","ATQASUK.AW.RH",2010,"CTL","AWC07",NA,162
"ATQASUK","ATQASUK.AW.RH",2010,"CTL","AWC08",NA,162
"ATQASUK","ATQASUK.AW.RH",2010,"CTL","AWC09",NA,162
"ATQASUK","ATQASUK.AW.RH",2010,"CTL","AWC10",NA,162
"ATQASUK","ATQASUK.AW.RH",2010,"CTL","AWC11",NA,162
"ATQASUK","ATQASUK.AW.RH",2010,"CTL","AWC12",NA,162
"ATQASUK","ATQASUK.AW.RH",2010,"CTL","AWC13",NA,162
"ATQASUK","ATQASUK.AW.RH",2010,"CTL","AWC14",NA,162
"ATQASUK","ATQASUK.AW.RH",2010,"CTL","AWC15",NA,162
"ATQASUK","ATQASUK.AW.RH",2010,"CTL","AWC16",NA,162
"ATQASUK","ATQASUK.AW.RH",2010,"CTL","AWC17",NA,162
"ATQASUK","ATQASUK.AW.RH",2010,"CTL","AWC18",NA,162
"ATQASUK","ATQASUK.AW.RH",2010,"CTL","AWC19",NA,162
"ATQASUK","ATQASUK.AW.RH",2010,"CTL","AWC20",NA,162
"ATQASUK","ATQASUK.AW.RH",2010,"CTL","AWC21",NA,162
"ATQASUK","ATQASUK.AW.RH",2010,"CTL","AWC22",NA,162
"ATQASUK","ATQASUK.AW.RH",2010,"CTL","AWC23",NA,162
"ATQASUK","ATQASUK.AW.RH",2010,"CTL","AWC24",NA,162
"ATQASUK","ATQASUK.AW.RH",2010,"OTC","AWE01",NA,162
"ATQASUK","ATQASUK.AW.RH",2010,"OTC","AWE02",NA,162
"ATQASUK","ATQASUK.AW.RH",2010,"OTC","AWE03",NA,162
"ATQASUK","ATQASUK.AW.RH",2010,"OTC","AWE04",NA,162
"ATQASUK","ATQASUK.AW.RH",2010,"OTC","AWE05",NA,162
"ATQASUK","ATQASUK.AW.RH",2010,"OTC","AWE06",NA,162
"ATQASUK","ATQASUK.AW.RH",2010,"OTC","AWE07",NA,162
"ATQASUK","ATQASUK.AW.RH",2010,"OTC","AWE08",NA,162
"ATQASUK","ATQASUK.AW.RH",2010,"OTC","AWE09",NA,162
"ATQASUK","ATQASUK.AW.RH",2010,"OTC","AWE10",NA,162
"ATQASUK","ATQASUK.AW.RH",2010,"OTC","AWE11",NA,162
"ATQASUK","ATQASUK.AW.RH",2010,"OTC","AWE12",NA,162
"ATQASUK","ATQASUK.AW.RH",2010,"OTC","AWE13",NA,162
"ATQASUK","ATQASUK.AW.RH",2010,"OTC","AWE14",NA,162
"ATQASUK","ATQASUK.AW.RH",2010,"OTC","AWE15",NA,162
"ATQASUK","ATQASUK.AW.RH",2010,"OTC","AWE16",NA,162
"ATQASUK","ATQASUK.AW.RH",2010,"OTC","AWE17",NA,162
"ATQASUK","ATQASUK.AW.RH",2010,"OTC","AWE18",NA,162
"ATQASUK","ATQASUK.AW.RH",2010,"OTC","AWE19",NA,162
"ATQASUK","ATQASUK.AW.RH",2010,"OTC","AWE20",NA,162
"ATQASUK","ATQASUK.AW.RH",2010,"OTC","AWE21",NA,162
"ATQASUK","ATQASUK.AW.RH",2010,"OTC","AWE22",NA,162
"ATQASUK","ATQASUK.AW.RH",2010,"OTC","AWE23",NA,162
"ATQASUK","ATQASUK.AW.RH",2010,"OTC","AWE24",NA,162
"ATQASUK","ATQASUK.AW.RH",2011,"CTL","AWC01",NA,150
"ATQASUK","ATQASUK.AW.RH",2011,"CTL","AWC02",NA,150
"ATQASUK","ATQASUK.AW.RH",2011,"CTL","AWC03",NA,150
"ATQASUK","ATQASUK.AW.RH",2011,"CTL","AWC04",NA,150
"ATQASUK","ATQASUK.AW.RH",2011,"CTL","AWC05",NA,150
"ATQASUK","ATQASUK.AW.RH",2011,"CTL","AWC06",NA,150
"ATQASUK","ATQASUK.AW.RH",2011,"CTL","AWC07",NA,150
"ATQASUK","ATQASUK.AW.RH",2011,"CTL","AWC08",NA,150
"ATQASUK","ATQASUK.AW.RH",2011,"CTL","AWC09",NA,150
"ATQASUK","ATQASUK.AW.RH",2011,"CTL","AWC10",NA,150
"ATQASUK","ATQASUK.AW.RH",2011,"CTL","AWC11",NA,150
"ATQASUK","ATQASUK.AW.RH",2011,"CTL","AWC12",NA,150
"ATQASUK","ATQASUK.AW.RH",2011,"CTL","AWC13",NA,150
"ATQASUK","ATQASUK.AW.RH",2011,"CTL","AWC14",NA,150
"ATQASUK","ATQASUK.AW.RH",2011,"CTL","AWC15",NA,150
"ATQASUK","ATQASUK.AW.RH",2011,"CTL","AWC16",NA,150
"ATQASUK","ATQASUK.AW.RH",2011,"CTL","AWC17",NA,150
"ATQASUK","ATQASUK.AW.RH",2011,"CTL","AWC18",NA,150
"ATQASUK","ATQASUK.AW.RH",2011,"CTL","AWC19",NA,150
"ATQASUK","ATQASUK.AW.RH",2011,"CTL","AWC20",NA,150
"ATQASUK","ATQASUK.AW.RH",2011,"CTL","AWC21",NA,150
"ATQASUK","ATQASUK.AW.RH",2011,"CTL","AWC22",NA,150
"ATQASUK","ATQASUK.AW.RH",2011,"CTL","AWC23",NA,150
"ATQASUK","ATQASUK.AW.RH",2011,"CTL","AWC24",NA,150
"ATQASUK","ATQASUK.AW.RH",2011,"OTC","AWE01",NA,150
"ATQASUK","ATQASUK.AW.RH",2011,"OTC","AWE02",NA,150
"ATQASUK","ATQASUK.AW.RH",2011,"OTC","AWE03",NA,150
"ATQASUK","ATQASUK.AW.RH",2011,"OTC","AWE04",NA,150
"ATQASUK","ATQASUK.AW.RH",2011,"OTC","AWE05",NA,150
"ATQASUK","ATQASUK.AW.RH",2011,"OTC","AWE06",NA,150
"ATQASUK","ATQASUK.AW.RH",2011,"OTC","AWE07",NA,150
"ATQASUK","ATQASUK.AW.RH",2011,"OTC","AWE08",NA,150
"ATQASUK","ATQASUK.AW.RH",2011,"OTC","AWE09",NA,150
"ATQASUK","ATQASUK.AW.RH",2011,"OTC","AWE10",NA,150
"ATQASUK","ATQASUK.AW.RH",2011,"OTC","AWE11",NA,150
"ATQASUK","ATQASUK.AW.RH",2011,"OTC","AWE12",NA,150
"ATQASUK","ATQASUK.AW.RH",2011,"OTC","AWE13",NA,150
"ATQASUK","ATQASUK.AW.RH",2011,"OTC","AWE14",NA,150
"ATQASUK","ATQASUK.AW.RH",2011,"OTC","AWE15",NA,150
"ATQASUK","ATQASUK.AW.RH",2011,"OTC","AWE16",NA,150
"ATQASUK","ATQASUK.AW.RH",2011,"OTC","AWE17",NA,150
"ATQASUK","ATQASUK.AW.RH",2011,"OTC","AWE18",NA,150
"ATQASUK","ATQASUK.AW.RH",2011,"OTC","AWE19",NA,150
"ATQASUK","ATQASUK.AW.RH",2011,"OTC","AWE20",NA,150
"ATQASUK","ATQASUK.AW.RH",2011,"OTC","AWE21",NA,150
"ATQASUK","ATQASUK.AW.RH",2011,"OTC","AWE22",NA,150
"ATQASUK","ATQASUK.AW.RH",2011,"OTC","AWE23",NA,150
"ATQASUK","ATQASUK.AW.RH",2011,"OTC","AWE24",NA,150
"ATQASUK","ATQASUK.AW.RH",2008,"CTL","AWC01",NA,155
"ATQASUK","ATQASUK.AW.RH",2008,"CTL","AWC02",NA,155
"ATQASUK","ATQASUK.AW.RH",2008,"CTL","AWC03",NA,155
"ATQASUK","ATQASUK.AW.RH",2008,"CTL","AWC04",NA,155
"ATQASUK","ATQASUK.AW.RH",2008,"CTL","AWC05",NA,155
"ATQASUK","ATQASUK.AW.RH",2008,"CTL","AWC06",NA,155
"ATQASUK","ATQASUK.AW.RH",2008,"CTL","AWC07",NA,155
"ATQASUK","ATQASUK.AW.RH",2008,"CTL","AWC08",NA,155
"ATQASUK","ATQASUK.AW.RH",2008,"CTL","AWC09",NA,155
"ATQASUK","ATQASUK.AW.RH",2008,"CTL","AWC10",NA,155
"ATQASUK","ATQASUK.AW.RH",2008,"CTL","AWC11",NA,155
"ATQASUK","ATQASUK.AW.RH",2008,"CTL","AWC12",NA,155
"ATQASUK","ATQASUK.AW.RH",2008,"CTL","AWC13",NA,155
"ATQASUK","ATQASUK.AW.RH",2008,"CTL","AWC14",NA,155
"ATQASUK","ATQASUK.AW.RH",2008,"CTL","AWC15",NA,155
"ATQASUK","ATQASUK.AW.RH",2008,"CTL","AWC16",NA,155
"ATQASUK","ATQASUK.AW.RH",2008,"CTL","AWC17",NA,155
"ATQASUK","ATQASUK.AW.RH",2008,"CTL","AWC18",NA,155
"ATQASUK","ATQASUK.AW.RH",2008,"CTL","AWC19",NA,155
"ATQASUK","ATQASUK.AW.RH",2008,"CTL","AWC20",NA,155
"ATQASUK","ATQASUK.AW.RH",2008,"CTL","AWC21",NA,155
"ATQASUK","ATQASUK.AW.RH",2008,"CTL","AWC22",NA,155
"ATQASUK","ATQASUK.AW.RH",2008,"CTL","AWC23",NA,155
"ATQASUK","ATQASUK.AW.RH",2008,"CTL","AWC24",NA,155
"ATQASUK","ATQASUK.AW.RH",2008,"OTC","AWE01",NA,155
"ATQASUK","ATQASUK.AW.RH",2008,"OTC","AWE02",NA,155
"ATQASUK","ATQASUK.AW.RH",2008,"OTC","AWE03",NA,155
"ATQASUK","ATQASUK.AW.RH",2008,"OTC","AWE04",NA,155
"ATQASUK","ATQASUK.AW.RH",2008,"OTC","AWE05",NA,155
"ATQASUK","ATQASUK.AW.RH",2008,"OTC","AWE06",NA,155
"ATQASUK","ATQASUK.AW.RH",2008,"OTC","AWE07",NA,155
"ATQASUK","ATQASUK.AW.RH",2008,"OTC","AWE08",NA,155
"ATQASUK","ATQASUK.AW.RH",2008,"OTC","AWE09",NA,155
"ATQASUK","ATQASUK.AW.RH",2008,"OTC","AWE10",NA,155
"ATQASUK","ATQASUK.AW.RH",2008,"OTC","AWE11",NA,155
"ATQASUK","ATQASUK.AW.RH",2008,"OTC","AWE12",NA,155
"ATQASUK","ATQASUK.AW.RH",2008,"OTC","AWE13",NA,155
"ATQASUK","ATQASUK.AW.RH",2008,"OTC","AWE14",NA,155
"ATQASUK","ATQASUK.AW.RH",2008,"OTC","AWE15",NA,155
"ATQASUK","ATQASUK.AW.RH",2008,"OTC","AWE16",NA,155
"ATQASUK","ATQASUK.AW.RH",2008,"OTC","AWE17",NA,155
"ATQASUK","ATQASUK.AW.RH",2008,"OTC","AWE18",NA,155
"ATQASUK","ATQASUK.AW.RH",2008,"OTC","AWE19",NA,155
"ATQASUK","ATQASUK.AW.RH",2008,"OTC","AWE20",NA,155
"ATQASUK","ATQASUK.AW.RH",2008,"OTC","AWE21",NA,155
"ATQASUK","ATQASUK.AW.RH",2008,"OTC","AWE22",NA,155
"ATQASUK","ATQASUK.AW.RH",2008,"OTC","AWE23",NA,155
"ATQASUK","ATQASUK.AW.RH",2008,"OTC","AWE24",NA,155
"ATQASUK","ATQASUK.AW.RH",2012,"CTL","AWC01",NA,157
"ATQASUK","ATQASUK.AW.RH",2012,"CTL","AWC02",NA,157
"ATQASUK","ATQASUK.AW.RH",2012,"CTL","AWC03",NA,157
"ATQASUK","ATQASUK.AW.RH",2012,"CTL","AWC04",NA,157
"ATQASUK","ATQASUK.AW.RH",2012,"CTL","AWC05",NA,157
"ATQASUK","ATQASUK.AW.RH",2012,"CTL","AWC06",NA,157
"ATQASUK","ATQASUK.AW.RH",2012,"CTL","AWC07",NA,157
"ATQASUK","ATQASUK.AW.RH",2012,"CTL","AWC08",NA,157
"ATQASUK","ATQASUK.AW.RH",2012,"CTL","AWC09",NA,157
"ATQASUK","ATQASUK.AW.RH",2012,"CTL","AWC10",NA,157
"ATQASUK","ATQASUK.AW.RH",2012,"CTL","AWC11",NA,157
"ATQASUK","ATQASUK.AW.RH",2012,"CTL","AWC12",NA,157
"ATQASUK","ATQASUK.AW.RH",2012,"CTL","AWC13",NA,157
"ATQASUK","ATQASUK.AW.RH",2012,"CTL","AWC14",NA,157
"ATQASUK","ATQASUK.AW.RH",2012,"CTL","AWC15",NA,157
"ATQASUK","ATQASUK.AW.RH",2012,"CTL","AWC16",NA,157
"ATQASUK","ATQASUK.AW.RH",2012,"CTL","AWC17",NA,157
"ATQASUK","ATQASUK.AW.RH",2012,"CTL","AWC18",NA,157
"ATQASUK","ATQASUK.AW.RH",2012,"CTL","AWC19",NA,157
"ATQASUK","ATQASUK.AW.RH",2012,"CTL","AWC20",NA,157
"ATQASUK","ATQASUK.AW.RH",2012,"CTL","AWC21",NA,157
"ATQASUK","ATQASUK.AW.RH",2012,"CTL","AWC22",NA,157
"ATQASUK","ATQASUK.AW.RH",2012,"CTL","AWC23",NA,157
"ATQASUK","ATQASUK.AW.RH",2012,"CTL","AWC24",NA,157
"ATQASUK","ATQASUK.AW.RH",2012,"OTC","AWE01",NA,157
"ATQASUK","ATQASUK.AW.RH",2012,"OTC","AWE02",NA,157
"ATQASUK","ATQASUK.AW.RH",2012,"OTC","AWE03",NA,157
"ATQASUK","ATQASUK.AW.RH",2012,"OTC","AWE04",NA,157
"ATQASUK","ATQASUK.AW.RH",2012,"OTC","AWE05",NA,157
"ATQASUK","ATQASUK.AW.RH",2012,"OTC","AWE06",NA,157
"ATQASUK","ATQASUK.AW.RH",2012,"OTC","AWE07",NA,157
"ATQASUK","ATQASUK.AW.RH",2012,"OTC","AWE08",NA,157
"ATQASUK","ATQASUK.AW.RH",2012,"OTC","AWE09",NA,157
"ATQASUK","ATQASUK.AW.RH",2012,"OTC","AWE10",NA,157
"ATQASUK","ATQASUK.AW.RH",2012,"OTC","AWE11",NA,157
"ATQASUK","ATQASUK.AW.RH",2012,"OTC","AWE12",NA,157
"ATQASUK","ATQASUK.AW.RH",2012,"OTC","AWE13",NA,157
"ATQASUK","ATQASUK.AW.RH",2012,"OTC","AWE14",NA,157
"ATQASUK","ATQASUK.AW.RH",2012,"OTC","AWE15",NA,157
"ATQASUK","ATQASUK.AW.RH",2012,"OTC","AWE16",NA,157
"ATQASUK","ATQASUK.AW.RH",2012,"OTC","AWE17",NA,157
"ATQASUK","ATQASUK.AW.RH",2012,"OTC","AWE18",NA,157
"ATQASUK","ATQASUK.AW.RH",2012,"OTC","AWE19",NA,157
"ATQASUK","ATQASUK.AW.RH",2012,"OTC","AWE20",NA,157
"ATQASUK","ATQASUK.AW.RH",2012,"OTC","AWE21",NA,157
"ATQASUK","ATQASUK.AW.RH",2012,"OTC","AWE22",NA,157
"ATQASUK","ATQASUK.AW.RH",2012,"OTC","AWE23",NA,157
"ATQASUK","ATQASUK.AW.RH",2012,"OTC","AWE24",NA,157
"ATQASUK","ATQASUK.AW.RH",2015,"CTL","AWC01",NA,144
"ATQASUK","ATQASUK.AW.RH",2015,"CTL","AWC02",NA,144
"ATQASUK","ATQASUK.AW.RH",2015,"CTL","AWC03",NA,144
"ATQASUK","ATQASUK.AW.RH",2015,"CTL","AWC04",NA,144
"ATQASUK","ATQASUK.AW.RH",2015,"CTL","AWC05",NA,144
"ATQASUK","ATQASUK.AW.RH",2015,"CTL","AWC06",NA,144
"ATQASUK","ATQASUK.AW.RH",2015,"CTL","AWC07",NA,144
"ATQASUK","ATQASUK.AW.RH",2015,"CTL","AWC08",NA,144
"ATQASUK","ATQASUK.AW.RH",2015,"CTL","AWC09",NA,144
"ATQASUK","ATQASUK.AW.RH",2015,"CTL","AWC10",NA,144
"ATQASUK","ATQASUK.AW.RH",2015,"CTL","AWC11",NA,144
"ATQASUK","ATQASUK.AW.RH",2015,"CTL","AWC12",NA,144
"ATQASUK","ATQASUK.AW.RH",2015,"CTL","AWC13",NA,144
"ATQASUK","ATQASUK.AW.RH",2015,"CTL","AWC14",NA,144
"ATQASUK","ATQASUK.AW.RH",2015,"CTL","AWC15",NA,144
"ATQASUK","ATQASUK.AW.RH",2015,"CTL","AWC16",NA,144
"ATQASUK","ATQASUK.AW.RH",2015,"CTL","AWC17",NA,144
"ATQASUK","ATQASUK.AW.RH",2015,"CTL","AWC18",NA,144
"ATQASUK","ATQASUK.AW.RH",2015,"CTL","AWC19",NA,144
"ATQASUK","ATQASUK.AW.RH",2015,"CTL","AWC20",NA,144
"ATQASUK","ATQASUK.AW.RH",2015,"CTL","AWC21",NA,144
"ATQASUK","ATQASUK.AW.RH",2015,"CTL","AWC22",NA,144
"ATQASUK","ATQASUK.AW.RH",2015,"CTL","AWC23",NA,144
"ATQASUK","ATQASUK.AW.RH",2015,"CTL","AWC24",NA,144
"ATQASUK","ATQASUK.AW.RH",2015,"OTC","AWE01",NA,144
"ATQASUK","ATQASUK.AW.RH",2015,"OTC","AWE02",NA,144
"ATQASUK","ATQASUK.AW.RH",2015,"OTC","AWE03",NA,144
"ATQASUK","ATQASUK.AW.RH",2015,"OTC","AWE04",NA,144
"ATQASUK","ATQASUK.AW.RH",2015,"OTC","AWE05",NA,144
"ATQASUK","ATQASUK.AW.RH",2015,"OTC","AWE06",NA,144
"ATQASUK","ATQASUK.AW.RH",2015,"OTC","AWE07",NA,144
"ATQASUK","ATQASUK.AW.RH",2015,"OTC","AWE08",NA,144
"ATQASUK","ATQASUK.AW.RH",2015,"OTC","AWE09",NA,144
"ATQASUK","ATQASUK.AW.RH",2015,"OTC","AWE10",NA,144
"ATQASUK","ATQASUK.AW.RH",2015,"OTC","AWE11",NA,144
"ATQASUK","ATQASUK.AW.RH",2015,"OTC","AWE12",NA,144
"ATQASUK","ATQASUK.AW.RH",2015,"OTC","AWE13",NA,144
"ATQASUK","ATQASUK.AW.RH",2015,"OTC","AWE14",NA,144
"ATQASUK","ATQASUK.AW.RH",2015,"OTC","AWE15",NA,144
"ATQASUK","ATQASUK.AW.RH",2015,"OTC","AWE16",NA,144
"ATQASUK","ATQASUK.AW.RH",2015,"OTC","AWE17",NA,144
"ATQASUK","ATQASUK.AW.RH",2015,"OTC","AWE18",NA,144
"ATQASUK","ATQASUK.AW.RH",2015,"OTC","AWE19",NA,144
"ATQASUK","ATQASUK.AW.RH",2015,"OTC","AWE20",NA,144
"ATQASUK","ATQASUK.AW.RH",2015,"OTC","AWE21",NA,144
"ATQASUK","ATQASUK.AW.RH",2015,"OTC","AWE22",NA,144
"ATQASUK","ATQASUK.AW.RH",2015,"OTC","AWE23",NA,144
"ATQASUK","ATQASUK.AW.RH",2015,"OTC","AWE24",NA,144
"ATQASUK","ATQASUK.AW.RH",2016,"CTL","AWC01",NA,146
"ATQASUK","ATQASUK.AW.RH",2016,"CTL","AWC02",NA,146
"ATQASUK","ATQASUK.AW.RH",2016,"CTL","AWC03",NA,146
"ATQASUK","ATQASUK.AW.RH",2016,"CTL","AWC04",NA,146
"ATQASUK","ATQASUK.AW.RH",2016,"CTL","AWC05",NA,146
"ATQASUK","ATQASUK.AW.RH",2016,"CTL","AWC06",NA,146
"ATQASUK","ATQASUK.AW.RH",2016,"CTL","AWC07",NA,146
"ATQASUK","ATQASUK.AW.RH",2016,"CTL","AWC08",NA,146
"ATQASUK","ATQASUK.AW.RH",2016,"CTL","AWC09",NA,146
"ATQASUK","ATQASUK.AW.RH",2016,"CTL","AWC10",NA,146
"ATQASUK","ATQASUK.AW.RH",2016,"CTL","AWC11",NA,146
"ATQASUK","ATQASUK.AW.RH",2016,"CTL","AWC12",NA,146
"ATQASUK","ATQASUK.AW.RH",2016,"CTL","AWC13",NA,146
"ATQASUK","ATQASUK.AW.RH",2016,"CTL","AWC14",NA,146
"ATQASUK","ATQASUK.AW.RH",2016,"CTL","AWC15",NA,146
"ATQASUK","ATQASUK.AW.RH",2016,"CTL","AWC16",NA,146
"ATQASUK","ATQASUK.AW.RH",2016,"CTL","AWC17",NA,146
"ATQASUK","ATQASUK.AW.RH",2016,"CTL","AWC18",NA,146
"ATQASUK","ATQASUK.AW.RH",2016,"CTL","AWC19",NA,146
"ATQASUK","ATQASUK.AW.RH",2016,"CTL","AWC20",NA,146
"ATQASUK","ATQASUK.AW.RH",2016,"CTL","AWC21",NA,146
"ATQASUK","ATQASUK.AW.RH",2016,"CTL","AWC22",NA,146
"ATQASUK","ATQASUK.AW.RH",2016,"CTL","AWC23",NA,146
"ATQASUK","ATQASUK.AW.RH",2016,"CTL","AWC24",NA,146
"ATQASUK","ATQASUK.AW.RH",2016,"OTC","AWE01",NA,146
"ATQASUK","ATQASUK.AW.RH",2016,"OTC","AWE02",NA,146
"ATQASUK","ATQASUK.AW.RH",2016,"OTC","AWE03",NA,146
"ATQASUK","ATQASUK.AW.RH",2016,"OTC","AWE04",NA,146
"ATQASUK","ATQASUK.AW.RH",2016,"OTC","AWE05",NA,146
"ATQASUK","ATQASUK.AW.RH",2016,"OTC","AWE06",NA,146
"ATQASUK","ATQASUK.AW.RH",2016,"OTC","AWE07",NA,146
"ATQASUK","ATQASUK.AW.RH",2016,"OTC","AWE08",NA,146
"ATQASUK","ATQASUK.AW.RH",2016,"OTC","AWE09",NA,146
"ATQASUK","ATQASUK.AW.RH",2016,"OTC","AWE10",NA,146
"ATQASUK","ATQASUK.AW.RH",2016,"OTC","AWE11",NA,146
"ATQASUK","ATQASUK.AW.RH",2016,"OTC","AWE12",NA,146
"ATQASUK","ATQASUK.AW.RH",2016,"OTC","AWE13",NA,146
"ATQASUK","ATQASUK.AW.RH",2016,"OTC","AWE14",NA,146
"ATQASUK","ATQASUK.AW.RH",2016,"OTC","AWE15",NA,146
"ATQASUK","ATQASUK.AW.RH",2016,"OTC","AWE16",NA,146
"ATQASUK","ATQASUK.AW.RH",2016,"OTC","AWE17",NA,146
"ATQASUK","ATQASUK.AW.RH",2016,"OTC","AWE18",NA,146
"ATQASUK","ATQASUK.AW.RH",2016,"OTC","AWE19",NA,146
"ATQASUK","ATQASUK.AW.RH",2016,"OTC","AWE20",NA,146
"ATQASUK","ATQASUK.AW.RH",2016,"OTC","AWE21",NA,146
"ATQASUK","ATQASUK.AW.RH",2016,"OTC","AWE22",NA,146
"ATQASUK","ATQASUK.AW.RH",2016,"OTC","AWE23",NA,146
"ATQASUK","ATQASUK.AW.RH",2016,"OTC","AWE24",NA,146
"ATQASUK","ATQASUK.AW.RH",2017,"CTL","AWC01",NA,154
"ATQASUK","ATQASUK.AW.RH",2017,"CTL","AWC02",NA,154
"ATQASUK","ATQASUK.AW.RH",2017,"CTL","AWC03",NA,154
"ATQASUK","ATQASUK.AW.RH",2017,"CTL","AWC04",NA,154
"ATQASUK","ATQASUK.AW.RH",2017,"CTL","AWC05",NA,154
"ATQASUK","ATQASUK.AW.RH",2017,"CTL","AWC06",NA,154
"ATQASUK","ATQASUK.AW.RH",2017,"CTL","AWC07",NA,154
"ATQASUK","ATQASUK.AW.RH",2017,"CTL","AWC08",NA,154
"ATQASUK","ATQASUK.AW.RH",2017,"CTL","AWC09",NA,154
"ATQASUK","ATQASUK.AW.RH",2017,"CTL","AWC10",NA,154
"ATQASUK","ATQASUK.AW.RH",2017,"CTL","AWC11",NA,154
"ATQASUK","ATQASUK.AW.RH",2017,"CTL","AWC12",NA,154
"ATQASUK","ATQASUK.AW.RH",2017,"CTL","AWC13",NA,154
"ATQASUK","ATQASUK.AW.RH",2017,"CTL","AWC14",NA,154
"ATQASUK","ATQASUK.AW.RH",2017,"CTL","AWC15",NA,154
"ATQASUK","ATQASUK.AW.RH",2017,"CTL","AWC16",NA,154
"ATQASUK","ATQASUK.AW.RH",2017,"CTL","AWC17",NA,154
"ATQASUK","ATQASUK.AW.RH",2017,"CTL","AWC18",NA,154
"ATQASUK","ATQASUK.AW.RH",2017,"CTL","AWC19",NA,154
"ATQASUK","ATQASUK.AW.RH",2017,"CTL","AWC20",NA,154
"ATQASUK","ATQASUK.AW.RH",2017,"CTL","AWC21",NA,154
"ATQASUK","ATQASUK.AW.RH",2017,"CTL","AWC22",NA,154
"ATQASUK","ATQASUK.AW.RH",2017,"CTL","AWC23",NA,154
"ATQASUK","ATQASUK.AW.RH",2017,"CTL","AWC24",NA,154
"ATQASUK","ATQASUK.AW.RH",2017,"OTC","AWE01",NA,154
"ATQASUK","ATQASUK.AW.RH",2017,"OTC","AWE02",NA,154
"ATQASUK","ATQASUK.AW.RH",2017,"OTC","AWE03",NA,154
"ATQASUK","ATQASUK.AW.RH",2017,"OTC","AWE04",NA,154
"ATQASUK","ATQASUK.AW.RH",2017,"OTC","AWE05",NA,154
"ATQASUK","ATQASUK.AW.RH",2017,"OTC","AWE06",NA,154
"ATQASUK","ATQASUK.AW.RH",2017,"OTC","AWE07",NA,154
"ATQASUK","ATQASUK.AW.RH",2017,"OTC","AWE08",NA,154
"ATQASUK","ATQASUK.AW.RH",2017,"OTC","AWE09",NA,154
"ATQASUK","ATQASUK.AW.RH",2017,"OTC","AWE10",NA,154
"ATQASUK","ATQASUK.AW.RH",2017,"OTC","AWE11",NA,154
"ATQASUK","ATQASUK.AW.RH",2017,"OTC","AWE12",NA,154
"ATQASUK","ATQASUK.AW.RH",2017,"OTC","AWE13",NA,154
"ATQASUK","ATQASUK.AW.RH",2017,"OTC","AWE14",NA,154
"ATQASUK","ATQASUK.AW.RH",2017,"OTC","AWE15",NA,154
"ATQASUK","ATQASUK.AW.RH",2017,"OTC","AWE16",NA,154
"ATQASUK","ATQASUK.AW.RH",2017,"OTC","AWE17",NA,154
"ATQASUK","ATQASUK.AW.RH",2017,"OTC","AWE18",NA,154
"ATQASUK","ATQASUK.AW.RH",2017,"OTC","AWE19",NA,154
"ATQASUK","ATQASUK.AW.RH",2017,"OTC","AWE20",NA,154
"ATQASUK","ATQASUK.AW.RH",2017,"OTC","AWE21",NA,154
"ATQASUK","ATQASUK.AW.RH",2017,"OTC","AWE22",NA,154
"ATQASUK","ATQASUK.AW.RH",2017,"OTC","AWE23",NA,154
"ATQASUK","ATQASUK.AW.RH",2017,"OTC","AWE24",NA,154
"ATQASUK","ATQASUK.AW.RH",2018,"CTL","AWC01",NA,173
"ATQASUK","ATQASUK.AW.RH",2018,"CTL","AWC02",NA,173
"ATQASUK","ATQASUK.AW.RH",2018,"CTL","AWC03",NA,173
"ATQASUK","ATQASUK.AW.RH",2018,"CTL","AWC04",NA,173
"ATQASUK","ATQASUK.AW.RH",2018,"CTL","AWC05",NA,173
"ATQASUK","ATQASUK.AW.RH",2018,"CTL","AWC06",NA,173
"ATQASUK","ATQASUK.AW.RH",2018,"CTL","AWC07",NA,173
"ATQASUK","ATQASUK.AW.RH",2018,"CTL","AWC08",NA,173
"ATQASUK","ATQASUK.AW.RH",2018,"CTL","AWC09",NA,173
"ATQASUK","ATQASUK.AW.RH",2018,"CTL","AWC10",NA,173
"ATQASUK","ATQASUK.AW.RH",2018,"CTL","AWC11",NA,173
"ATQASUK","ATQASUK.AW.RH",2018,"CTL","AWC12",NA,173
"ATQASUK","ATQASUK.AW.RH",2018,"CTL","AWC13",NA,173
"ATQASUK","ATQASUK.AW.RH",2018,"CTL","AWC14",NA,173
"ATQASUK","ATQASUK.AW.RH",2018,"CTL","AWC15",NA,173
"ATQASUK","ATQASUK.AW.RH",2018,"CTL","AWC16",NA,173
"ATQASUK","ATQASUK.AW.RH",2018,"CTL","AWC17",NA,173
"ATQASUK","ATQASUK.AW.RH",2018,"CTL","AWC18",NA,173
"ATQASUK","ATQASUK.AW.RH",2018,"CTL","AWC19",NA,173
"ATQASUK","ATQASUK.AW.RH",2018,"CTL","AWC20",NA,173
"ATQASUK","ATQASUK.AW.RH",2018,"CTL","AWC21",NA,173
"ATQASUK","ATQASUK.AW.RH",2018,"CTL","AWC22",NA,173
"ATQASUK","ATQASUK.AW.RH",2018,"CTL","AWC23",NA,173
"ATQASUK","ATQASUK.AW.RH",2018,"CTL","AWC24",NA,173
"ATQASUK","ATQASUK.AW.RH",2018,"OTC","AWE01",NA,173
"ATQASUK","ATQASUK.AW.RH",2018,"OTC","AWE02",NA,173
"ATQASUK","ATQASUK.AW.RH",2018,"OTC","AWE03",NA,173
"ATQASUK","ATQASUK.AW.RH",2018,"OTC","AWE04",NA,173
"ATQASUK","ATQASUK.AW.RH",2018,"OTC","AWE05",NA,173
"ATQASUK","ATQASUK.AW.RH",2018,"OTC","AWE06",NA,173
"ATQASUK","ATQASUK.AW.RH",2018,"OTC","AWE07",NA,173
"ATQASUK","ATQASUK.AW.RH",2018,"OTC","AWE08",NA,173
"ATQASUK","ATQASUK.AW.RH",2018,"OTC","AWE09",NA,173
"ATQASUK","ATQASUK.AW.RH",2018,"OTC","AWE10",NA,173
"ATQASUK","ATQASUK.AW.RH",2018,"OTC","AWE11",NA,173
"ATQASUK","ATQASUK.AW.RH",2018,"OTC","AWE12",NA,173
"ATQASUK","ATQASUK.AW.RH",2018,"OTC","AWE13",NA,173
"ATQASUK","ATQASUK.AW.RH",2018,"OTC","AWE14",NA,173
"ATQASUK","ATQASUK.AW.RH",2018,"OTC","AWE15",NA,173
"ATQASUK","ATQASUK.AW.RH",2018,"OTC","AWE16",NA,173
"ATQASUK","ATQASUK.AW.RH",2018,"OTC","AWE17",NA,173
"ATQASUK","ATQASUK.AW.RH",2018,"OTC","AWE18",NA,173
"ATQASUK","ATQASUK.AW.RH",2018,"OTC","AWE19",NA,173
"ATQASUK","ATQASUK.AW.RH",2018,"OTC","AWE20",NA,173
"ATQASUK","ATQASUK.AW.RH",2018,"OTC","AWE21",NA,173
"ATQASUK","ATQASUK.AW.RH",2018,"OTC","AWE22",NA,173
"ATQASUK","ATQASUK.AW.RH",2018,"OTC","AWE23",NA,173
"ATQASUK","ATQASUK.AW.RH",2018,"OTC","AWE24",NA,173
"ATQASUK","ATQASUK.AW.RH",2019,"CTL","AWC01",NA,154
"ATQASUK","ATQASUK.AW.RH",2019,"CTL","AWC02",NA,154
"ATQASUK","ATQASUK.AW.RH",2019,"CTL","AWC03",NA,154
"ATQASUK","ATQASUK.AW.RH",2019,"CTL","AWC04",NA,154
"ATQASUK","ATQASUK.AW.RH",2019,"CTL","AWC05",NA,154
"ATQASUK","ATQASUK.AW.RH",2019,"CTL","AWC06",NA,154
"ATQASUK","ATQASUK.AW.RH",2019,"CTL","AWC07",NA,154
"ATQASUK","ATQASUK.AW.RH",2019,"CTL","AWC08",NA,154
"ATQASUK","ATQASUK.AW.RH",2019,"CTL","AWC09",NA,154
"ATQASUK","ATQASUK.AW.RH",2019,"CTL","AWC10",NA,154
"ATQASUK","ATQASUK.AW.RH",2019,"CTL","AWC11",NA,154
"ATQASUK","ATQASUK.AW.RH",2019,"CTL","AWC12",NA,154
"ATQASUK","ATQASUK.AW.RH",2019,"CTL","AWC13",NA,154
"ATQASUK","ATQASUK.AW.RH",2019,"CTL","AWC14",NA,154
"ATQASUK","ATQASUK.AW.RH",2019,"CTL","AWC15",NA,154
"ATQASUK","ATQASUK.AW.RH",2019,"CTL","AWC16",NA,154
"ATQASUK","ATQASUK.AW.RH",2019,"CTL","AWC17",NA,154
"ATQASUK","ATQASUK.AW.RH",2019,"CTL","AWC18",NA,154
"ATQASUK","ATQASUK.AW.RH",2019,"CTL","AWC19",NA,154
"ATQASUK","ATQASUK.AW.RH",2019,"CTL","AWC20",NA,154
"ATQASUK","ATQASUK.AW.RH",2019,"CTL","AWC21",NA,154
"ATQASUK","ATQASUK.AW.RH",2019,"CTL","AWC22",NA,154
"ATQASUK","ATQASUK.AW.RH",2019,"CTL","AWC23",NA,154
"ATQASUK","ATQASUK.AW.RH",2019,"CTL","AWC24",NA,154
"ATQASUK","ATQASUK.AW.RH",2019,"OTC","AWE01",NA,154
"ATQASUK","ATQASUK.AW.RH",2019,"OTC","AWE02",NA,154
"ATQASUK","ATQASUK.AW.RH",2019,"OTC","AWE03",NA,154
"ATQASUK","ATQASUK.AW.RH",2019,"OTC","AWE04",NA,154
"ATQASUK","ATQASUK.AW.RH",2019,"OTC","AWE05",NA,154
"ATQASUK","ATQASUK.AW.RH",2019,"OTC","AWE06",NA,154
"ATQASUK","ATQASUK.AW.RH",2019,"OTC","AWE07",NA,154
"ATQASUK","ATQASUK.AW.RH",2019,"OTC","AWE08",NA,154
"ATQASUK","ATQASUK.AW.RH",2019,"OTC","AWE09",NA,154
"ATQASUK","ATQASUK.AW.RH",2019,"OTC","AWE10",NA,154
"ATQASUK","ATQASUK.AW.RH",2019,"OTC","AWE11",NA,154
"ATQASUK","ATQASUK.AW.RH",2019,"OTC","AWE12",NA,154
"ATQASUK","ATQASUK.AW.RH",2019,"OTC","AWE13",NA,154
"ATQASUK","ATQASUK.AW.RH",2019,"OTC","AWE14",NA,154
"ATQASUK","ATQASUK.AW.RH",2019,"OTC","AWE15",NA,154
"ATQASUK","ATQASUK.AW.RH",2019,"OTC","AWE16",NA,154
"ATQASUK","ATQASUK.AW.RH",2019,"OTC","AWE17",NA,154
"ATQASUK","ATQASUK.AW.RH",2019,"OTC","AWE18",NA,154
"ATQASUK","ATQASUK.AW.RH",2019,"OTC","AWE19",NA,154
"ATQASUK","ATQASUK.AW.RH",2019,"OTC","AWE20",NA,154
"ATQASUK","ATQASUK.AW.RH",2019,"OTC","AWE21",NA,154
"ATQASUK","ATQASUK.AW.RH",2019,"OTC","AWE22",NA,154
"ATQASUK","ATQASUK.AW.RH",2019,"OTC","AWE23",NA,154
"ATQASUK","ATQASUK.AW.RH",2019,"OTC","AWE24",NA,154
"ATQASUK","ATQASUK.AW.RH",2013,"CTL","AWC01",NA,151
"ATQASUK","ATQASUK.AW.RH",2013,"CTL","AWC02",NA,151
"ATQASUK","ATQASUK.AW.RH",2013,"CTL","AWC03",NA,151
"ATQASUK","ATQASUK.AW.RH",2013,"CTL","AWC04",NA,151
"ATQASUK","ATQASUK.AW.RH",2013,"CTL","AWC05",NA,151
"ATQASUK","ATQASUK.AW.RH",2013,"CTL","AWC06",NA,151
"ATQASUK","ATQASUK.AW.RH",2013,"CTL","AWC07",NA,151
"ATQASUK","ATQASUK.AW.RH",2013,"CTL","AWC08",NA,151
"ATQASUK","ATQASUK.AW.RH",2013,"CTL","AWC09",NA,151
"ATQASUK","ATQASUK.AW.RH",2013,"CTL","AWC10",NA,151
"ATQASUK","ATQASUK.AW.RH",2013,"CTL","AWC11",NA,151
"ATQASUK","ATQASUK.AW.RH",2013,"CTL","AWC12",NA,151
"ATQASUK","ATQASUK.AW.RH",2013,"CTL","AWC13",NA,151
"ATQASUK","ATQASUK.AW.RH",2013,"CTL","AWC14",NA,151
"ATQASUK","ATQASUK.AW.RH",2013,"CTL","AWC15",NA,151
"ATQASUK","ATQASUK.AW.RH",2013,"CTL","AWC16",NA,151
"ATQASUK","ATQASUK.AW.RH",2013,"CTL","AWC17",NA,151
"ATQASUK","ATQASUK.AW.RH",2013,"CTL","AWC18",NA,151
"ATQASUK","ATQASUK.AW.RH",2013,"CTL","AWC19",NA,151
"ATQASUK","ATQASUK.AW.RH",2013,"CTL","AWC20",NA,151
"ATQASUK","ATQASUK.AW.RH",2013,"CTL","AWC21",NA,151
"ATQASUK","ATQASUK.AW.RH",2013,"CTL","AWC22",NA,151
"ATQASUK","ATQASUK.AW.RH",2013,"CTL","AWC23",NA,151
"ATQASUK","ATQASUK.AW.RH",2013,"CTL","AWC24",NA,151
"ATQASUK","ATQASUK.AW.RH",2013,"OTC","AWE01",NA,151
"ATQASUK","ATQASUK.AW.RH",2013,"OTC","AWE02",NA,151
"ATQASUK","ATQASUK.AW.RH",2013,"OTC","AWE03",NA,151
"ATQASUK","ATQASUK.AW.RH",2013,"OTC","AWE04",NA,151
"ATQASUK","ATQASUK.AW.RH",2013,"OTC","AWE05",NA,151
"ATQASUK","ATQASUK.AW.RH",2013,"OTC","AWE06",NA,151
"ATQASUK","ATQASUK.AW.RH",2013,"OTC","AWE07",NA,151
"ATQASUK","ATQASUK.AW.RH",2013,"OTC","AWE08",NA,151
"ATQASUK","ATQASUK.AW.RH",2013,"OTC","AWE09",NA,151
"ATQASUK","ATQASUK.AW.RH",2013,"OTC","AWE10",NA,151
"ATQASUK","ATQASUK.AW.RH",2013,"OTC","AWE11",NA,151
"ATQASUK","ATQASUK.AW.RH",2013,"OTC","AWE12",NA,151
"ATQASUK","ATQASUK.AW.RH",2013,"OTC","AWE13",NA,151
"ATQASUK","ATQASUK.AW.RH",2013,"OTC","AWE14",NA,151
"ATQASUK","ATQASUK.AW.RH",2013,"OTC","AWE15",NA,151
"ATQASUK","ATQASUK.AW.RH",2013,"OTC","AWE16",NA,151
"ATQASUK","ATQASUK.AW.RH",2013,"OTC","AWE17",NA,151
"ATQASUK","ATQASUK.AW.RH",2013,"OTC","AWE18",NA,151
"ATQASUK","ATQASUK.AW.RH",2013,"OTC","AWE19",NA,151
"ATQASUK","ATQASUK.AW.RH",2013,"OTC","AWE20",NA,151
"ATQASUK","ATQASUK.AW.RH",2013,"OTC","AWE21",NA,151
"ATQASUK","ATQASUK.AW.RH",2013,"OTC","AWE22",NA,151
"ATQASUK","ATQASUK.AW.RH",2013,"OTC","AWE23",NA,151
"ATQASUK","ATQASUK.AW.RH",2013,"OTC","AWE24",NA,151
