"site_name","subsite","year","treatment","plot","plant_id","prior_visit","doy"
"DARING","DARING.TERNPLOT_F.KC","1996","CTL","160","160_160_eriophorum",156,159
"DARING","DARING.TERNPLOT_F.KC","1996","CTL","161","161_161_eriophorum",156,159
"DARING","DARING.TERNPLOT_F.KC","1996","CTL","162","162_162_eriophorum",156,159
"DARING","DARING.TERNPLOT_F.KC","1996","CTL","163","163_163_eriophorum",156,159
"DARING","DARING.TERNPLOT_F.KC","1996","CTL","164","164_164_eriophorum",156,159
"DARING","DARING.TERNPLOT_F.KC","1996","CTL","165","165_165_eriophorum",156,159
"DARING","DARING.TERNPLOT_F.KC","1996","CTL","166","166_166_eriophorum",156,159
"DARING","DARING.TERNPLOT_F.KC","1996","CTL","167","167_167_eriophorum",156,159
"DARING","DARING.TERNPLOT_F.KC","1996","CTL","168","168_168_eriophorum",156,159
"DARING","DARING.TERNPLOT_F.KC","1996","CTL","169","169_169_eriophorum",156,159
"DARING","DARING.TERNPLOT_F.KC","1996","CTL","170","170_170_eriophorum",156,159
"DARING","DARING.TERNPLOT_F.KC","1996","CTL","171","171_171_eriophorum",156,159
"DARING","DARING.TERNPLOT_F.KC","1996","CTL","172","172_172_eriophorum",156,159
"DARING","DARING.TERNPLOT_F.KC","1996","CTL","173","173_173_eriophorum",156,159
"DARING","DARING.TERNPLOT_F.KC","1996","CTL","174","174_174_eriophorum",156,159
"DARING","DARING.TERNPLOT_F.KC","1996","CTL","175","175_175_eriophorum",156,159
"DARING","DARING.TERNPLOT_F.KC","1996","CTL","176","176_176_eriophorum",156,159
"DARING","DARING.TERNPLOT_F.KC","1996","CTL","177","177_177_eriophorum",156,159
"DARING","DARING.TERNPLOT_F.KC","1996","CTL","178","178_178_eriophorum",156,159
"DARING","DARING.TERNPLOT_F.KC","1996","CTL","179","179_179_eriophorum",156,159
"DARING","DARING.TERNPLOT_F.KC","1997","CTL","162","162_162_eriophorum",NA,150
"DARING","DARING.TERNPLOT_F.KC","1997","CTL","163","163_163_eriophorum",NA,150
"DARING","DARING.TERNPLOT_F.KC","1997","CTL","164","164_164_eriophorum",NA,150
"DARING","DARING.TERNPLOT_F.KC","1997","CTL","166","166_166_eriophorum",NA,150
"DARING","DARING.TERNPLOT_F.KC","1997","CTL","167","167_167_eriophorum",NA,150
"DARING","DARING.TERNPLOT_F.KC","1997","CTL","168","168_168_eriophorum",NA,150
"DARING","DARING.TERNPLOT_F.KC","1997","CTL","169","169_169_eriophorum",NA,150
"DARING","DARING.TERNPLOT_F.KC","1997","CTL","172","172_172_eriophorum",NA,150
"DARING","DARING.TERNPLOT_F.KC","1997","CTL","174","174_174_eriophorum",NA,150
"DARING","DARING.TERNPLOT_F.KC","1997","CTL","175","175_175_eriophorum",NA,150
"DARING","DARING.TERNPLOT_F.KC","1997","CTL","176","176_176_eriophorum",NA,150
"DARING","DARING.TERNPLOT_F.KC","1997","CTL","177","177_177_eriophorum",NA,150
"DARING","DARING.TERNPLOT_F.KC","1997","CTL","178","178_178_eriophorum",NA,150
"DARING","DARING.TERNPLOT_F.KC","1997","CTL","179","179_179_eriophorum",NA,150
"DARING","DARING.TERNPLOT_F.KC","1997","CTL","1","1_1_eriophorum",NA,150
"DARING","DARING.TERNPLOT_F.KC","1997","CTL","2","2_2_eriophorum",NA,150
"DARING","DARING.TERNPLOT_F.KC","1997","CTL","3","3_3_eriophorum",NA,150
"DARING","DARING.TERNPLOT_F.KC","1997","CTL","4","4_4_eriophorum",NA,150
"DARING","DARING.TERNPLOT_F.KC","1997","CTL","5","5_5_eriophorum",NA,150
"DARING","DARING.TERNPLOT_F.KC","1997","CTL","6","6_6_eriophorum",NA,150
"DARING","DARING.TERNPLOT_F.KC","1997","CTL","7","7_7_eriophorum",NA,150
"DARING","DARING.TERNPLOT_F.KC","1997","CTL","8","8_8_eriophorum",NA,150
"DARING","DARING.TERNPLOT_F.KC","1997","CTL","9","9_9_eriophorum",NA,150
"DARING","DARING.TERNPLOT_F.KC","1998","CTL","1","1_1_eriophorum",135,142
"DARING","DARING.TERNPLOT_F.KC","1998","CTL","2","2_2_eriophorum",135,142
"DARING","DARING.TERNPLOT_F.KC","1998","CTL","3","3_3_eriophorum",135,142
"DARING","DARING.TERNPLOT_F.KC","1998","CTL","4","4_4_eriophorum",135,142
"DARING","DARING.TERNPLOT_F.KC","1998","CTL","5","5_5_eriophorum",135,142
"DARING","DARING.TERNPLOT_F.KC","1998","CTL","6","6_6_eriophorum",135,142
"DARING","DARING.TERNPLOT_F.KC","1998","CTL","7","7_7_eriophorum",135,142
"DARING","DARING.TERNPLOT_F.KC","1998","CTL","8","8_8_eriophorum",135,142
"DARING","DARING.TERNPLOT_F.KC","1998","CTL","9","9_9_eriophorum",135,142
"DARING","DARING.TERNPLOT_F.KC","1998","CTL","10","10_10_eriophorum",135,142
"DARING","DARING.TERNPLOT_F.KC","1998","CTL","11","11_11_eriophorum",135,142
"DARING","DARING.TERNPLOT_F.KC","1998","CTL","12","12_12_eriophorum",135,142
"DARING","DARING.TERNPLOT_F.KC","1998","CTL","13","13_13_eriophorum",135,142
"DARING","DARING.TERNPLOT_F.KC","1998","CTL","14","14_14_eriophorum",135,142
"DARING","DARING.TERNPLOT_F.KC","1998","CTL","15","15_15_eriophorum",135,142
"DARING","DARING.TERNPLOT_F.KC","1998","CTL","168","168_168_eriophorum",135,142
"DARING","DARING.TERNPLOT_F.KC","1998","CTL","179","179_179_eriophorum",135,142
"DARING","DARING.TERNPLOT_F.KC","1998","CTL","177","177_177_eriophorum",135,142
"DARING","DARING.TERNPLOT_F.KC","1998","CTL","174","174_174_eriophorum",135,142
"DARING","DARING.TERNPLOT_F.KC","1998","CTL","164","164_164_eriophorum",135,142
"DARING","DARING.TERNPLOT_F.KC","1998","CTL","166","166_166_eriophorum",135,142
"DARING","DARING.TERNPLOT_F.KC","1998","CTL","167","167_167_eriophorum",135,142
"DARING","DARING.TERNPLOT_F.KC","1999","CTL","1","1_1_eriophorum",147,149
"DARING","DARING.TERNPLOT_F.KC","1999","CTL","2","2_2_eriophorum",147,149
"DARING","DARING.TERNPLOT_F.KC","1999","CTL","3","3_3_eriophorum",147,149
"DARING","DARING.TERNPLOT_F.KC","1999","CTL","4","4_4_eriophorum",147,149
"DARING","DARING.TERNPLOT_F.KC","1999","CTL","5","5_5_eriophorum",150,151
"DARING","DARING.TERNPLOT_F.KC","1999","CTL","6","6_6_eriophorum",150,151
"DARING","DARING.TERNPLOT_F.KC","1999","CTL","7","7_7_eriophorum",150,151
"DARING","DARING.TERNPLOT_F.KC","1999","CTL","8","8_8_eriophorum",147,149
"DARING","DARING.TERNPLOT_F.KC","1999","CTL","9","9_9_eriophorum",147,149
"DARING","DARING.TERNPLOT_F.KC","1999","CTL","10","10_10_eriophorum",147,149
"DARING","DARING.TERNPLOT_F.KC","1999","CTL","11","11_11_eriophorum",151,152
"DARING","DARING.TERNPLOT_F.KC","1999","CTL","12","12_12_eriophorum",150,151
"DARING","DARING.TERNPLOT_F.KC","1999","CTL","13","13_13_eriophorum",152,155
"DARING","DARING.TERNPLOT_F.KC","1999","CTL","14","14_14_eriophorum",150,151
"DARING","DARING.TERNPLOT_F.KC","1999","CTL","15","15_15_eriophorum",147,149
"DARING","DARING.TERNPLOT_F.KC","1999","CTL","166","166_166_eriophorum",147,149
"DARING","DARING.TERNPLOT_F.KC","1999","CTL","167","167_167_eriophorum",147,149
"DARING","DARING.TERNPLOT_F.KC","1999","CTL","174","174_174_eriophorum",147,149
"DARING","DARING.TERNPLOT_F.KC","1999","CTL","176","176_176_eriophorum",147,149
"DARING","DARING.TERNPLOT_F.KC","1999","CTL","179","179_179_eriophorum",147,149
"DARING","DARING.TERNPLOT_F.KC","1999","CTL","164","164_164_eriophorum",150,151
"DARING","DARING.TERNPLOT_F.KC","2000","CTL","1","1_1_eriophorum",128,142
"DARING","DARING.TERNPLOT_F.KC","2000","CTL","2","2_2_eriophorum",128,142
"DARING","DARING.TERNPLOT_F.KC","2000","CTL","3","3_3_eriophorum",128,142
"DARING","DARING.TERNPLOT_F.KC","2000","CTL","4","4_4_eriophorum",142,144
"DARING","DARING.TERNPLOT_F.KC","2000","CTL","5","5_5_eriophorum",142,144
"DARING","DARING.TERNPLOT_F.KC","2000","CTL","6","6_6_eriophorum",128,142
"DARING","DARING.TERNPLOT_F.KC","2000","CTL","7","7_7_eriophorum",148,149
"DARING","DARING.TERNPLOT_F.KC","2000","CTL","8","8_8_eriophorum",128,142
"DARING","DARING.TERNPLOT_F.KC","2000","CTL","9","9_9_eriophorum",146,148
"DARING","DARING.TERNPLOT_F.KC","2000","CTL","10","10_10_eriophorum",128,142
"DARING","DARING.TERNPLOT_F.KC","2000","CTL","11","11_11_eriophorum",149,150
"DARING","DARING.TERNPLOT_F.KC","2000","CTL","12","12_12_eriophorum",NA,NA
"DARING","DARING.TERNPLOT_F.KC","2000","CTL","13","13_13_eriophorum",128,142
"DARING","DARING.TERNPLOT_F.KC","2000","CTL","14","14_14_eriophorum",149,150
"DARING","DARING.TERNPLOT_F.KC","2000","CTL","15","15_15_eriophorum",149,150
"DARING","DARING.TERNPLOT_F.KC","2000","CTL","164","164_164_eriophorum",149,150
"DARING","DARING.TERNPLOT_F.KC","2000","CTL","166","166_166_eriophorum",128,142
"DARING","DARING.TERNPLOT_F.KC","2000","CTL","167","167_167_eriophorum",128,142
"DARING","DARING.TERNPLOT_F.KC","2000","CTL","174","174_174_eriophorum",128,142
"DARING","DARING.TERNPLOT_F.KC","2000","CTL","176","176_176_eriophorum",128,142
"DARING","DARING.TERNPLOT_F.KC","2000","CTL","179","179_179_eriophorum",128,142
"DARING","DARING.TERNPLOT_F.KC","2001","CTL","1","1_1_eriophorum",143,145
"DARING","DARING.TERNPLOT_F.KC","2001","CTL","2","2_2_eriophorum",143,145
"DARING","DARING.TERNPLOT_F.KC","2001","CTL","3a","3a_3a_eriophorum",145,153
"DARING","DARING.TERNPLOT_F.KC","2001","CTL","4","4_4_eriophorum",145,153
"DARING","DARING.TERNPLOT_F.KC","2001","CTL","5","5_5_eriophorum",145,153
"DARING","DARING.TERNPLOT_F.KC","2001","CTL","6","6_6_eriophorum",145,153
"DARING","DARING.TERNPLOT_F.KC","2001","CTL","7","7_7_eriophorum",145,153
"DARING","DARING.TERNPLOT_F.KC","2001","CTL","8","8_8_eriophorum",143,145
"DARING","DARING.TERNPLOT_F.KC","2001","CTL","9","9_9_eriophorum",145,153
"DARING","DARING.TERNPLOT_F.KC","2001","CTL","10","10_10_eriophorum",143,145
"DARING","DARING.TERNPLOT_F.KC","2001","CTL","11","11_11_eriophorum",145,153
"DARING","DARING.TERNPLOT_F.KC","2001","CTL","12","12_12_eriophorum",NA,NA
"DARING","DARING.TERNPLOT_F.KC","2001","CTL","13","13_13_eriophorum",143,145
"DARING","DARING.TERNPLOT_F.KC","2001","CTL","14","14_14_eriophorum",145,153
"DARING","DARING.TERNPLOT_F.KC","2001","CTL","15","15_15_eriophorum",145,153
"DARING","DARING.TERNPLOT_F.KC","2001","CTL","164","164_164_eriophorum",145,153
"DARING","DARING.TERNPLOT_F.KC","2001","CTL","166","166_166_eriophorum",145,153
"DARING","DARING.TERNPLOT_F.KC","2001","CTL","167","167_167_eriophorum",143,145
"DARING","DARING.TERNPLOT_F.KC","2001","CTL","174","174_174_eriophorum",143,145
"DARING","DARING.TERNPLOT_F.KC","2001","CTL","176","176_176_eriophorum",145,153
"DARING","DARING.TERNPLOT_F.KC","2001","CTL","179","179_179_eriophorum",145,153
"DARING","DARING.TERNPLOT_F.KC","2002","CTL","1","1_1_eriophorum",146,148
"DARING","DARING.TERNPLOT_F.KC","2002","CTL","2","2_2_eriophorum",126,144
"DARING","DARING.TERNPLOT_F.KC","2002","CTL","3a","3a_3a_eriophorum",146,148
"DARING","DARING.TERNPLOT_F.KC","2002","CTL","4","4_4_eriophorum",146,148
"DARING","DARING.TERNPLOT_F.KC","2002","CTL","5","5_5_eriophorum",126,144
"DARING","DARING.TERNPLOT_F.KC","2002","CTL","6","6_6_eriophorum",126,144
"DARING","DARING.TERNPLOT_F.KC","2002","CTL","7","7_7_eriophorum",146,148
"DARING","DARING.TERNPLOT_F.KC","2002","CTL","8","8_8_eriophorum",126,144
"DARING","DARING.TERNPLOT_F.KC","2002","CTL","9","9_9_eriophorum",148,155
"DARING","DARING.TERNPLOT_F.KC","2002","CTL","10","10_10_eriophorum",148,155
"DARING","DARING.TERNPLOT_F.KC","2002","CTL","11","11_11_eriophorum",148,155
"DARING","DARING.TERNPLOT_F.KC","2002","CTL","12","12_12_eriophorum",NA,NA
"DARING","DARING.TERNPLOT_F.KC","2002","CTL","13","13_13_eriophorum",148,155
"DARING","DARING.TERNPLOT_F.KC","2002","CTL","14","14_14_eriophorum",146,148
"DARING","DARING.TERNPLOT_F.KC","2002","CTL","15","15_15_eriophorum",148,155
"DARING","DARING.TERNPLOT_F.KC","2002","CTL","164","164_164_eriophorum",148,155
"DARING","DARING.TERNPLOT_F.KC","2002","CTL","166","166_166_eriophorum",148,155
"DARING","DARING.TERNPLOT_F.KC","2002","CTL","167","167_167_eriophorum",148,155
"DARING","DARING.TERNPLOT_F.KC","2002","CTL","174","174_174_eriophorum",144,146
"DARING","DARING.TERNPLOT_F.KC","2002","CTL","176","176_176_eriophorum",146,148
"DARING","DARING.TERNPLOT_F.KC","2002","CTL","179","179_179_eriophorum",126,144
"DARING","DARING.TERNPLOT_F.KC","2003","CTL","1","1_1_eriophorum",142,144
"DARING","DARING.TERNPLOT_F.KC","2003","CTL","2","2_2_eriophorum",142,144
"DARING","DARING.TERNPLOT_F.KC","2003","CTL","3a","3a_3a_eriophorum",138,141
"DARING","DARING.TERNPLOT_F.KC","2003","CTL","4","4_4_eriophorum",138,141
"DARING","DARING.TERNPLOT_F.KC","2003","CTL","5","5_5_eriophorum",138,141
"DARING","DARING.TERNPLOT_F.KC","2003","CTL","6","6_6_eriophorum",142,144
"DARING","DARING.TERNPLOT_F.KC","2003","CTL","7","7_7_eriophorum",142,144
"DARING","DARING.TERNPLOT_F.KC","2003","CTL","8","8_8_eriophorum",142,144
"DARING","DARING.TERNPLOT_F.KC","2003","CTL","9","9_9_eriophorum",142,144
"DARING","DARING.TERNPLOT_F.KC","2003","CTL","10","10_10_eriophorum",138,141
"DARING","DARING.TERNPLOT_F.KC","2003","CTL","11","11_11_eriophorum",142,144
"DARING","DARING.TERNPLOT_F.KC","2003","CTL","12","12_12_eriophorum",NA,NA
"DARING","DARING.TERNPLOT_F.KC","2003","CTL","13","13_13_eriophorum",138,141
"DARING","DARING.TERNPLOT_F.KC","2003","CTL","14","14_14_eriophorum",142,144
"DARING","DARING.TERNPLOT_F.KC","2003","CTL","15","15_15_eriophorum",142,144
"DARING","DARING.TERNPLOT_F.KC","2003","CTL","164","164_164_eriophorum",142,144
"DARING","DARING.TERNPLOT_F.KC","2003","CTL","166","166_166_eriophorum",138,141
"DARING","DARING.TERNPLOT_F.KC","2003","CTL","167","167_167_eriophorum",138,141
"DARING","DARING.TERNPLOT_F.KC","2003","CTL","174","174_174_eriophorum",142,144
"DARING","DARING.TERNPLOT_F.KC","2003","CTL","176","176_176_eriophorum",142,144
"DARING","DARING.TERNPLOT_F.KC","2003","CTL","179","179_179_eriophorum",138,141
"DARING","DARING.TERNPLOT_F.KC","2004","CTL","1","1_1_eriophorum",153,158
"DARING","DARING.TERNPLOT_F.KC","2004","CTL","2","2_2_eriophorum",153,158
"DARING","DARING.TERNPLOT_F.KC","2004","CTL","3a","3a_3a_eriophorum",153,158
"DARING","DARING.TERNPLOT_F.KC","2004","CTL","4","4_4_eriophorum",153,158
"DARING","DARING.TERNPLOT_F.KC","2004","CTL","5","5_5_eriophorum",153,158
"DARING","DARING.TERNPLOT_F.KC","2004","CTL","6","6_6_eriophorum",153,158
"DARING","DARING.TERNPLOT_F.KC","2004","CTL","7","7_7_eriophorum",153,158
"DARING","DARING.TERNPLOT_F.KC","2004","CTL","8","8_8_eriophorum",153,158
"DARING","DARING.TERNPLOT_F.KC","2004","CTL","9","9_9_eriophorum",153,158
"DARING","DARING.TERNPLOT_F.KC","2004","CTL","10","10_10_eriophorum",153,158
"DARING","DARING.TERNPLOT_F.KC","2004","CTL","11","11_11_eriophorum",153,158
"DARING","DARING.TERNPLOT_F.KC","2004","CTL","12","12_12_eriophorum",NA,NA
"DARING","DARING.TERNPLOT_F.KC","2004","CTL","13","13_13_eriophorum",153,158
"DARING","DARING.TERNPLOT_F.KC","2004","CTL","14","14_14_eriophorum",153,158
"DARING","DARING.TERNPLOT_F.KC","2004","CTL","15","15_15_eriophorum",153,158
"DARING","DARING.TERNPLOT_F.KC","2004","CTL","164","164_164_eriophorum",153,158
"DARING","DARING.TERNPLOT_F.KC","2004","CTL","166","166_166_eriophorum",153,158
"DARING","DARING.TERNPLOT_F.KC","2004","CTL","167","167_167_eriophorum",153,158
"DARING","DARING.TERNPLOT_F.KC","2004","CTL","174","174_174_eriophorum",153,158
"DARING","DARING.TERNPLOT_F.KC","2004","CTL","176","176_176_eriophorum",153,158
"DARING","DARING.TERNPLOT_F.KC","2004","CTL","179","179_179_eriophorum",153,158
"DARING","DARING.TERNPLOT_F.KC","2005","CTL","1","1_1_eriophorum",148,149
"DARING","DARING.TERNPLOT_F.KC","2005","CTL","2","2_2_eriophorum",146,148
"DARING","DARING.TERNPLOT_F.KC","2005","CTL","3a","3a_3a_eriophorum",149,150
"DARING","DARING.TERNPLOT_F.KC","2005","CTL","4","4_4_eriophorum",151,152
"DARING","DARING.TERNPLOT_F.KC","2005","CTL","5","5_5_eriophorum",149,150
"DARING","DARING.TERNPLOT_F.KC","2005","CTL","6","6_6_eriophorum",149,150
"DARING","DARING.TERNPLOT_F.KC","2005","CTL","7","7_7_eriophorum",153,154
"DARING","DARING.TERNPLOT_F.KC","2005","CTL","8","8_8_eriophorum",149,150
"DARING","DARING.TERNPLOT_F.KC","2005","CTL","9","9_9_eriophorum",149,150
"DARING","DARING.TERNPLOT_F.KC","2005","CTL","10","10_10_eriophorum",152,153
"DARING","DARING.TERNPLOT_F.KC","2005","CTL","11","11_11_eriophorum",152,153
"DARING","DARING.TERNPLOT_F.KC","2005","CTL","13","13_13_eriophorum",146,148
"DARING","DARING.TERNPLOT_F.KC","2005","CTL","14","14_14_eriophorum",153,154
"DARING","DARING.TERNPLOT_F.KC","2005","CTL","15","15_15_eriophorum",149,150
"DARING","DARING.TERNPLOT_F.KC","2005","CTL","164","164_164_eriophorum",153,154
"DARING","DARING.TERNPLOT_F.KC","2005","CTL","166","166_166_eriophorum",153,154
"DARING","DARING.TERNPLOT_F.KC","2005","CTL","167","167_167_eriophorum",153,154
"DARING","DARING.TERNPLOT_F.KC","2005","CTL","174","174_174_eriophorum",151,152
"DARING","DARING.TERNPLOT_F.KC","2005","CTL","176","176_176_eriophorum",149,150
"DARING","DARING.TERNPLOT_F.KC","2005","CTL","179","179_179_eriophorum",149,150
"DARING","DARING.TERNPLOT_F.KC","2006","CTL","179","179_179_eriophorum",132,136
"DARING","DARING.TERNPLOT_F.KC","2006","CTL","4","4_4_eriophorum",132,136
"DARING","DARING.TERNPLOT_F.KC","2006","CTL","3a","3a_3a_eriophorum",132,136
"DARING","DARING.TERNPLOT_F.KC","2006","CTL","10","10_10_eriophorum",132,136
"DARING","DARING.TERNPLOT_F.KC","2006","CTL","11","11_11_eriophorum",132,136
"DARING","DARING.TERNPLOT_F.KC","2006","CTL","164","164_164_eriophorum",132,136
"DARING","DARING.TERNPLOT_F.KC","2006","CTL","13","13_13_eriophorum",132,136
"DARING","DARING.TERNPLOT_F.KC","2006","CTL","166","166_166_eriophorum",132,136
"DARING","DARING.TERNPLOT_F.KC","2006","CTL","1","1_1_eriophorum",132,136
"DARING","DARING.TERNPLOT_F.KC","2006","CTL","7","7_7_eriophorum",132,136
"DARING","DARING.TERNPLOT_F.KC","2006","CTL","14","14_14_eriophorum",132,136
"DARING","DARING.TERNPLOT_F.KC","2006","CTL","15","15_15_eriophorum",132,136
"DARING","DARING.TERNPLOT_F.KC","2006","CTL","9","9_9_eriophorum",132,136
"DARING","DARING.TERNPLOT_F.KC","2006","CTL","8","8_8_eriophorum",132,136
"DARING","DARING.TERNPLOT_F.KC","2006","CTL","176","176_176_eriophorum",132,136
"DARING","DARING.TERNPLOT_F.KC","2006","CTL","6","6_6_eriophorum",132,136
"DARING","DARING.TERNPLOT_F.KC","2006","CTL","174","174_174_eriophorum",132,136
"DARING","DARING.TERNPLOT_F.KC","2006","CTL","5","5_5_eriophorum",132,136
"DARING","DARING.TERNPLOT_F.KC","2006","CTL","2","2_2_eriophorum",132,136
"DARING","DARING.TERNPLOT_F.KC","2006","CTL","167","167_167_eriophorum",132,136
"DARING","DARING.TERNPLOT_F.KC","2007","CTL","3a","3a_3a_eriophorum",139,144
"DARING","DARING.TERNPLOT_F.KC","2007","CTL","10","10_10_eriophorum",145,147
"DARING","DARING.TERNPLOT_F.KC","2007","CTL","11","11_11_eriophorum",144,145
"DARING","DARING.TERNPLOT_F.KC","2007","CTL","164","164_164_eriophorum",144,145
"DARING","DARING.TERNPLOT_F.KC","2007","CTL","167","167_167_eriophorum",144,145
"DARING","DARING.TERNPLOT_F.KC","2007","CTL","166","166_166_eriophorum",144,145
"DARING","DARING.TERNPLOT_F.KC","2007","CTL","13","13_13_eriophorum",139,144
"DARING","DARING.TERNPLOT_F.KC","2007","CTL","4","4_4_eriophorum",145,147
"DARING","DARING.TERNPLOT_F.KC","2007","CTL","179","179_179_eriophorum",144,145
"DARING","DARING.TERNPLOT_F.KC","2007","CTL","5","5_5_eriophorum",144,145
"DARING","DARING.TERNPLOT_F.KC","2007","CTL","2","2_2_eriophorum",139,144
"DARING","DARING.TERNPLOT_F.KC","2007","CTL","174","174_174_eriophorum",139,144
"DARING","DARING.TERNPLOT_F.KC","2007","CTL","1","1_1_eriophorum",139,144
"DARING","DARING.TERNPLOT_F.KC","2007","CTL","7","7_7_eriophorum",139,144
"DARING","DARING.TERNPLOT_F.KC","2007","CTL","8","8_8_eriophorum",139,144
"DARING","DARING.TERNPLOT_F.KC","2007","CTL","9","9_9_eriophorum",147,150
"DARING","DARING.TERNPLOT_F.KC","2007","CTL","15","15_15_eriophorum",145,147
"DARING","DARING.TERNPLOT_F.KC","2007","CTL","14","14_14_eriophorum",144,145
"DARING","DARING.TERNPLOT_F.KC","2007","CTL","176","176_176_eriophorum",144,145
"DARING","DARING.TERNPLOT_F.KC","2007","CTL","6","6_6_eriophorum",147,150
"DARING","DARING.TERNPLOT_F.KC","2008","CTL","3a","3a_3a_eriophorum",127,142
"DARING","DARING.TERNPLOT_F.KC","2008","CTL","10","10_10_eriophorum",127,142
"DARING","DARING.TERNPLOT_F.KC","2008","CTL","11","11_11_eriophorum",127,142
"DARING","DARING.TERNPLOT_F.KC","2008","CTL","164","164_164_eriophorum",127,142
"DARING","DARING.TERNPLOT_F.KC","2008","CTL","167","167_167_eriophorum",127,142
"DARING","DARING.TERNPLOT_F.KC","2008","CTL","166","166_166_eriophorum",127,142
"DARING","DARING.TERNPLOT_F.KC","2008","CTL","13","13_13_eriophorum",127,142
"DARING","DARING.TERNPLOT_F.KC","2008","CTL","4","4_4_eriophorum",127,142
"DARING","DARING.TERNPLOT_F.KC","2008","CTL","179","179_179_eriophorum",127,142
"DARING","DARING.TERNPLOT_F.KC","2008","CTL","5","5_5_eriophorum",127,142
"DARING","DARING.TERNPLOT_F.KC","2008","CTL","2","2_2_eriophorum",127,142
"DARING","DARING.TERNPLOT_F.KC","2008","CTL","174","174_174_eriophorum",127,142
"DARING","DARING.TERNPLOT_F.KC","2008","CTL","1","1_1_eriophorum",127,142
"DARING","DARING.TERNPLOT_F.KC","2008","CTL","7","7_7_eriophorum",127,142
"DARING","DARING.TERNPLOT_F.KC","2008","CTL","8","8_8_eriophorum",127,142
"DARING","DARING.TERNPLOT_F.KC","2008","CTL","9","9_9_eriophorum",127,142
"DARING","DARING.TERNPLOT_F.KC","2008","CTL","15","15_15_eriophorum",127,142
"DARING","DARING.TERNPLOT_F.KC","2008","CTL","14","14_14_eriophorum",127,142
"DARING","DARING.TERNPLOT_F.KC","2008","CTL","176","176_176_eriophorum",127,142
"DARING","DARING.TERNPLOT_F.KC","2008","CTL","6","6_6_eriophorum",127,142
"DARING","DARING.TERNPLOT_F.KC","2009","CTL","1","1_1_eriophorum",147,153
"DARING","DARING.TERNPLOT_F.KC","2009","CTL","2","2_2_eriophorum",147,153
"DARING","DARING.TERNPLOT_F.KC","2009","CTL","3a","3a_3a_eriophorum",147,153
"DARING","DARING.TERNPLOT_F.KC","2009","CTL","4","4_4_eriophorum",147,153
"DARING","DARING.TERNPLOT_F.KC","2009","CTL","5","5_5_eriophorum",147,153
"DARING","DARING.TERNPLOT_F.KC","2009","CTL","6","6_6_eriophorum",147,153
"DARING","DARING.TERNPLOT_F.KC","2009","CTL","7","7_7_eriophorum",157,158
"DARING","DARING.TERNPLOT_F.KC","2009","CTL","8","8_8_eriophorum",147,153
"DARING","DARING.TERNPLOT_F.KC","2009","CTL","9","9_9_eriophorum",147,153
"DARING","DARING.TERNPLOT_F.KC","2009","CTL","10","10_10_eriophorum",147,153
"DARING","DARING.TERNPLOT_F.KC","2009","CTL","11","11_11_eriophorum",147,153
"DARING","DARING.TERNPLOT_F.KC","2009","CTL","13","13_13_eriophorum",147,153
"DARING","DARING.TERNPLOT_F.KC","2009","CTL","14","14_14_eriophorum",147,153
"DARING","DARING.TERNPLOT_F.KC","2009","CTL","15","15_15_eriophorum",157,158
"DARING","DARING.TERNPLOT_F.KC","2009","CTL","164","164_164_eriophorum",147,153
"DARING","DARING.TERNPLOT_F.KC","2009","CTL","166","166_166_eriophorum",147,153
"DARING","DARING.TERNPLOT_F.KC","2009","CTL","167","167_167_eriophorum",147,153
"DARING","DARING.TERNPLOT_F.KC","2009","CTL","174","174_174_eriophorum",147,153
"DARING","DARING.TERNPLOT_F.KC","2009","CTL","176","176_176_eriophorum",147,153
"DARING","DARING.TERNPLOT_F.KC","2009","CTL","179","179_179_eriophorum",147,153
"DARING","DARING.TERNPLOT_F.KC","2010","CTL","1","1_1_eriophorum",148,151
"DARING","DARING.TERNPLOT_F.KC","2010","CTL","2","2_2_eriophorum",148,151
"DARING","DARING.TERNPLOT_F.KC","2010","CTL","3a","3a_3a_eriophorum",148,151
"DARING","DARING.TERNPLOT_F.KC","2010","CTL","4","4_4_eriophorum",148,151
"DARING","DARING.TERNPLOT_F.KC","2010","CTL","5","5_5_eriophorum",148,151
"DARING","DARING.TERNPLOT_F.KC","2010","CTL","6","6_6_eriophorum",148,151
"DARING","DARING.TERNPLOT_F.KC","2010","CTL","7","7_7_eriophorum",148,151
"DARING","DARING.TERNPLOT_F.KC","2010","CTL","8","8_8_eriophorum",148,151
"DARING","DARING.TERNPLOT_F.KC","2010","CTL","9","9_9_eriophorum",148,151
"DARING","DARING.TERNPLOT_F.KC","2010","CTL","10","10_10_eriophorum",148,151
"DARING","DARING.TERNPLOT_F.KC","2010","CTL","11","11_11_eriophorum",148,151
"DARING","DARING.TERNPLOT_F.KC","2010","CTL","13","13_13_eriophorum",148,151
"DARING","DARING.TERNPLOT_F.KC","2010","CTL","14","14_14_eriophorum",148,151
"DARING","DARING.TERNPLOT_F.KC","2010","CTL","15","15_15_eriophorum",148,151
"DARING","DARING.TERNPLOT_F.KC","2010","CTL","164","164_164_eriophorum",148,151
"DARING","DARING.TERNPLOT_F.KC","2010","CTL","166","166_166_eriophorum",148,151
"DARING","DARING.TERNPLOT_F.KC","2010","CTL","167","167_167_eriophorum",148,151
"DARING","DARING.TERNPLOT_F.KC","2010","CTL","174","174_174_eriophorum",148,151
"DARING","DARING.TERNPLOT_F.KC","2010","CTL","176","176_176_eriophorum",148,151
"DARING","DARING.TERNPLOT_F.KC","2010","CTL","179","179_179_eriophorum",148,151
"DARING","DARING.TERNPLOT_F.KC","2011","CTL","1","1_1_eriophorum",NA,NA
"DARING","DARING.TERNPLOT_F.KC","2011","CTL","2","2_2_eriophorum",NA,NA
"DARING","DARING.TERNPLOT_F.KC","2011","CTL","3a","3a_3a_eriophorum",NA,NA
"DARING","DARING.TERNPLOT_F.KC","2011","CTL","4","4_4_eriophorum",NA,NA
"DARING","DARING.TERNPLOT_F.KC","2011","CTL","5","5_5_eriophorum",NA,NA
"DARING","DARING.TERNPLOT_F.KC","2011","CTL","6","6_6_eriophorum",NA,NA
"DARING","DARING.TERNPLOT_F.KC","2011","CTL","7","7_7_eriophorum",NA,NA
"DARING","DARING.TERNPLOT_F.KC","2011","CTL","8","8_8_eriophorum",NA,NA
"DARING","DARING.TERNPLOT_F.KC","2011","CTL","9","9_9_eriophorum",NA,NA
"DARING","DARING.TERNPLOT_F.KC","2011","CTL","10","10_10_eriophorum",NA,NA
"DARING","DARING.TERNPLOT_F.KC","2011","CTL","11","11_11_eriophorum",NA,NA
"DARING","DARING.TERNPLOT_F.KC","2011","CTL","13","13_13_eriophorum",NA,NA
"DARING","DARING.TERNPLOT_F.KC","2011","CTL","15","15_15_eriophorum",NA,NA
"DARING","DARING.TERNPLOT_F.KC","2011","CTL","174","174_174_eriophorum",NA,NA
"DARING","DARING.TERNPLOT_F.KC","2011","CTL","179","179_179_eriophorum",NA,NA
"DARING","DARING.TERNPLOT_F.KC","2011","CTL","176","176_176_eriophorum",NA,NA
"DARING","DARING.TERNPLOT_F.KC","2011","CTL","164","164_164_eriophorum",NA,NA
"DARING","DARING.TERNPLOT_F.KC","2011","CTL","167","167_167_eriophorum",NA,NA
"DARING","DARING.TERNPLOT_F.KC","2011","CTL","166","166_166_eriophorum",NA,NA
"DARING","DARING.TERNPLOT_F.KC","2011","CTL","14","14_14_eriophorum",NA,NA
"DARING","DARING.TERNPLOT_F.KC","2012","CTL","4","4_4_eriophorum",NA,NA
"DARING","DARING.TERNPLOT_F.KC","2012","CTL","179","179_179_eriophorum",NA,NA
"DARING","DARING.TERNPLOT_F.KC","2012","CTL","5","5_5_eriophorum",NA,NA
"DARING","DARING.TERNPLOT_F.KC","2012","CTL","2","2_2_eriophorum",NA,NA
"DARING","DARING.TERNPLOT_F.KC","2012","CTL","176","176_176_eriophorum",NA,NA
"DARING","DARING.TERNPLOT_F.KC","2012","CTL","9","9_9_eriophorum",NA,NA
"DARING","DARING.TERNPLOT_F.KC","2012","CTL","6","6_6_eriophorum",NA,NA
"DARING","DARING.TERNPLOT_F.KC","2012","CTL","14","14_14_eriophorum",NA,NA
"DARING","DARING.TERNPLOT_F.KC","2012","CTL","15","15_15_eriophorum",NA,NA
"DARING","DARING.TERNPLOT_F.KC","2012","CTL","7","7_7_eriophorum",NA,NA
"DARING","DARING.TERNPLOT_F.KC","2012","CTL","1","1_1_eriophorum",NA,NA
"DARING","DARING.TERNPLOT_F.KC","2012","CTL","8","8_8_eriophorum",NA,NA
"DARING","DARING.TERNPLOT_F.KC","2012","CTL","174","174_174_eriophorum",NA,NA
"DARING","DARING.TERNPLOT_F.KC","2012","CTL","167","167_167_eriophorum",NA,NA
"DARING","DARING.TERNPLOT_F.KC","2012","CTL","11","11_11_eriophorum",NA,NA
"DARING","DARING.TERNPLOT_F.KC","2012","CTL","164","164_164_eriophorum",NA,NA
"DARING","DARING.TERNPLOT_F.KC","2012","CTL","10","10_10_eriophorum",NA,NA
"DARING","DARING.TERNPLOT_F.KC","2012","CTL","166","166_166_eriophorum",NA,NA
"DARING","DARING.TERNPLOT_F.KC","2012","CTL","13","13_13_eriophorum",NA,NA
"DARING","DARING.TERNPLOT_F.KC","2012","CTL","3a","3a_3a_eriophorum",NA,NA
"DARING","DARING.TERNPLOT_F.KC","2013","CTL","1","1_1_eriophorum",141,144
"DARING","DARING.TERNPLOT_F.KC","2013","CTL","2","2_2_eriophorum",NA,141
"DARING","DARING.TERNPLOT_F.KC","2013","CTL","3a","3a_3a_eriophorum",144,146
"DARING","DARING.TERNPLOT_F.KC","2013","CTL","4","4_4_eriophorum",144,146
"DARING","DARING.TERNPLOT_F.KC","2013","CTL","5","5_5_eriophorum",NA,141
"DARING","DARING.TERNPLOT_F.KC","2013","CTL","6","6_6_eriophorum",NA,141
"DARING","DARING.TERNPLOT_F.KC","2013","CTL","7","7_7_eriophorum",144,146
"DARING","DARING.TERNPLOT_F.KC","2013","CTL","8","8_8_eriophorum",NA,141
"DARING","DARING.TERNPLOT_F.KC","2013","CTL","9","9_9_eriophorum",NA,141
"DARING","DARING.TERNPLOT_F.KC","2013","CTL","10","10_10_eriophorum",144,146
"DARING","DARING.TERNPLOT_F.KC","2013","CTL","11","11_11_eriophorum",144,146
"DARING","DARING.TERNPLOT_F.KC","2013","CTL","13","13_13_eriophorum",141,144
"DARING","DARING.TERNPLOT_F.KC","2013","CTL","14","14_14_eriophorum",NA,141
"DARING","DARING.TERNPLOT_F.KC","2013","CTL","15","15_15_eriophorum",NA,141
"DARING","DARING.TERNPLOT_F.KC","2013","CTL","164","164_164_eriophorum",144,146
"DARING","DARING.TERNPLOT_F.KC","2013","CTL","166","166_166_eriophorum",141,144
"DARING","DARING.TERNPLOT_F.KC","2013","CTL","167","167_167_eriophorum",141,144
"DARING","DARING.TERNPLOT_F.KC","2013","CTL","174","174_174_eriophorum",NA,141
"DARING","DARING.TERNPLOT_F.KC","2013","CTL","176","176_176_eriophorum",NA,141
"DARING","DARING.TERNPLOT_F.KC","2013","CTL","179","179_179_eriophorum",NA,141
"DARING","DARING.TERNPLOT_F.KC","2014","CTL","1","1_1_eriophorum",134,145
"DARING","DARING.TERNPLOT_F.KC","2014","CTL","2","2_2_eriophorum",128,133
"DARING","DARING.TERNPLOT_F.KC","2014","CTL","3a","3a_3a_eriophorum",128,133
"DARING","DARING.TERNPLOT_F.KC","2014","CTL","4","4_4_eriophorum",128,133
"DARING","DARING.TERNPLOT_F.KC","2014","CTL","5","5_5_eriophorum",128,133
"DARING","DARING.TERNPLOT_F.KC","2014","CTL","6","6_6_eriophorum",128,133
"DARING","DARING.TERNPLOT_F.KC","2014","CTL","7","7_7_eriophorum",134,145
"DARING","DARING.TERNPLOT_F.KC","2014","CTL","8","8_8_eriophorum",128,133
"DARING","DARING.TERNPLOT_F.KC","2014","CTL","9","9_9_eriophorum",128,133
"DARING","DARING.TERNPLOT_F.KC","2014","CTL","10","10_10_eriophorum",128,133
"DARING","DARING.TERNPLOT_F.KC","2014","CTL","11","11_11_eriophorum",128,133
"DARING","DARING.TERNPLOT_F.KC","2014","CTL","13","13_13_eriophorum",128,133
"DARING","DARING.TERNPLOT_F.KC","2014","CTL","14","14_14_eriophorum",134,145
"DARING","DARING.TERNPLOT_F.KC","2014","CTL","15","15_15_eriophorum",134,145
"DARING","DARING.TERNPLOT_F.KC","2014","CTL","164","164_164_eriophorum",134,145
"DARING","DARING.TERNPLOT_F.KC","2014","CTL","166","166_166_eriophorum",128,133
"DARING","DARING.TERNPLOT_F.KC","2014","CTL","167","167_167_eriophorum",128,133
"DARING","DARING.TERNPLOT_F.KC","2014","CTL","174","174_174_eriophorum",128,133
"DARING","DARING.TERNPLOT_F.KC","2014","CTL","176","176_176_eriophorum",128,133
"DARING","DARING.TERNPLOT_F.KC","2014","CTL","179","179_179_eriophorum",128,133
"DARING","DARING.TERNPLOT_F.KC","2015","CTL","1","1_1_eriophorum",NA,132
"DARING","DARING.TERNPLOT_F.KC","2015","CTL","2","2_2_eriophorum",NA,132
"DARING","DARING.TERNPLOT_F.KC","2015","CTL","3a","3a_3a_eriophorum",NA,132
"DARING","DARING.TERNPLOT_F.KC","2015","CTL","4","4_4_eriophorum",NA,132
"DARING","DARING.TERNPLOT_F.KC","2015","CTL","5","5_5_eriophorum",NA,132
"DARING","DARING.TERNPLOT_F.KC","2015","CTL","6","6_6_eriophorum",NA,132
"DARING","DARING.TERNPLOT_F.KC","2015","CTL","7","7_7_eriophorum",NA,132
"DARING","DARING.TERNPLOT_F.KC","2015","CTL","8","8_8_eriophorum",NA,132
"DARING","DARING.TERNPLOT_F.KC","2015","CTL","9","9_9_eriophorum",NA,132
"DARING","DARING.TERNPLOT_F.KC","2015","CTL","10","10_10_eriophorum",NA,132
"DARING","DARING.TERNPLOT_F.KC","2015","CTL","11","11_11_eriophorum",NA,132
"DARING","DARING.TERNPLOT_F.KC","2015","CTL","13","13_13_eriophorum",NA,132
"DARING","DARING.TERNPLOT_F.KC","2015","CTL","14","14_14_eriophorum",NA,132
"DARING","DARING.TERNPLOT_F.KC","2015","CTL","15","15_15_eriophorum",NA,132
"DARING","DARING.TERNPLOT_F.KC","2015","CTL","164","164_164_eriophorum",NA,132
"DARING","DARING.TERNPLOT_F.KC","2015","CTL","166","166_166_eriophorum",NA,132
"DARING","DARING.TERNPLOT_F.KC","2015","CTL","167","167_167_eriophorum",NA,132
"DARING","DARING.TERNPLOT_F.KC","2015","CTL","174","174_174_eriophorum",NA,132
"DARING","DARING.TERNPLOT_F.KC","2015","CTL","176","176_176_eriophorum",NA,132
"DARING","DARING.TERNPLOT_F.KC","2015","CTL","179","179_179_eriophorum",NA,132
"DARING","DARING.TERNPLOT_F.KC","2016","CTL","1","1_1_eriophorum",126,137
"DARING","DARING.TERNPLOT_F.KC","2016","CTL","2","2_2_eriophorum",126,137
"DARING","DARING.TERNPLOT_F.KC","2016","CTL","3a","3a_3a_eriophorum",126,137
"DARING","DARING.TERNPLOT_F.KC","2016","CTL","4","4_4_eriophorum",126,137
"DARING","DARING.TERNPLOT_F.KC","2016","CTL","5","5_5_eriophorum",126,137
"DARING","DARING.TERNPLOT_F.KC","2016","CTL","6","6_6_eriophorum",126,137
"DARING","DARING.TERNPLOT_F.KC","2016","CTL","7","7_7_eriophorum",126,137
"DARING","DARING.TERNPLOT_F.KC","2016","CTL","8","8_8_eriophorum",126,137
"DARING","DARING.TERNPLOT_F.KC","2016","CTL","9","9_9_eriophorum",126,137
"DARING","DARING.TERNPLOT_F.KC","2016","CTL","10","10_10_eriophorum",126,137
"DARING","DARING.TERNPLOT_F.KC","2016","CTL","11","11_11_eriophorum",126,137
"DARING","DARING.TERNPLOT_F.KC","2016","CTL","13","13_13_eriophorum",126,137
"DARING","DARING.TERNPLOT_F.KC","2016","CTL","14","14_14_eriophorum",126,137
"DARING","DARING.TERNPLOT_F.KC","2016","CTL","15","15_15_eriophorum",126,137
"DARING","DARING.TERNPLOT_F.KC","2016","CTL","164","164_164_eriophorum",126,137
"DARING","DARING.TERNPLOT_F.KC","2016","CTL","166","166_166_eriophorum",138,140
"DARING","DARING.TERNPLOT_F.KC","2016","CTL","167","167_167_eriophorum",126,137
"DARING","DARING.TERNPLOT_F.KC","2016","CTL","174","174_174_eriophorum",126,137
"DARING","DARING.TERNPLOT_F.KC","2016","CTL","176","176_176_eriophorum",126,137
"DARING","DARING.TERNPLOT_F.KC","2016","CTL","179","179_179_eriophorum",140,142
"DARING","DARING.TERNPLOT_F.KC","2017","CTL","1","1_1_eriophorum",NA,150
"DARING","DARING.TERNPLOT_F.KC","2017","CTL","2","2_2_eriophorum",NA,150
"DARING","DARING.TERNPLOT_F.KC","2017","CTL","3a","3a_3a_eriophorum",NA,150
"DARING","DARING.TERNPLOT_F.KC","2017","CTL","4","4_4_eriophorum",NA,150
"DARING","DARING.TERNPLOT_F.KC","2017","CTL","5","5_5_eriophorum",NA,150
"DARING","DARING.TERNPLOT_F.KC","2017","CTL","6","6_6_eriophorum",NA,150
"DARING","DARING.TERNPLOT_F.KC","2017","CTL","7","7_7_eriophorum",NA,150
"DARING","DARING.TERNPLOT_F.KC","2017","CTL","8","8_8_eriophorum",NA,150
"DARING","DARING.TERNPLOT_F.KC","2017","CTL","9","9_9_eriophorum",NA,150
"DARING","DARING.TERNPLOT_F.KC","2017","CTL","10","10_10_eriophorum",NA,150
"DARING","DARING.TERNPLOT_F.KC","2017","CTL","11","11_11_eriophorum",NA,150
"DARING","DARING.TERNPLOT_F.KC","2017","CTL","13","13_13_eriophorum",NA,150
"DARING","DARING.TERNPLOT_F.KC","2017","CTL","14","14_14_eriophorum",NA,150
"DARING","DARING.TERNPLOT_F.KC","2017","CTL","15","15_15_eriophorum",NA,150
"DARING","DARING.TERNPLOT_F.KC","2017","CTL","164","164_164_eriophorum",NA,150
"DARING","DARING.TERNPLOT_F.KC","2017","CTL","166","166_166_eriophorum",NA,150
"DARING","DARING.TERNPLOT_F.KC","2017","CTL","167","167_167_eriophorum",NA,150
"DARING","DARING.TERNPLOT_F.KC","2017","CTL","174","174_174_eriophorum",NA,150
"DARING","DARING.TERNPLOT_F.KC","2017","CTL","176","176_176_eriophorum",NA,150
"DARING","DARING.TERNPLOT_F.KC","2017","CTL","179","179_179_eriophorum",NA,150
"DARING","DARING.TERNPLOT_F.KC","2018","CTL","1","1_1_eriophorum",NA,156
"DARING","DARING.TERNPLOT_F.KC","2018","CTL","2","2_2_eriophorum",NA,156
"DARING","DARING.TERNPLOT_F.KC","2018","CTL","3a","3a_3a_eriophorum",NA,156
"DARING","DARING.TERNPLOT_F.KC","2018","CTL","4","4_4_eriophorum",NA,156
"DARING","DARING.TERNPLOT_F.KC","2018","CTL","5","5_5_eriophorum",NA,156
"DARING","DARING.TERNPLOT_F.KC","2018","CTL","6","6_6_eriophorum",NA,156
"DARING","DARING.TERNPLOT_F.KC","2018","CTL","7","7_7_eriophorum",NA,156
"DARING","DARING.TERNPLOT_F.KC","2018","CTL","8","8_8_eriophorum",NA,156
"DARING","DARING.TERNPLOT_F.KC","2018","CTL","9","9_9_eriophorum",NA,156
"DARING","DARING.TERNPLOT_F.KC","2018","CTL","10","10_10_eriophorum",NA,156
"DARING","DARING.TERNPLOT_F.KC","2018","CTL","11","11_11_eriophorum",NA,156
"DARING","DARING.TERNPLOT_F.KC","2018","CTL","13","13_13_eriophorum",NA,156
"DARING","DARING.TERNPLOT_F.KC","2018","CTL","14","14_14_eriophorum",NA,156
"DARING","DARING.TERNPLOT_F.KC","2018","CTL","15","15_15_eriophorum",NA,156
"DARING","DARING.TERNPLOT_F.KC","2018","CTL","164","164_164_eriophorum",NA,156
"DARING","DARING.TERNPLOT_F.KC","2018","CTL","166","166_166_eriophorum",NA,156
"DARING","DARING.TERNPLOT_F.KC","2018","CTL","167","167_167_eriophorum",NA,156
"DARING","DARING.TERNPLOT_F.KC","2018","CTL","174","174_174_eriophorum",NA,156
"DARING","DARING.TERNPLOT_F.KC","2018","CTL","176","176_176_eriophorum",NA,156
"DARING","DARING.TERNPLOT_F.KC","2018","CTL","179","179_179_eriophorum",NA,156
"DARING","DARING.TERNPLOT_F.KC","2001","OTC","OTC1","EE1_OTC1_eriophorum",154,156
"DARING","DARING.TERNPLOT_F.KC","2001","OTC","OTC1","EE2_OTC1_eriophorum",154,156
"DARING","DARING.TERNPLOT_F.KC","2001","OTC","OTC1","EE3_OTC1_eriophorum",154,156
"DARING","DARING.TERNPLOT_F.KC","2001","OTC","OTC1","EE4_OTC1_eriophorum",154,156
"DARING","DARING.TERNPLOT_F.KC","2001","OTC","OTC1","EE5_OTC1_eriophorum",154,156
"DARING","DARING.TERNPLOT_F.KC","2001","OTC","OTC2","EE6_OTC2_eriophorum",154,156
"DARING","DARING.TERNPLOT_F.KC","2001","OTC","OTC2","EE7_OTC2_eriophorum",154,156
"DARING","DARING.TERNPLOT_F.KC","2001","OTC","OTC2","EE8_OTC2_eriophorum",154,156
"DARING","DARING.TERNPLOT_F.KC","2001","OTC","OTC2","EE9_OTC2_eriophorum",154,156
"DARING","DARING.TERNPLOT_F.KC","2001","OTC","OTC2","EE10_OTC2_eriophorum",154,156
"DARING","DARING.TERNPLOT_F.KC","2001","OTC","OTC3","EE11_OTC3_eriophorum",154,156
"DARING","DARING.TERNPLOT_F.KC","2001","OTC","OTC3","EE12_OTC3_eriophorum",154,156
"DARING","DARING.TERNPLOT_F.KC","2001","OTC","OTC3","EE13_OTC3_eriophorum",154,156
"DARING","DARING.TERNPLOT_F.KC","2001","OTC","OTC3","EE14_OTC3_eriophorum",154,156
"DARING","DARING.TERNPLOT_F.KC","2001","OTC","OTC3","EE15_OTC3_eriophorum",154,156
"DARING","DARING.TERNPLOT_F.KC","2001","OTC","OTC4","EE16_OTC4_eriophorum",154,156
"DARING","DARING.TERNPLOT_F.KC","2001","OTC","OTC4","EE17_OTC4_eriophorum",154,156
"DARING","DARING.TERNPLOT_F.KC","2001","OTC","OTC4","EE18_OTC4_eriophorum",154,156
"DARING","DARING.TERNPLOT_F.KC","2001","OTC","OTC4","EE19_OTC4_eriophorum",154,156
"DARING","DARING.TERNPLOT_F.KC","2001","OTC","OTC4","EE20_OTC4_eriophorum",154,156
"DARING","DARING.TERNPLOT_F.KC","2002","OTC","OTC1","EE1_OTC1_eriophorum",148,155
"DARING","DARING.TERNPLOT_F.KC","2002","OTC","OTC1","EE2_OTC1_eriophorum",148,155
"DARING","DARING.TERNPLOT_F.KC","2002","OTC","OTC1","EE3_OTC1_eriophorum",148,155
"DARING","DARING.TERNPLOT_F.KC","2002","OTC","OTC1","EE4_OTC1_eriophorum",148,155
"DARING","DARING.TERNPLOT_F.KC","2002","OTC","OTC1","EE5_OTC1_eriophorum",148,155
"DARING","DARING.TERNPLOT_F.KC","2002","OTC","OTC2","EE6_OTC2_eriophorum",148,155
"DARING","DARING.TERNPLOT_F.KC","2002","OTC","OTC2","EE7_OTC2_eriophorum",148,155
"DARING","DARING.TERNPLOT_F.KC","2002","OTC","OTC2","EE8_OTC2_eriophorum",126,144
"DARING","DARING.TERNPLOT_F.KC","2002","OTC","OTC2","EE9_OTC2_eriophorum",126,144
"DARING","DARING.TERNPLOT_F.KC","2002","OTC","OTC2","EE10_OTC2_eriophorum",148,155
"DARING","DARING.TERNPLOT_F.KC","2002","OTC","OTC3","EE11_OTC3_eriophorum",126,144
"DARING","DARING.TERNPLOT_F.KC","2002","OTC","OTC3","EE12_OTC3_eriophorum",146,148
"DARING","DARING.TERNPLOT_F.KC","2002","OTC","OTC3","EE13_OTC3_eriophorum",144,146
"DARING","DARING.TERNPLOT_F.KC","2002","OTC","OTC3","EE14_OTC3_eriophorum",146,148
"DARING","DARING.TERNPLOT_F.KC","2002","OTC","OTC3","EE15_OTC3_eriophorum",126,144
"DARING","DARING.TERNPLOT_F.KC","2002","OTC","OTC4","EE16_OTC4_eriophorum",126,144
"DARING","DARING.TERNPLOT_F.KC","2002","OTC","OTC4","EE17_OTC4_eriophorum",148,155
"DARING","DARING.TERNPLOT_F.KC","2002","OTC","OTC4","EE18_OTC4_eriophorum",146,148
"DARING","DARING.TERNPLOT_F.KC","2002","OTC","OTC4","EE19_OTC4_eriophorum",146,148
"DARING","DARING.TERNPLOT_F.KC","2002","OTC","OTC4","EE20_OTC4_eriophorum",148,155
"DARING","DARING.TERNPLOT_F.KC","2003","OTC","OTC1","EE1_OTC1_eriophorum",142,144
"DARING","DARING.TERNPLOT_F.KC","2003","OTC","OTC1","EE2_OTC1_eriophorum",142,144
"DARING","DARING.TERNPLOT_F.KC","2003","OTC","OTC1","EE3_OTC1_eriophorum",142,144
"DARING","DARING.TERNPLOT_F.KC","2003","OTC","OTC1","EE4_OTC1_eriophorum",142,144
"DARING","DARING.TERNPLOT_F.KC","2003","OTC","OTC1","EE5_OTC1_eriophorum",142,144
"DARING","DARING.TERNPLOT_F.KC","2003","OTC","OTC2","EE6_OTC2_eriophorum",142,144
"DARING","DARING.TERNPLOT_F.KC","2003","OTC","OTC2","EE7_OTC2_eriophorum",142,144
"DARING","DARING.TERNPLOT_F.KC","2003","OTC","OTC2","EE8_OTC2_eriophorum",144,148
"DARING","DARING.TERNPLOT_F.KC","2003","OTC","OTC2","EE9_OTC2_eriophorum",142,144
"DARING","DARING.TERNPLOT_F.KC","2003","OTC","OTC2","EE10_OTC2_eriophorum",144,148
"DARING","DARING.TERNPLOT_F.KC","2003","OTC","OTC3","EE11_OTC3_eriophorum",142,144
"DARING","DARING.TERNPLOT_F.KC","2003","OTC","OTC3","EE12_OTC3_eriophorum",144,148
"DARING","DARING.TERNPLOT_F.KC","2003","OTC","OTC3","EE13_OTC3_eriophorum",142,144
"DARING","DARING.TERNPLOT_F.KC","2003","OTC","OTC3","EE14_OTC3_eriophorum",142,144
"DARING","DARING.TERNPLOT_F.KC","2003","OTC","OTC3","EE15_OTC3_eriophorum",142,144
"DARING","DARING.TERNPLOT_F.KC","2003","OTC","OTC4","EE16_OTC4_eriophorum",142,144
"DARING","DARING.TERNPLOT_F.KC","2003","OTC","OTC4","EE17_OTC4_eriophorum",142,144
"DARING","DARING.TERNPLOT_F.KC","2003","OTC","OTC4","EE18_OTC4_eriophorum",142,144
"DARING","DARING.TERNPLOT_F.KC","2003","OTC","OTC4","EE19_OTC4_eriophorum",142,144
"DARING","DARING.TERNPLOT_F.KC","2003","OTC","OTC4","EE20_OTC4_eriophorum",142,144
"DARING","DARING.TERNPLOT_F.KC","2004","OTC","OTC1","EE1_OTC1_eriophorum",153,158
"DARING","DARING.TERNPLOT_F.KC","2004","OTC","OTC1","EE2_OTC1_eriophorum",153,158
"DARING","DARING.TERNPLOT_F.KC","2004","OTC","OTC1","EE3_OTC1_eriophorum",153,158
"DARING","DARING.TERNPLOT_F.KC","2004","OTC","OTC1","EE4_OTC1_eriophorum",153,158
"DARING","DARING.TERNPLOT_F.KC","2004","OTC","OTC1","EE5_OTC1_eriophorum",153,158
"DARING","DARING.TERNPLOT_F.KC","2004","OTC","OTC2","EE6_OTC2_eriophorum",153,158
"DARING","DARING.TERNPLOT_F.KC","2004","OTC","OTC2","EE7_OTC2_eriophorum",153,158
"DARING","DARING.TERNPLOT_F.KC","2004","OTC","OTC2","EE8_OTC2_eriophorum",153,158
"DARING","DARING.TERNPLOT_F.KC","2004","OTC","OTC2","EE9_OTC2_eriophorum",153,158
"DARING","DARING.TERNPLOT_F.KC","2004","OTC","OTC2","EE10_OTC2_eriophorum",153,158
"DARING","DARING.TERNPLOT_F.KC","2004","OTC","OTC3","EE11_OTC3_eriophorum",153,158
"DARING","DARING.TERNPLOT_F.KC","2004","OTC","OTC3","EE12_OTC3_eriophorum",153,158
"DARING","DARING.TERNPLOT_F.KC","2004","OTC","OTC3","EE13_OTC3_eriophorum",153,158
"DARING","DARING.TERNPLOT_F.KC","2004","OTC","OTC3","EE14_OTC3_eriophorum",153,158
"DARING","DARING.TERNPLOT_F.KC","2004","OTC","OTC3","EE15_OTC3_eriophorum",153,158
"DARING","DARING.TERNPLOT_F.KC","2004","OTC","OTC4","EE16_OTC4_eriophorum",153,158
"DARING","DARING.TERNPLOT_F.KC","2004","OTC","OTC4","EE17_OTC4_eriophorum",153,158
"DARING","DARING.TERNPLOT_F.KC","2004","OTC","OTC4","EE18_OTC4_eriophorum",153,158
"DARING","DARING.TERNPLOT_F.KC","2004","OTC","OTC4","EE19_OTC4_eriophorum",153,158
"DARING","DARING.TERNPLOT_F.KC","2004","OTC","OTC4","EE20_OTC4_eriophorum",153,158
"DARING","DARING.TERNPLOT_F.KC","2005","OTC","OTC1","EE1_OTC1_eriophorum",149,150
"DARING","DARING.TERNPLOT_F.KC","2005","OTC","OTC1","EE2_OTC1_eriophorum",149,150
"DARING","DARING.TERNPLOT_F.KC","2005","OTC","OTC1","EE3_OTC1_eriophorum",151,152
"DARING","DARING.TERNPLOT_F.KC","2005","OTC","OTC1","EE4_OTC1_eriophorum",150,151
"DARING","DARING.TERNPLOT_F.KC","2005","OTC","OTC1","EE5_OTC1_eriophorum",149,150
"DARING","DARING.TERNPLOT_F.KC","2005","OTC","OTC2","EE6_OTC2_eriophorum",149,150
"DARING","DARING.TERNPLOT_F.KC","2005","OTC","OTC2","EE7_OTC2_eriophorum",149,150
"DARING","DARING.TERNPLOT_F.KC","2005","OTC","OTC2","EE8_OTC2_eriophorum",150,151
"DARING","DARING.TERNPLOT_F.KC","2005","OTC","OTC2","EE9_OTC2_eriophorum",149,150
"DARING","DARING.TERNPLOT_F.KC","2005","OTC","OTC2","EE10_OTC2_eriophorum",150,151
"DARING","DARING.TERNPLOT_F.KC","2005","OTC","OTC3","EE11_OTC3_eriophorum",150,151
"DARING","DARING.TERNPLOT_F.KC","2005","OTC","OTC3","EE12_OTC3_eriophorum",150,151
"DARING","DARING.TERNPLOT_F.KC","2005","OTC","OTC3","EE13_OTC3_eriophorum",150,151
"DARING","DARING.TERNPLOT_F.KC","2005","OTC","OTC3","EE14_OTC3_eriophorum",149,150
"DARING","DARING.TERNPLOT_F.KC","2005","OTC","OTC3","EE15_OTC3_eriophorum",149,150
"DARING","DARING.TERNPLOT_F.KC","2005","OTC","OTC4","EE16_OTC4_eriophorum",149,150
"DARING","DARING.TERNPLOT_F.KC","2005","OTC","OTC4","EE17_OTC4_eriophorum",149,150
"DARING","DARING.TERNPLOT_F.KC","2005","OTC","OTC4","EE18_OTC4_eriophorum",150,151
"DARING","DARING.TERNPLOT_F.KC","2005","OTC","OTC4","EE19_OTC4_eriophorum",149,150
"DARING","DARING.TERNPLOT_F.KC","2005","OTC","OTC4","EE20_OTC4_eriophorum",149,150
"DARING","DARING.TERNPLOT_F.KC","2006","OTC","OTC2","EE8_OTC2_eriophorum",132,136
"DARING","DARING.TERNPLOT_F.KC","2006","OTC","OTC2","EE6_OTC2_eriophorum",132,136
"DARING","DARING.TERNPLOT_F.KC","2006","OTC","OTC2","EE7_OTC2_eriophorum",132,136
"DARING","DARING.TERNPLOT_F.KC","2006","OTC","OTC2","EE9_OTC2_eriophorum",132,136
"DARING","DARING.TERNPLOT_F.KC","2006","OTC","OTC2","EE10_OTC2_eriophorum",132,136
"DARING","DARING.TERNPLOT_F.KC","2006","OTC","OTC1","EE1_OTC1_eriophorum",132,136
"DARING","DARING.TERNPLOT_F.KC","2006","OTC","OTC1","EE2_OTC1_eriophorum",132,136
"DARING","DARING.TERNPLOT_F.KC","2006","OTC","OTC1","EE3_OTC1_eriophorum",132,136
"DARING","DARING.TERNPLOT_F.KC","2006","OTC","OTC1","EE4_OTC1_eriophorum",132,136
"DARING","DARING.TERNPLOT_F.KC","2006","OTC","OTC3","EE14_OTC3_eriophorum",132,136
"DARING","DARING.TERNPLOT_F.KC","2006","OTC","OTC3","EE12_OTC3_eriophorum",132,136
"DARING","DARING.TERNPLOT_F.KC","2006","OTC","OTC3","EE13_OTC3_eriophorum",132,136
"DARING","DARING.TERNPLOT_F.KC","2006","OTC","OTC3","EE15_OTC3_eriophorum",132,136
"DARING","DARING.TERNPLOT_F.KC","2006","OTC","OTC3","EE11_OTC3_eriophorum",132,136
"DARING","DARING.TERNPLOT_F.KC","2006","OTC","OTC4","EE19_OTC4_eriophorum",132,136
"DARING","DARING.TERNPLOT_F.KC","2006","OTC","OTC4","EE20_OTC4_eriophorum",132,136
"DARING","DARING.TERNPLOT_F.KC","2006","OTC","OTC4","EE17_OTC4_eriophorum",132,136
"DARING","DARING.TERNPLOT_F.KC","2006","OTC","OTC4","EE16_OTC4_eriophorum",132,136
"DARING","DARING.TERNPLOT_F.KC","2006","OTC","OTC4","EE18_OTC4_eriophorum",132,136
"DARING","DARING.TERNPLOT_F.KC","2006","OTC","OTC1","EE5_OTC1_eriophorum",132,136
"DARING","DARING.TERNPLOT_F.KC","2007","OTC","OTC2","EE6_OTC2_eriophorum",145,147
"DARING","DARING.TERNPLOT_F.KC","2007","OTC","OTC2","EE7_OTC2_eriophorum",145,147
"DARING","DARING.TERNPLOT_F.KC","2007","OTC","OTC2","EE8_OTC2_eriophorum",147,150
"DARING","DARING.TERNPLOT_F.KC","2007","OTC","OTC2","EE9_OTC2_eriophorum",145,147
"DARING","DARING.TERNPLOT_F.KC","2007","OTC","OTC2","EE10_OTC2_eriophorum",147,150
"DARING","DARING.TERNPLOT_F.KC","2007","OTC","OTC4","EE16_OTC4_eriophorum",145,147
"DARING","DARING.TERNPLOT_F.KC","2007","OTC","OTC4","EE17_OTC4_eriophorum",145,147
"DARING","DARING.TERNPLOT_F.KC","2007","OTC","OTC4","EE18_OTC4_eriophorum",145,147
"DARING","DARING.TERNPLOT_F.KC","2007","OTC","OTC4","EE19_OTC4_eriophorum",145,147
"DARING","DARING.TERNPLOT_F.KC","2007","OTC","OTC4","EE20_OTC4_eriophorum",145,147
"DARING","DARING.TERNPLOT_F.KC","2007","OTC","OTC1","EE1_OTC1_eriophorum",144,145
"DARING","DARING.TERNPLOT_F.KC","2007","OTC","OTC1","EE2_OTC1_eriophorum",145,147
"DARING","DARING.TERNPLOT_F.KC","2007","OTC","OTC1","EE3_OTC1_eriophorum",145,147
"DARING","DARING.TERNPLOT_F.KC","2007","OTC","OTC1","EE4_OTC1_eriophorum",145,147
"DARING","DARING.TERNPLOT_F.KC","2007","OTC","OTC1","EE5_OTC1_eriophorum",145,147
"DARING","DARING.TERNPLOT_F.KC","2007","OTC","OTC3","EE11_OTC3_eriophorum",145,147
"DARING","DARING.TERNPLOT_F.KC","2007","OTC","OTC3","EE12_OTC3_eriophorum",145,147
"DARING","DARING.TERNPLOT_F.KC","2007","OTC","OTC3","EE13_OTC3_eriophorum",145,147
"DARING","DARING.TERNPLOT_F.KC","2007","OTC","OTC3","EE14_OTC3_eriophorum",145,147
"DARING","DARING.TERNPLOT_F.KC","2007","OTC","OTC3","EE15_OTC3_eriophorum",145,147
"DARING","DARING.TERNPLOT_F.KC","2008","OTC","OTC1","EE1_OTC1_eriophorum",127,142
"DARING","DARING.TERNPLOT_F.KC","2008","OTC","OTC1","EE2_OTC1_eriophorum",127,142
"DARING","DARING.TERNPLOT_F.KC","2008","OTC","OTC1","EE3_OTC1_eriophorum",127,142
"DARING","DARING.TERNPLOT_F.KC","2008","OTC","OTC1","EE4_OTC1_eriophorum",127,142
"DARING","DARING.TERNPLOT_F.KC","2008","OTC","OTC1","EE5_OTC1_eriophorum",127,142
"DARING","DARING.TERNPLOT_F.KC","2008","OTC","OTC2","EE6_OTC2_eriophorum",127,142
"DARING","DARING.TERNPLOT_F.KC","2008","OTC","OTC2","EE7_OTC2_eriophorum",127,142
"DARING","DARING.TERNPLOT_F.KC","2008","OTC","OTC2","EE8_OTC2_eriophorum",127,142
"DARING","DARING.TERNPLOT_F.KC","2008","OTC","OTC2","EE9_OTC2_eriophorum",127,142
"DARING","DARING.TERNPLOT_F.KC","2008","OTC","OTC2","EE10_OTC2_eriophorum",127,142
"DARING","DARING.TERNPLOT_F.KC","2008","OTC","OTC3","EE11_OTC3_eriophorum",127,142
"DARING","DARING.TERNPLOT_F.KC","2008","OTC","OTC3","EE12_OTC3_eriophorum",127,142
"DARING","DARING.TERNPLOT_F.KC","2008","OTC","OTC3","EE13_OTC3_eriophorum",127,142
"DARING","DARING.TERNPLOT_F.KC","2008","OTC","OTC3","EE14_OTC3_eriophorum",127,142
"DARING","DARING.TERNPLOT_F.KC","2008","OTC","OTC3","EE15_OTC3_eriophorum",127,142
"DARING","DARING.TERNPLOT_F.KC","2008","OTC","OTC4","EE16_OTC4_eriophorum",127,142
"DARING","DARING.TERNPLOT_F.KC","2008","OTC","OTC4","EE17_OTC4_eriophorum",127,142
"DARING","DARING.TERNPLOT_F.KC","2008","OTC","OTC4","EE18_OTC4_eriophorum",127,142
"DARING","DARING.TERNPLOT_F.KC","2008","OTC","OTC4","EE19_OTC4_eriophorum",127,142
"DARING","DARING.TERNPLOT_F.KC","2008","OTC","OTC4","EE20_OTC4_eriophorum",127,142
"DARING","DARING.TERNPLOT_F.KC","2009","OTC","OTC1","EE1_OTC1_eriophorum",157,158
"DARING","DARING.TERNPLOT_F.KC","2009","OTC","OTC1","EE2_OTC1_eriophorum",158,159
"DARING","DARING.TERNPLOT_F.KC","2009","OTC","OTC1","EE3_OTC1_eriophorum",158,159
"DARING","DARING.TERNPLOT_F.KC","2009","OTC","OTC1","EE4_OTC1_eriophorum",158,159
"DARING","DARING.TERNPLOT_F.KC","2009","OTC","OTC1","EE5_OTC1_eriophorum",158,159
"DARING","DARING.TERNPLOT_F.KC","2009","OTC","OTC2","EE6_OTC2_eriophorum",158,159
"DARING","DARING.TERNPLOT_F.KC","2009","OTC","OTC2","EE7_OTC2_eriophorum",158,159
"DARING","DARING.TERNPLOT_F.KC","2009","OTC","OTC2","EE8_OTC2_eriophorum",158,159
"DARING","DARING.TERNPLOT_F.KC","2009","OTC","OTC2","EE9_OTC2_eriophorum",157,158
"DARING","DARING.TERNPLOT_F.KC","2009","OTC","OTC2","EE10_OTC2_eriophorum",159,161
"DARING","DARING.TERNPLOT_F.KC","2009","OTC","OTC3","EE11_OTC3_eriophorum",157,158
"DARING","DARING.TERNPLOT_F.KC","2009","OTC","OTC3","EE12_OTC3_eriophorum",158,159
"DARING","DARING.TERNPLOT_F.KC","2009","OTC","OTC3","EE13_OTC3_eriophorum",159,161
"DARING","DARING.TERNPLOT_F.KC","2009","OTC","OTC3","EE14_OTC3_eriophorum",155,157
"DARING","DARING.TERNPLOT_F.KC","2009","OTC","OTC3","EE15_OTC3_eriophorum",155,157
"DARING","DARING.TERNPLOT_F.KC","2009","OTC","OTC4","EE16_OTC4_eriophorum",155,157
"DARING","DARING.TERNPLOT_F.KC","2009","OTC","OTC4","EE17_OTC4_eriophorum",158,159
"DARING","DARING.TERNPLOT_F.KC","2009","OTC","OTC4","EE18_OTC4_eriophorum",158,159
"DARING","DARING.TERNPLOT_F.KC","2009","OTC","OTC4","EE19_OTC4_eriophorum",158,159
"DARING","DARING.TERNPLOT_F.KC","2009","OTC","OTC4","EE20_OTC4_eriophorum",158,159
"DARING","DARING.TERNPLOT_F.KC","2010","OTC","OTC1","EE1_OTC1_eriophorum",148,151
"DARING","DARING.TERNPLOT_F.KC","2010","OTC","OTC1","EE2_OTC1_eriophorum",148,151
"DARING","DARING.TERNPLOT_F.KC","2010","OTC","OTC1","EE3_OTC1_eriophorum",148,151
"DARING","DARING.TERNPLOT_F.KC","2010","OTC","OTC1","EE4_OTC1_eriophorum",148,151
"DARING","DARING.TERNPLOT_F.KC","2010","OTC","OTC1","EE5_OTC1_eriophorum",148,151
"DARING","DARING.TERNPLOT_F.KC","2010","OTC","OTC2","EE6_OTC2_eriophorum",148,151
"DARING","DARING.TERNPLOT_F.KC","2010","OTC","OTC2","EE7_OTC2_eriophorum",148,151
"DARING","DARING.TERNPLOT_F.KC","2010","OTC","OTC2","EE8_OTC2_eriophorum",148,151
"DARING","DARING.TERNPLOT_F.KC","2010","OTC","OTC2","EE9_OTC2_eriophorum",148,151
"DARING","DARING.TERNPLOT_F.KC","2010","OTC","OTC2","EE10_OTC2_eriophorum",148,151
"DARING","DARING.TERNPLOT_F.KC","2010","OTC","OTC3","EE11_OTC3_eriophorum",148,151
"DARING","DARING.TERNPLOT_F.KC","2010","OTC","OTC3","EE12_OTC3_eriophorum",148,151
"DARING","DARING.TERNPLOT_F.KC","2010","OTC","OTC3","EE13_OTC3_eriophorum",148,151
"DARING","DARING.TERNPLOT_F.KC","2010","OTC","OTC3","EE14_OTC3_eriophorum",148,151
"DARING","DARING.TERNPLOT_F.KC","2010","OTC","OTC3","EE15_OTC3_eriophorum",148,151
"DARING","DARING.TERNPLOT_F.KC","2010","OTC","OTC4","EE16_OTC4_eriophorum",148,151
"DARING","DARING.TERNPLOT_F.KC","2010","OTC","OTC4","EE17_OTC4_eriophorum",148,151
"DARING","DARING.TERNPLOT_F.KC","2010","OTC","OTC4","EE18_OTC4_eriophorum",148,151
"DARING","DARING.TERNPLOT_F.KC","2010","OTC","OTC4","EE19_OTC4_eriophorum",148,151
"DARING","DARING.TERNPLOT_F.KC","2010","OTC","OTC4","EE20_OTC4_eriophorum",148,151
"DARING","DARING.TERNPLOT_F.KC","2011","OTC","OTC1","EE1_OTC1_eriophorum",NA,NA
"DARING","DARING.TERNPLOT_F.KC","2011","OTC","OTC1","EE2_OTC1_eriophorum",NA,NA
"DARING","DARING.TERNPLOT_F.KC","2011","OTC","OTC1","EE3_OTC1_eriophorum",NA,NA
"DARING","DARING.TERNPLOT_F.KC","2011","OTC","OTC1","EE4_OTC1_eriophorum",NA,NA
"DARING","DARING.TERNPLOT_F.KC","2011","OTC","OTC1","EE5_OTC1_eriophorum",NA,NA
"DARING","DARING.TERNPLOT_F.KC","2011","OTC","OTC2","EE6_OTC2_eriophorum",NA,NA
"DARING","DARING.TERNPLOT_F.KC","2011","OTC","OTC2","EE7_OTC2_eriophorum",NA,NA
"DARING","DARING.TERNPLOT_F.KC","2011","OTC","OTC2","EE8_OTC2_eriophorum",NA,NA
"DARING","DARING.TERNPLOT_F.KC","2011","OTC","OTC2","EE9_OTC2_eriophorum",NA,NA
"DARING","DARING.TERNPLOT_F.KC","2011","OTC","OTC2","EE10_OTC2_eriophorum",NA,NA
"DARING","DARING.TERNPLOT_F.KC","2011","OTC","OTC3","EE11_OTC3_eriophorum",NA,NA
"DARING","DARING.TERNPLOT_F.KC","2011","OTC","OTC3","EE12_OTC3_eriophorum",NA,NA
"DARING","DARING.TERNPLOT_F.KC","2011","OTC","OTC3","EE13_OTC3_eriophorum",NA,NA
"DARING","DARING.TERNPLOT_F.KC","2011","OTC","OTC3","EE14_OTC3_eriophorum",NA,NA
"DARING","DARING.TERNPLOT_F.KC","2011","OTC","OTC3","EE15_OTC3_eriophorum",NA,NA
"DARING","DARING.TERNPLOT_F.KC","2011","OTC","OTC4","EE16_OTC4_eriophorum",NA,NA
"DARING","DARING.TERNPLOT_F.KC","2011","OTC","OTC4","EE17_OTC4_eriophorum",NA,NA
"DARING","DARING.TERNPLOT_F.KC","2011","OTC","OTC4","EE18_OTC4_eriophorum",NA,NA
"DARING","DARING.TERNPLOT_F.KC","2011","OTC","OTC4","EE19_OTC4_eriophorum",NA,NA
"DARING","DARING.TERNPLOT_F.KC","2011","OTC","OTC4","EE20_OTC4_eriophorum",NA,NA
"DARING","DARING.TERNPLOT_F.KC","2012","OTC","OTC1","EE4_OTC1_eriophorum",NA,NA
"DARING","DARING.TERNPLOT_F.KC","2012","OTC","OTC1","EE2_OTC1_eriophorum",NA,NA
"DARING","DARING.TERNPLOT_F.KC","2012","OTC","OTC1","EE3_OTC1_eriophorum",NA,NA
"DARING","DARING.TERNPLOT_F.KC","2012","OTC","OTC1","EE5_OTC1_eriophorum",NA,NA
"DARING","DARING.TERNPLOT_F.KC","2012","OTC","OTC1","EE1_OTC1_eriophorum",NA,NA
"DARING","DARING.TERNPLOT_F.KC","2012","OTC","E14","E14_E14_eriophorum",NA,NA
"DARING","DARING.TERNPLOT_F.KC","2012","OTC","OTC3","EE12_OTC3_eriophorum",NA,NA
"DARING","DARING.TERNPLOT_F.KC","2012","OTC","OTC3","EE11_OTC3_eriophorum",NA,NA
"DARING","DARING.TERNPLOT_F.KC","2012","OTC","OTC3","EE13_OTC3_eriophorum",NA,NA
"DARING","DARING.TERNPLOT_F.KC","2012","OTC","OTC3","EE15_OTC3_eriophorum",NA,NA
"DARING","DARING.TERNPLOT_F.KC","2012","OTC","OTC4","EE19_OTC4_eriophorum",NA,NA
"DARING","DARING.TERNPLOT_F.KC","2012","OTC","OTC4","EE18_OTC4_eriophorum",NA,NA
"DARING","DARING.TERNPLOT_F.KC","2012","OTC","OTC4","EE16_OTC4_eriophorum",NA,NA
"DARING","DARING.TERNPLOT_F.KC","2012","OTC","OTC4","EE20_OTC4_eriophorum",NA,NA
"DARING","DARING.TERNPLOT_F.KC","2012","OTC","OTC4","EE17_OTC4_eriophorum",NA,NA
"DARING","DARING.TERNPLOT_F.KC","2012","OTC","OTC2","EE6_OTC2_eriophorum",NA,NA
"DARING","DARING.TERNPLOT_F.KC","2012","OTC","OTC2","EE7_OTC2_eriophorum",NA,NA
"DARING","DARING.TERNPLOT_F.KC","2012","OTC","OTC2","EE9_OTC2_eriophorum",NA,NA
"DARING","DARING.TERNPLOT_F.KC","2012","OTC","OTC2","EE10_OTC2_eriophorum",NA,NA
"DARING","DARING.TERNPLOT_F.KC","2012","OTC","OTC2","EE8_OTC2_eriophorum",NA,NA
"DARING","DARING.TERNPLOT_F.KC","2013","OTC","OTC1","EE1_OTC1_eriophorum",141,144
"DARING","DARING.TERNPLOT_F.KC","2013","OTC","OTC1","EE2_OTC1_eriophorum",NA,141
"DARING","DARING.TERNPLOT_F.KC","2013","OTC","OTC1","EE3_OTC1_eriophorum",141,144
"DARING","DARING.TERNPLOT_F.KC","2013","OTC","OTC1","EE4_OTC1_eriophorum",141,144
"DARING","DARING.TERNPLOT_F.KC","2013","OTC","OTC1","EE5_OTC1_eriophorum",NA,141
"DARING","DARING.TERNPLOT_F.KC","2013","OTC","OTC2","EE6_OTC2_eriophorum",NA,141
"DARING","DARING.TERNPLOT_F.KC","2013","OTC","OTC2","EE7_OTC2_eriophorum",144,146
"DARING","DARING.TERNPLOT_F.KC","2013","OTC","OTC2","EE8_OTC2_eriophorum",NA,141
"DARING","DARING.TERNPLOT_F.KC","2013","OTC","OTC2","EE9_OTC2_eriophorum",144,146
"DARING","DARING.TERNPLOT_F.KC","2013","OTC","OTC2","EE10_OTC2_eriophorum",144,146
"DARING","DARING.TERNPLOT_F.KC","2013","OTC","OTC3","EE11_OTC3_eriophorum",141,144
"DARING","DARING.TERNPLOT_F.KC","2013","OTC","OTC3","EE12_OTC3_eriophorum",141,144
"DARING","DARING.TERNPLOT_F.KC","2013","OTC","OTC3","EE13_OTC3_eriophorum",141,144
"DARING","DARING.TERNPLOT_F.KC","2013","OTC","OTC3","EE14_OTC3_eriophorum",NA,141
"DARING","DARING.TERNPLOT_F.KC","2013","OTC","OTC3","EE15_OTC3_eriophorum",141,144
"DARING","DARING.TERNPLOT_F.KC","2013","OTC","OTC4","EE16_OTC4_eriophorum",NA,141
"DARING","DARING.TERNPLOT_F.KC","2013","OTC","OTC4","EE17_OTC4_eriophorum",141,144
"DARING","DARING.TERNPLOT_F.KC","2013","OTC","OTC4","EE18_OTC4_eriophorum",141,144
"DARING","DARING.TERNPLOT_F.KC","2013","OTC","OTC4","EE19_OTC4_eriophorum",141,144
"DARING","DARING.TERNPLOT_F.KC","2013","OTC","OTC4","EE20_OTC4_eriophorum",141,144
"DARING","DARING.TERNPLOT_F.KC","2014","OTC","OTC1","EE1_OTC1_eriophorum",134,145
"DARING","DARING.TERNPLOT_F.KC","2014","OTC","OTC1","EE2_OTC1_eriophorum",134,145
"DARING","DARING.TERNPLOT_F.KC","2014","OTC","OTC1","EE3_OTC1_eriophorum",134,145
"DARING","DARING.TERNPLOT_F.KC","2014","OTC","OTC1","EE4_OTC1_eriophorum",134,145
"DARING","DARING.TERNPLOT_F.KC","2014","OTC","OTC1","EE5_OTC1_eriophorum",134,145
"DARING","DARING.TERNPLOT_F.KC","2014","OTC","OTC2","EE6_OTC2_eriophorum",134,145
"DARING","DARING.TERNPLOT_F.KC","2014","OTC","OTC2","EE7_OTC2_eriophorum",134,145
"DARING","DARING.TERNPLOT_F.KC","2014","OTC","OTC2","EE8_OTC2_eriophorum",134,145
"DARING","DARING.TERNPLOT_F.KC","2014","OTC","OTC2","EE9_OTC2_eriophorum",134,145
"DARING","DARING.TERNPLOT_F.KC","2014","OTC","OTC2","EE10_OTC2_eriophorum",134,145
"DARING","DARING.TERNPLOT_F.KC","2014","OTC","OTC3","EE11_OTC3_eriophorum",134,145
"DARING","DARING.TERNPLOT_F.KC","2014","OTC","OTC3","EE12_OTC3_eriophorum",134,145
"DARING","DARING.TERNPLOT_F.KC","2014","OTC","OTC3","EE13_OTC3_eriophorum",134,145
"DARING","DARING.TERNPLOT_F.KC","2014","OTC","OTC3","EE14_OTC3_eriophorum",134,145
"DARING","DARING.TERNPLOT_F.KC","2014","OTC","OTC3","EE15_OTC3_eriophorum",134,145
"DARING","DARING.TERNPLOT_F.KC","2014","OTC","OTC4","EE16_OTC4_eriophorum",134,145
"DARING","DARING.TERNPLOT_F.KC","2014","OTC","OTC4","EE17_OTC4_eriophorum",134,145
"DARING","DARING.TERNPLOT_F.KC","2014","OTC","OTC4","EE18_OTC4_eriophorum",134,145
"DARING","DARING.TERNPLOT_F.KC","2014","OTC","OTC4","EE19_OTC4_eriophorum",134,145
"DARING","DARING.TERNPLOT_F.KC","2014","OTC","OTC4","EE20_OTC4_eriophorum",134,145
"DARING","DARING.TERNPLOT_F.KC","2015","OTC","OTC1","EE1_OTC1_eriophorum",132,133
"DARING","DARING.TERNPLOT_F.KC","2015","OTC","OTC1","EE2_OTC1_eriophorum",132,133
"DARING","DARING.TERNPLOT_F.KC","2015","OTC","OTC1","EE3_OTC1_eriophorum",132,133
"DARING","DARING.TERNPLOT_F.KC","2015","OTC","OTC1","EE4_OTC1_eriophorum",132,133
"DARING","DARING.TERNPLOT_F.KC","2015","OTC","OTC1","EE5_OTC1_eriophorum",132,133
"DARING","DARING.TERNPLOT_F.KC","2015","OTC","OTC2","EE6_OTC2_eriophorum",132,133
"DARING","DARING.TERNPLOT_F.KC","2015","OTC","OTC2","EE7_OTC2_eriophorum",132,133
"DARING","DARING.TERNPLOT_F.KC","2015","OTC","OTC2","EE8_OTC2_eriophorum",132,133
"DARING","DARING.TERNPLOT_F.KC","2015","OTC","OTC2","EE9_OTC2_eriophorum",132,133
"DARING","DARING.TERNPLOT_F.KC","2015","OTC","OTC2","EE10_OTC2_eriophorum",132,133
"DARING","DARING.TERNPLOT_F.KC","2015","OTC","OTC3","EE11_OTC3_eriophorum",132,133
"DARING","DARING.TERNPLOT_F.KC","2015","OTC","OTC3","EE12_OTC3_eriophorum",132,133
"DARING","DARING.TERNPLOT_F.KC","2015","OTC","OTC3","EE13_OTC3_eriophorum",132,133
"DARING","DARING.TERNPLOT_F.KC","2015","OTC","OTC3","EE14_OTC3_eriophorum",132,133
"DARING","DARING.TERNPLOT_F.KC","2015","OTC","OTC3","EE15_OTC3_eriophorum",132,133
"DARING","DARING.TERNPLOT_F.KC","2015","OTC","OTC4","EE16_OTC4_eriophorum",132,133
"DARING","DARING.TERNPLOT_F.KC","2015","OTC","OTC4","EE17_OTC4_eriophorum",132,133
"DARING","DARING.TERNPLOT_F.KC","2015","OTC","OTC4","EE18_OTC4_eriophorum",132,133
"DARING","DARING.TERNPLOT_F.KC","2015","OTC","OTC4","EE19_OTC4_eriophorum",132,133
"DARING","DARING.TERNPLOT_F.KC","2015","OTC","OTC4","EE20_OTC4_eriophorum",132,133
"DARING","DARING.TERNPLOT_F.KC","2016","OTC","OTC1","EE1_OTC1_eriophorum",137,138
"DARING","DARING.TERNPLOT_F.KC","2016","OTC","OTC1","EE2_OTC1_eriophorum",140,142
"DARING","DARING.TERNPLOT_F.KC","2016","OTC","OTC1","EE3_OTC1_eriophorum",NA,NA
"DARING","DARING.TERNPLOT_F.KC","2016","OTC","OTC1","EE4_OTC1_eriophorum",140,142
"DARING","DARING.TERNPLOT_F.KC","2016","OTC","OTC1","EE5_OTC1_eriophorum",140,142
"DARING","DARING.TERNPLOT_F.KC","2016","OTC","OTC2","EE6_OTC2_eriophorum",126,137
"DARING","DARING.TERNPLOT_F.KC","2016","OTC","OTC2","EE7_OTC2_eriophorum",126,137
"DARING","DARING.TERNPLOT_F.KC","2016","OTC","OTC2","EE8_OTC2_eriophorum",126,137
"DARING","DARING.TERNPLOT_F.KC","2016","OTC","OTC2","EE9_OTC2_eriophorum",126,137
"DARING","DARING.TERNPLOT_F.KC","2016","OTC","OTC2","EE10_OTC2_eriophorum",126,137
"DARING","DARING.TERNPLOT_F.KC","2016","OTC","OTC3","EE11_OTC3_eriophorum",126,137
"DARING","DARING.TERNPLOT_F.KC","2016","OTC","OTC3","EE12_OTC3_eriophorum",126,137
"DARING","DARING.TERNPLOT_F.KC","2016","OTC","OTC3","EE13_OTC3_eriophorum",126,137
"DARING","DARING.TERNPLOT_F.KC","2016","OTC","OTC3","EE14_OTC3_eriophorum",126,137
"DARING","DARING.TERNPLOT_F.KC","2016","OTC","OTC3","EE15_OTC3_eriophorum",126,137
"DARING","DARING.TERNPLOT_F.KC","2016","OTC","OTC4","EE16_OTC4_eriophorum",126,137
"DARING","DARING.TERNPLOT_F.KC","2016","OTC","OTC4","EE17_OTC4_eriophorum",126,137
"DARING","DARING.TERNPLOT_F.KC","2016","OTC","OTC4","EE18_OTC4_eriophorum",126,137
"DARING","DARING.TERNPLOT_F.KC","2016","OTC","OTC4","EE19_OTC4_eriophorum",126,137
"DARING","DARING.TERNPLOT_F.KC","2016","OTC","OTC4","EE20_OTC4_eriophorum",126,137
"DARING","DARING.TERNPLOT_F.KC","2017","OTC","OTC1","EE1_OTC1_eriophorum",NA,150
"DARING","DARING.TERNPLOT_F.KC","2017","OTC","OTC1","EE2_OTC1_eriophorum",NA,150
"DARING","DARING.TERNPLOT_F.KC","2017","OTC","OTC1","EE3_OTC1_eriophorum",NA,150
"DARING","DARING.TERNPLOT_F.KC","2017","OTC","OTC1","EE4_OTC1_eriophorum",NA,150
"DARING","DARING.TERNPLOT_F.KC","2017","OTC","OTC1","EE5_OTC1_eriophorum",NA,150
"DARING","DARING.TERNPLOT_F.KC","2017","OTC","OTC2","EE6_OTC2_eriophorum",NA,150
"DARING","DARING.TERNPLOT_F.KC","2017","OTC","OTC2","EE7_OTC2_eriophorum",NA,150
"DARING","DARING.TERNPLOT_F.KC","2017","OTC","OTC2","EE8_OTC2_eriophorum",NA,150
"DARING","DARING.TERNPLOT_F.KC","2017","OTC","OTC2","EE9_OTC2_eriophorum",NA,150
"DARING","DARING.TERNPLOT_F.KC","2017","OTC","OTC2","EE10_OTC2_eriophorum",NA,150
"DARING","DARING.TERNPLOT_F.KC","2017","OTC","OTC3","EE11_OTC3_eriophorum",NA,150
"DARING","DARING.TERNPLOT_F.KC","2017","OTC","OTC3","EE12_OTC3_eriophorum",NA,150
"DARING","DARING.TERNPLOT_F.KC","2017","OTC","OTC3","EE13_OTC3_eriophorum",NA,150
"DARING","DARING.TERNPLOT_F.KC","2017","OTC","OTC3","EE14_OTC3_eriophorum",NA,150
"DARING","DARING.TERNPLOT_F.KC","2017","OTC","OTC3","EE15_OTC3_eriophorum",NA,150
"DARING","DARING.TERNPLOT_F.KC","2017","OTC","OTC4","EE16_OTC4_eriophorum",NA,150
"DARING","DARING.TERNPLOT_F.KC","2017","OTC","OTC4","EE17_OTC4_eriophorum",NA,150
"DARING","DARING.TERNPLOT_F.KC","2017","OTC","OTC4","EE18_OTC4_eriophorum",NA,150
"DARING","DARING.TERNPLOT_F.KC","2017","OTC","OTC4","EE19_OTC4_eriophorum",NA,150
"DARING","DARING.TERNPLOT_F.KC","2017","OTC","OTC4","EE20_OTC4_eriophorum",NA,150
"DARING","DARING.TERNPLOT_F.KC","2018","OTC","OTC1","EE1_OTC1_eriophorum",NA,156
"DARING","DARING.TERNPLOT_F.KC","2018","OTC","OTC1","EE2_OTC1_eriophorum",NA,156
"DARING","DARING.TERNPLOT_F.KC","2018","OTC","OTC1","EE3_OTC1_eriophorum",NA,156
"DARING","DARING.TERNPLOT_F.KC","2018","OTC","OTC1","EE4_OTC1_eriophorum",NA,156
"DARING","DARING.TERNPLOT_F.KC","2018","OTC","OTC1","EE5_OTC1_eriophorum",NA,156
"DARING","DARING.TERNPLOT_F.KC","2018","OTC","OTC2","EE6_OTC2_eriophorum",NA,156
"DARING","DARING.TERNPLOT_F.KC","2018","OTC","OTC2","EE7_OTC2_eriophorum",NA,156
"DARING","DARING.TERNPLOT_F.KC","2018","OTC","OTC2","EE8_OTC2_eriophorum",NA,156
"DARING","DARING.TERNPLOT_F.KC","2018","OTC","OTC2","EE9_OTC2_eriophorum",NA,156
"DARING","DARING.TERNPLOT_F.KC","2018","OTC","OTC2","EE10_OTC2_eriophorum",NA,156
"DARING","DARING.TERNPLOT_F.KC","2018","OTC","OTC3","EE11_OTC3_eriophorum",NA,156
"DARING","DARING.TERNPLOT_F.KC","2018","OTC","OTC3","EE12_OTC3_eriophorum",NA,156
"DARING","DARING.TERNPLOT_F.KC","2018","OTC","OTC3","EE13_OTC3_eriophorum",NA,156
"DARING","DARING.TERNPLOT_F.KC","2018","OTC","OTC3","EE14_OTC3_eriophorum",NA,156
"DARING","DARING.TERNPLOT_F.KC","2018","OTC","OTC3","EE15_OTC3_eriophorum",NA,156
"DARING","DARING.TERNPLOT_F.KC","2018","OTC","OTC4","EE16_OTC4_eriophorum",NA,156
"DARING","DARING.TERNPLOT_F.KC","2018","OTC","OTC4","EE17_OTC4_eriophorum",NA,156
"DARING","DARING.TERNPLOT_F.KC","2018","OTC","OTC4","EE18_OTC4_eriophorum",NA,156
"DARING","DARING.TERNPLOT_F.KC","2018","OTC","OTC4","EE19_OTC4_eriophorum",NA,156
"DARING","DARING.TERNPLOT_F.KC","2018","OTC","OTC4","EE20_OTC4_eriophorum",NA,156
