subsite,phen_stage,definition,individual_or_plot,plot_aggregation,phen_stage_standardized,simple_phen,comments?
NIWOT.SADSNFC.MW,1st_flower,first flower or inflorescence visible,individual,,FF,Flower,
ADVENTDALEN.HEATH.EC,bud_individuals_first,,individual,,FIRSTINDIVIDUALSBUD,Green,
ADVENTDALEN.HEATH.EC,bud_individuals_last,,individual,,LASTINDIVIDUALSBUD,Green,
ADVENTDALEN.HEATH.EC,bud_plot_first,,plot,,FIRSTPLOTBUD,Green,
ADVENTDALEN.HEATH.EC,bud_plot_last,,plot,,LASTPLOTBUD,Green,
ADVENTDALEN.HEATH.EC,dispersal_individuals_first,,individual,,FIRSTINDIVIDUALSDISPERSAL,Disperse,
ADVENTDALEN.HEATH.EC,dispersal_individuals_last,,individual,,LASTINDIVIDUALSDISPERSAL,Disperse,
ADVENTDALEN.HEATH.EC,dispersal_plot_first,,plot,,FIRSTPLOTDISPERSAL,Disperse,
ADVENTDALEN.HEATH.EC,dispersal_plot_last,,plot,,LASTPLOTDISPERSAL,Disperse,
ADVENTDALEN.HEATH.EC,endflower_individuals_first,,individual,,FPE,FlowerEnd,
ADVENTDALEN.HEATH.EC,endflower_individuals_last,,individual,,LPE,FlowerEnd,
ADVENTDALEN.HEATH.EC,endflower_plot_first,,plot,,FPE,FlowerEnd,
ADVENTDALEN.HEATH.EC,endflower_plot_last,,plot,,LPE,FlowerEnd,
ADVENTDALEN.HEATH.EC,firstleaf_individuals_first,,individual,,FIRSTINDIVIDUALSFIRSTLEAF,Green,
ADVENTDALEN.HEATH.EC,firstleaf_plot_first,,plot,,FIRSTPLOTFIRSTLEAF,Green,
ADVENTDALEN.HEATH.EC,firstresponse_plot_first,,plot,,FIRSTPLOTFIRSTRESPONSE,NA,
ADVENTDALEN.HEATH.EC,firstsight_plot_first,,plot,,FIRSTPLOTFIRSTSIGHT,NA,
ADVENTDALEN.HEATH.EC,flower_individuals_first,,individual,,FF,Flower,
ADVENTDALEN.HEATH.EC,flower_individuals_last,,individual,,FO,Flower,
ADVENTDALEN.HEATH.EC,flower_plot_first,,plot,,FF,Flower,
ADVENTDALEN.HEATH.EC,flower_plot_last,,plot,,FO,Flower,
ADVENTDALEN.HEATH.EC,greenleaf_individuals_first,,individual,,FIRSTINDIVIDUALSGREENLEAF,Green,
ADVENTDALEN.HEATH.EC,greenleaf_plot_first,,plot,,FIRSTPLOTGREENLEAF,Green,
ADVENTDALEN.HEATH.EC,lastdispersal_plot_first,,plot,,FIRSTPLOTLASTDISPERSAL,Disperse,
ADVENTDALEN.HEATH.EC,lastflower_plot_first,,plot,,FIRSTPLOTLASTFLOWER,FlowerEnd,
ADVENTDALEN.HEATH.EC,ovary_plot_first,,individual,,FIRSTPLOTOVARY,Fruit,
ADVENTDALEN.HEATH.EC,pedicel_individuals_first,,individual,,FIRSTINDIVIDUALSPEDICEL,Flower,
ADVENTDALEN.HEATH.EC,pedicel_plot_first,,plot,,FIRSTPLOTPEDICEL,Flower,
ADVENTDALEN.HEATH.EC,senescence100_individuals_first,,individual,,FIRSTINDIVIDUALSSENESCENCE,Senesce,
ADVENTDALEN.HEATH.EC,senescence100_plot_first,,plot,,FIRSTPLOTSENESCENCE,Senesce,
ADVENTDALEN.HEATH.EC,senescence25_plot_first,,plot,,FIRSTPLOTSENESCENCE,Senesce,
ADVENTDALEN.HEATH.EC,senescence50_individuals_first,,individual,,FIRSTINDIVIDUALSSENESCENCE,Senesce,
ADVENTDALEN.HEATH.EC,senescence50_plot_first,,plot,,FIRSTPLOTSENESCENCE,Senesce,
ADVENTDALEN.HEATH.EC,senescence75_plot_first,,plot,,FIRSTPLOTSENESCENCE,Senesce,
ADVENTDALEN.HEATH.EC,senescencestart_individuals_first,,individual,,FIRSTINDIVIDUALSSENESCENCESTART,Senesce,
ADVENTDALEN.HEATH.EC,senescencestart_plot_first,,plot,,FIRSTPLOTSENESCENCESTART,Senesce,
ADVENTDALEN.HEATH.EC,twist_individuals_first,,individual,,FIRSTINDIVIDUALSTWIST,Disperse,
ADVENTDALEN.HEATH.EC,twist_individuals_last,,individual,,LASTINDIVIDUALSTWIST,Disperse,
ADVENTDALEN.HEATH.EC,twist_plot_first,,plot,,FIRSTPLOTTWIST,Disperse,
ADVENTDALEN.HEATH.EC,twist_plot_last,,plot,,LASTPLOTTWIST,Disperse,
ADVENTDALEN.HEATH.EC,yellowsenescence100_individuals_first,,individual,,FIRSTINDIVIDUALSYELLOWSENESCENCE,Senesce,
ADVENTDALEN.HEATH.EC,yellowsenescence100_plot_first,,plot,,FIRSTPLOTYELLOWSENESCENCE,Senesce,
ADVENTDALEN.MEADOW.EC,bud_individuals_first,,individual,,FIRSTINDIVIDUALSBUD,Green,
ADVENTDALEN.MEADOW.EC,bud_individuals_last,,individual,,LASTINDIVIDUALSBUD,Green,
ADVENTDALEN.MEADOW.EC,bud_plot_first,,plot,,FIRSTPLOTBUD,Green,
ADVENTDALEN.MEADOW.EC,bud_plot_last,,plot,,LASTPLOTBUD,Green,
ADVENTDALEN.MEADOW.EC,dispersal_individuals_first,,individual,,FIRSTINDIVIDUALSDISPERSAL,Disperse,
ADVENTDALEN.MEADOW.EC,dispersal_individuals_last,,individual,,LASTINDIVIDUALSDISPERSAL,Disperse,
ADVENTDALEN.MEADOW.EC,dispersal_plot_first,,plot,,FIRSTPLOTDISPERSAL,Disperse,
ADVENTDALEN.MEADOW.EC,dispersal_plot_last,,plot,,LASTPLOTDISPERSAL,Disperse,
ADVENTDALEN.MEADOW.EC,endflower_individuals_first,,individual,,FPE,FlowerEnd,
ADVENTDALEN.MEADOW.EC,endflower_individuals_last,,individual,,LPE,FlowerEnd,
ADVENTDALEN.MEADOW.EC,endflower_plot_first,,plot,,FPE,FlowerEnd,
ADVENTDALEN.MEADOW.EC,endflower_plot_last,,plot,,LPE,FlowerEnd,
ADVENTDALEN.MEADOW.EC,firstleaf_individuals_first,,individual,,FIRSTINDIVIDUALSFIRSTLEAF,Green,
ADVENTDALEN.MEADOW.EC,firstleaf_plot_first,,plot,,FIRSTPLOTFIRSTLEAF,Green,
ADVENTDALEN.MEADOW.EC,firstresponse_plot_first,,plot,,FIRSTPLOTFIRSTRESPONSE,NA,
ADVENTDALEN.MEADOW.EC,firstsight_plot_first,,plot,,FIRSTPLOTFIRSTSIGHT,NA,
ADVENTDALEN.MEADOW.EC,flower_individuals_first,,individual,,FF,Flower,
ADVENTDALEN.MEADOW.EC,flower_individuals_last,,individual,,FO,Flower,
ADVENTDALEN.MEADOW.EC,flower_plot_first,,plot,,FF,Flower,
ADVENTDALEN.MEADOW.EC,flower_plot_last,,plot,,FO,Flower,
ADVENTDALEN.MEADOW.EC,greenleaf_individuals_first,,individual,,FIRSTINDIVIDUALSGREENLEAF,Green,
ADVENTDALEN.MEADOW.EC,greenleaf_plot_first,,plot,,FIRSTPLOTGREENLEAF,Green,
ADVENTDALEN.MEADOW.EC,lastdispersal_plot_first,,plot,,FIRSTPLOTLASTDISPERSAL,Disperse,
ADVENTDALEN.MEADOW.EC,lastflower_plot_first,,plot,,FIRSTPLOTLASTFLOWER,FlowerEnd,
ADVENTDALEN.MEADOW.EC,ovary_plot_first,,individual,,FIRSTPLOTOVARY,Fruit,
ADVENTDALEN.MEADOW.EC,pedicel_individuals_first,,individual,,FIRSTINDIVIDUALSPEDICEL,Flower,
ADVENTDALEN.MEADOW.EC,pedicel_plot_first,,plot,,FIRSTPLOTPEDICEL,Flower,
ADVENTDALEN.MEADOW.EC,senescence100_individuals_first,,individual,,FIRSTINDIVIDUALSSENESCENCE,Senesce,
ADVENTDALEN.MEADOW.EC,senescence100_plot_first,,plot,,FIRSTPLOTSENESCENCE,Senesce,
ADVENTDALEN.MEADOW.EC,senescence25_plot_first,,plot,,FIRSTPLOTSENESCENCE,Senesce,
ADVENTDALEN.MEADOW.EC,senescence50_individuals_first,,individual,,FIRSTINDIVIDUALSSENESCENCE,Senesce,
ADVENTDALEN.MEADOW.EC,senescence50_plot_first,,plot,,FIRSTPLOTSENESCENCE,Senesce,
ADVENTDALEN.MEADOW.EC,senescence75_plot_first,,plot,,FIRSTPLOTSENESCENCE,Senesce,
ADVENTDALEN.MEADOW.EC,senescencestart_individuals_first,,individual,,FIRSTINDIVIDUALSSENESCENCESTART,Senesce,
ADVENTDALEN.MEADOW.EC,senescencestart_plot_first,,plot,,FIRSTPLOTSENESCENCESTART,Senesce,
ADVENTDALEN.MEADOW.EC,twist_individuals_first,,individual,,FIRSTINDIVIDUALSTWIST,Disperse,
ADVENTDALEN.MEADOW.EC,twist_individuals_last,,individual,,LASTINDIVIDUALSTWIST,Disperse,
ADVENTDALEN.MEADOW.EC,twist_plot_first,,plot,,FIRSTPLOTTWIST,Disperse,
ADVENTDALEN.MEADOW.EC,twist_plot_last,,plot,,LASTPLOTTWIST,Disperse,
ADVENTDALEN.MEADOW.EC,yellowsenescence100_individuals_first,,individual,,FIRSTINDIVIDUALSYELLOWSENESCENCE,Senesce,
ADVENTDALEN.MEADOW.EC,yellowsenescence100_plot_first,,plot,,FIRSTPLOTYELLOWSENESCENCE,Senesce,
ALEXFIORD.BEACHRIDGE.GH,bd_exp,first day a bud was observed,individual,,FLB,Green,
ALEXFIORD.BEACHRIDGE.GH,cap_ripe_l,last day that a mature capsule was observed,individual,,LFR,Fruit,
ALEXFIORD.BEACHRIDGE.GH,catkin_imm,first day an immature catkin was observed,individual,,CKIM,Flower,
ALEXFIORD.BEACHRIDGE.GH,fl_bbk,first day flower bud break was observed,individual,,FF,Flower,
ALEXFIORD.BEACHRIDGE.GH,fl_bbk_f,first day flower bud break was observed,individual,,FF,Flower,
ALEXFIORD.BEACHRIDGE.GH,fl_bbk_l,last day flower bud break was observed,individual,,LPE,FlowerEnd,
ALEXFIORD.BEACHRIDGE.GH,fl_bds_f,first day a flower bud was observed,individual,,FF,Flower,
ALEXFIORD.BEACHRIDGE.GH,fl_bds_l,last day a flower bud was observed,individual,,LPE,FlowerEnd,
ALEXFIORD.BEACHRIDGE.GH,fl_bud_f,first day a flower bud was observed,individual,,FF,Flower,
ALEXFIORD.BEACHRIDGE.GH,fl_bud_l,last day flower buds were observed,individual,,LPE,FlowerEnd,
ALEXFIORD.BEACHRIDGE.GH,fl_mat,first day a mature flower was observed,individual,,FO,Flower,
ALEXFIORD.BEACHRIDGE.GH,fl_mat_f,first day a mature flower was observed,individual,,FO,Flower,
ALEXFIORD.BEACHRIDGE.GH,fl_mat_l,last day a mature flower was observed,individual,,LPE,FlowerEnd,
ALEXFIORD.BEACHRIDGE.GH,frt_imm_f,first day an immature fruit was observed,individual,,FIFR,Fruit,
ALEXFIORD.BEACHRIDGE.GH,frt_mat_f,first day a mature fruit was observed,individual,,FFR,Fruit,
ALEXFIORD.BEACHRIDGE.GH,grth_csd,first day of leaf death observed,individual,,OLWC,Senesce,
ALEXFIORD.BEACHRIDGE.GH,lv_bbk,first day a leaf bud break was observed,individual,,FLB,Green,
ALEXFIORD.BEACHRIDGE.GH,lv_exp,first day an expanded leaf was observed,individual,,FLE,Green,
ALEXFIORD.BEACHRIDGE.GH,lv_mat,first day a mature leaf was observed,individual,,FL,Green,
ALEXFIORD.BEACHRIDGE.GH,lv_new, first day a new leaf was observed,individual,,FL,Green,
ALEXFIORD.BEACHRIDGE.GH,lv_sen,first day a senesced leaf was observed,individual,,OLWC,Senesce,
ALEXFIORD.BEACHRIDGE.GH,pd_elo,first day pedicel elongation was observed,individual,,FF,Flower,
ALEXFIORD.BEACHRIDGE.GH,pt_sen_f, first day a senescing petal was observed ,individual,,FPE,FlowerEnd,
ALEXFIORD.BEACHRIDGE.GH,pt_sen_l, last day a senescing petal was observed ,individual,,LPE,FlowerEnd,
ALEXFIORD.BEACHRIDGE.GH,sd_disp,first day that seed dispersal was observed,individual,,SD,Disperse,
ALEXFIORD.BEACHRIDGE.GH,sh_bbk,first day a green leaf was observed,individual,,FL,Green,
ALEXFIORD.BEACHRIDGE.GH,sh_elo,first day shoot elogation was observed,individual,,SHE,Green,
ALEXFIORD.BEACHRIDGE.GH,veg_bbk,first day vegetative bud break (green) was observed ,individual,,FL,Green,
ALEXFIORD.CASSIOPE.GH,aborted,First day that an aborted flower is observed.  Characterized by a small dense half sphere of white fluff in senesced flower,individual,,ABO,Flower,
ALEXFIORD.CASSIOPE.GH,bd_exp,first day a bud was observed,individual,,FLB,Green,
ALEXFIORD.CASSIOPE.GH,cap_f,first day that a capsule was observed,individual,,FFR,Fruit,
ALEXFIORD.CASSIOPE.GH,cap_imm_f,first day an immature capsule was observed,individual,,FIFR,Fruit,
ALEXFIORD.CASSIOPE.GH,cap_imm_l,last day an immature capsule was observed,individual,,LIFR,Fruit,
ALEXFIORD.CASSIOPE.GH,cap_l,last day that a capsule was observed,individual,,LFR,Fruit,
ALEXFIORD.CASSIOPE.GH,cap_mat_f,first day an mature capsule was observed,individual,,FFR,Fruit,
ALEXFIORD.CASSIOPE.GH,cap_mat_l,last day an mature capsule was observed,individual,,LFR,Fruit,
ALEXFIORD.CASSIOPE.GH,fl_bbk,first day flower bud break was observed,individual,,FF,Flower,
ALEXFIORD.CASSIOPE.GH,fl_bbk_f,first day flower bud break was observed,individual,,FF,Flower,
ALEXFIORD.CASSIOPE.GH,fl_bbk_l,last day flower bud break was observed,individual,,LPE,FlowerEnd,
ALEXFIORD.CASSIOPE.GH,fl_bds_f,first day a flower bud was observed,individual,,FF,Flower,
ALEXFIORD.CASSIOPE.GH,fl_bds_l,last day a flower bud was observed,individual,,LPE,FlowerEnd,
ALEXFIORD.CASSIOPE.GH,fl_bud_f,first day a flower bud was observed,individual,,FF,Flower,
ALEXFIORD.CASSIOPE.GH,fl_bud_l,last day flower buds were observed,individual,,LPE,FlowerEnd,
ALEXFIORD.CASSIOPE.GH,fl_elo_f,first day an elongating bud was observed,individual,,FF,Flower,
ALEXFIORD.CASSIOPE.GH,fl_elo_l,last day an elongating bud was observed,individual,,LPE,FlowerEnd,
ALEXFIORD.CASSIOPE.GH,fl_mat_f, first day a mature flower was observed,individual,,FO,Flower,
ALEXFIORD.CASSIOPE.GH,fl_mat_l,last day a mature flower was observed,individual,,LPE,FlowerEnd,
ALEXFIORD.CASSIOPE.GH,fl_sen_f, first day a senescing petal was observed ,individual,,FPE,FlowerEnd,
ALEXFIORD.CASSIOPE.GH,fl_sen_l, last day a senescing petal was observed ,individual,,LPE,FlowerEnd,
ALEXFIORD.CASSIOPE.GH,frt_imm_f,first day an immature fruit was observed,individual,,FIFR,Fruit,
ALEXFIORD.CASSIOPE.GH,frt_mat_f,first day a mature fruit was observed,individual,,FFR,Fruit,
ALEXFIORD.CASSIOPE.GH,grth_csd,first day of leaf death observed,individual,,OLWC,Senesce,
ALEXFIORD.CASSIOPE.GH,lv_mat,first day a mature leaf was observed,individual,,FL,Green,
ALEXFIORD.CASSIOPE.GH,lv_new, first day a new leaf was observed,individual,,FL,Green,
ALEXFIORD.CASSIOPE.GH,lv_sen,first day a senesced leaf was observed,individual,,OLWC,Senesce,
ALEXFIORD.CASSIOPE.GH,pd_elo,first day pedicel elongation was observed,individual,,FF,Flower,
ALEXFIORD.CASSIOPE.GH,pt_sen_f, first day a senescing petal was observed ,individual,,FPE,FlowerEnd,
ALEXFIORD.CASSIOPE.GH,sd_disp,first day that seed dispersal was observed,individual,,SD,Disperse,
ALEXFIORD.CASSIOPE.GH,sh_bbk,first day a green leaf was observed,individual,,FL,Green,
ALEXFIORD.CASSIOPE.GH,sh_elo,first day shoot elogation was observed,individual,,SHE,Green,
ALEXFIORD.DOMEDOLOMITE.GH,cap_imm_f,first day an immature capsule was observed,individual,,FIFR,Fruit,
ALEXFIORD.DOMEDOLOMITE.GH,cap_ripe_f,first day that a mature capsule was observed,individual,,FFR,Fruit,
ALEXFIORD.DOMEDOLOMITE.GH,cap_ripe_l,last day that a mature capsule was observed,individual,,LFR,Fruit,
ALEXFIORD.DOMEDOLOMITE.GH,catkin_imm,first day an immature catkin was observed,individual,,CKIM,Flower,
ALEXFIORD.DOMEDOLOMITE.GH,female_swell,First day female catkins are swelling,individual,,FIFR,Fruit,
ALEXFIORD.DOMEDOLOMITE.GH,fl_bbk,first day flower bud break was observed,individual,,FF,Flower,
ALEXFIORD.DOMEDOLOMITE.GH,fl_bbk_f,first day flower bud break was observed,individual,,FF,Flower,
ALEXFIORD.DOMEDOLOMITE.GH,fl_bbk_l,last day flower bud break was observed,individual,,LPE,FlowerEnd,
ALEXFIORD.DOMEDOLOMITE.GH,fl_bds_f,first day a flower bud was observed,individual,,FF,Flower,
ALEXFIORD.DOMEDOLOMITE.GH,fl_bds_l,last day a flower bud was observed,individual,,LPE,FlowerEnd,
ALEXFIORD.DOMEDOLOMITE.GH,fl_mat,first day a mature flower was observed,individual,,FO,Flower,
ALEXFIORD.DOMEDOLOMITE.GH,fl_mat_f, first day a mature flower was observed,individual,,FO,Flower,
ALEXFIORD.DOMEDOLOMITE.GH,fl_mat_l,last day a mature flower was observed,individual,,LPE,FlowerEnd,
ALEXFIORD.DOMEDOLOMITE.GH,fl_open_f,first day an open flower was observed,individual,,FO,Flower,
ALEXFIORD.DOMEDOLOMITE.GH,lv_bbk,first day a leaf bud break was observed,individual,,FL,Green,
ALEXFIORD.DOMEDOLOMITE.GH,lv_exp,first day an expanded leaf was observed,individual,,FL,Green,
ALEXFIORD.DOMEDOLOMITE.GH,lv_mat,first day a mature leaf was observed,individual,,FL,Green,
ALEXFIORD.DOMEDOLOMITE.GH,lv_sen,first day a senesced leaf was observed,individual,,OLWC,Senesce,
ALEXFIORD.DOMEDOLOMITE.GH,male_fl_sen,First day male catkins are senescing; pollen is dried up.,individual,,FPE,FlowerEnd,
ALEXFIORD.DOMEDOLOMITE.GH,pd_elon_f,first day pedicel elongation was observed,individual,,FF,Flower,
ALEXFIORD.DOMEDOLOMITE.GH,pt_fall_f,first day petals begin to fall from the inflorencence,individual,,FPE,FlowerEnd,
ALEXFIORD.DOMEDOLOMITE.GH,pt_sen_f, first day a senescing petal was observed ,individual,,FPE,FlowerEnd,
ALEXFIORD.DOMEDOLOMITE.GH,pt_sen_l, last day a senescing petal was observed ,individual,,LPE,FlowerEnd,
ALEXFIORD.DOMEDOLOMITE.GH,sd_disp,first day that seed dispersal was observed,individual,,SD,Disperse,
ALEXFIORD.DOMEDOLOMITE.GH,veg_bbk,first day vegetative bud break (green) was observed ,individual,,FL,Green,
ALEXFIORD.DOMEGRANITE.GH,cap_imm_f,first day an immature capsule was observed,individual,,FIFR,Fruit,
ALEXFIORD.DOMEGRANITE.GH,cap_ripe_f,first day that a mature capsule was observed,individual,,FFR,Fruit,
ALEXFIORD.DOMEGRANITE.GH,cap_ripe_l,last day that a mature capsule was observed,individual,,LFR,Fruit,
ALEXFIORD.DOMEGRANITE.GH,catkin_imm,first day an immature catkin was observed,individual,,CKIM,Flower,
ALEXFIORD.DOMEGRANITE.GH,female_swell,First day female catkins are swelling,individual,,FIFR,Fruit,
ALEXFIORD.DOMEGRANITE.GH,fl_bbk,first day flower bud break was observed,individual,,FF,Flower,
ALEXFIORD.DOMEGRANITE.GH,fl_bbk_f,first day flower bud break was observed,individual,,FF,Flower,
ALEXFIORD.DOMEGRANITE.GH,fl_bbk_l,last day flower bud break was observed,individual,,LPE,FlowerEnd,
ALEXFIORD.DOMEGRANITE.GH,fl_bds_f,first day a flower bud was observed,individual,,FF,Flower,
ALEXFIORD.DOMEGRANITE.GH,fl_bds_l,last day a flower bud was observed,individual,,LPE,FlowerEnd,
ALEXFIORD.DOMEGRANITE.GH,fl_mat,first day a mature flower was observed,individual,,FO,Flower,
ALEXFIORD.DOMEGRANITE.GH,fl_mat_f, first day a mature flower was observed,individual,,FO,Flower,
ALEXFIORD.DOMEGRANITE.GH,fl_mat_l,last day a mature flower was observed,individual,,LPE,FlowerEnd,
ALEXFIORD.DOMEGRANITE.GH,fl_open_f,first day an open flower was observed,individual,,FO,Flower,
ALEXFIORD.DOMEGRANITE.GH,lv_bbk,first day a leaf bud break was observed,individual,,FL,Green,
ALEXFIORD.DOMEGRANITE.GH,lv_exp,first day an expanded leaf was observed,individual,,FL,Green,
ALEXFIORD.DOMEGRANITE.GH,lv_mat,first day a mature leaf was observed,individual,,FL,Green,
ALEXFIORD.DOMEGRANITE.GH,lv_sen,first day a senesced leaf was observed,individual,,OLWC,Senesce,
ALEXFIORD.DOMEGRANITE.GH,male_fl_sen,First day male catkins are senescing; pollen is dried up.,individual,,FPE,FlowerEnd,
ALEXFIORD.DOMEGRANITE.GH,pd_elon_f,first day pedicel elongation was observed,individual,,FF,Flower,
ALEXFIORD.DOMEGRANITE.GH,pt_fall_f,first day petals begin to fall from the inflorencence,individual,,FPE,FlowerEnd,
ALEXFIORD.DOMEGRANITE.GH,pt_sen_f, first day a senescing petal was observed ,individual,,FPE,FlowerEnd,
ALEXFIORD.DOMEGRANITE.GH,pt_sen_l, last day a senescing petal was observed ,individual,,LPE,FlowerEnd,
ALEXFIORD.DOMEGRANITE.GH,sd_disp,first day that seed dispersal was observed,individual,,SD,Disperse,
ALEXFIORD.DOMEGRANITE.GH,unisex_senescence ,"1994 Dome - G; When sex is not specified, flower senescence (female or male, we cannot tell) is indicated in this column.",individual,,FPE,FlowerEnd,
ALEXFIORD.DOMEGRANITE.GH,veg_bbk,first day vegetative bud break (green) was observed ,individual,,FL,Green,
ALEXFIORD.DRYAS.GH,aborted,First day that an aborted flower is observed.  Characterized by a small dense half sphere of white fluff in senesced flower,individual,,ABO,Flower,
ALEXFIORD.DRYAS.GH,bd_exp,first day a bud was observed,individual,,FLB,Green,
ALEXFIORD.DRYAS.GH,cap_f,first day that a capsule was observed,individual,,FFR,Fruit,
ALEXFIORD.DRYAS.GH,cap_imm_f,first day an immature capsule was observed,individual,,FIFR,Fruit,
ALEXFIORD.DRYAS.GH,cap_imm_l,last day an immature capsule was observed,individual,,LIFR,Fruit,
ALEXFIORD.DRYAS.GH,cap_l,last day that a capsule was observed,individual,,LFR,Fruit,
ALEXFIORD.DRYAS.GH,cap_mat_f,first day an mature capsule was observed,individual,,FFR,Fruit,
ALEXFIORD.DRYAS.GH,cap_mat_l,last day an mature capsule was observed,individual,,LFR,Fruit,
ALEXFIORD.DRYAS.GH,fl_bbk,first day flower bud break was observed,individual,,FF,Flower,
ALEXFIORD.DRYAS.GH,fl_bbk_f,first day flower bud break was observed,individual,,FF,Flower,
ALEXFIORD.DRYAS.GH,fl_bbk_l,last day flower bud break was observed,individual,,LPE,FlowerEnd,
ALEXFIORD.DRYAS.GH,fl_bds_f,first day a flower bud was observed,individual,,FF,Flower,
ALEXFIORD.DRYAS.GH,fl_bds_l,last day a flower bud was observed,individual,,LPE,FlowerEnd,
ALEXFIORD.DRYAS.GH,fl_bud_f,first day a flower bud was observed,individual,,FF,Flower,
ALEXFIORD.DRYAS.GH,fl_bud_l,last day flower buds were observed,individual,,LPE,FlowerEnd,
ALEXFIORD.DRYAS.GH,fl_buds,first day a flower bud was observed,individual,,FF,Flower,
ALEXFIORD.DRYAS.GH,fl_elo_f,first day an elongating bud was observed,individual,,FF,Flower,
ALEXFIORD.DRYAS.GH,fl_elo_l,last day an elongating bud was observed,individual,,LPE,FlowerEnd,
ALEXFIORD.DRYAS.GH,fl_exp,first day a expanding flower was observed,individual,,FF,Flower,
ALEXFIORD.DRYAS.GH,fl_mat,first day a mature flower was observed,individual,,FO,Flower,
ALEXFIORD.DRYAS.GH,fl_mat_f, first day a mature flower was observed,individual,,FO,Flower,
ALEXFIORD.DRYAS.GH,fl_mat_l,last day a mature flower was observed,individual,,LPE,FlowerEnd,
ALEXFIORD.DRYAS.GH,fl_sen,first day a senescing flower was observed,individual,,FPE,FlowerEnd,
ALEXFIORD.DRYAS.GH,fl_sen_f, first day a senescing petal was observed ,individual,,FPE,FlowerEnd,
ALEXFIORD.DRYAS.GH,fl_sen_l,last day a senescing flower was observed,individual,,LPE,FlowerEnd,
ALEXFIORD.DRYAS.GH,frt_imm_f,first day an immature fruit was observed,individual,,FIFR,Fruit,
ALEXFIORD.DRYAS.GH,frt_mat_f,first day a mature fruit was observed,individual,,FFR,Fruit,
ALEXFIORD.DRYAS.GH,grth_csd,first day of leaf death observed,individual,,OLWC,Senesce,
ALEXFIORD.DRYAS.GH,lv_bbk,first day a leaf bud break was observed,individual,,FL,Green,
ALEXFIORD.DRYAS.GH,lv_bud,first day a leaf bud was observed,individual,,FL,Green,
ALEXFIORD.DRYAS.GH,lv_exp,first day an expanded leaf was observed,individual,,FL,Green,
ALEXFIORD.DRYAS.GH,lv_mat,first day a mature leaf was observed,individual,,FL,Green,
ALEXFIORD.DRYAS.GH,lv_new, first day a new leaf was observed,individual,,FL,Green,
ALEXFIORD.DRYAS.GH,lv_sen,first day a senesced leaf was observed,individual,,OLWC,Senesce,
ALEXFIORD.DRYAS.GH,pd_elo,first day pedicel elongation was observed,individual,,FF,Flower,
ALEXFIORD.DRYAS.GH,pt_sen_f, first day a senescing petal was observed ,individual,,FPE,FlowerEnd,
ALEXFIORD.DRYAS.GH,pt_sen_l, last day a senescing petal was observed ,individual,,LPE,FlowerEnd,
ALEXFIORD.DRYAS.GH,sd_disp,first day that seed dispersal was observed,individual,,SD,Disperse,
ALEXFIORD.DRYAS.GH,sh_bbk,first day a green leaf was observed,individual,,FL,Green,
ALEXFIORD.DRYAS.GH,sh_elo,first day shoot elogation was observed,individual,,SHE,Green,
ALEXFIORD.FERT.GH,bd_exp,first day a bud was observed,individual,,FLB,Green,
ALEXFIORD.FERT.GH,cap_f,first day that a capsule was observed,individual,,FFR,Fruit,
ALEXFIORD.FERT.GH,cap_imm_f,first day an immature capsule was observed,individual,,FIFR,Fruit,
ALEXFIORD.FERT.GH,cap_mat_f,first day an mature capsule was observed,individual,,FFR,Fruit,
ALEXFIORD.FERT.GH,fl_bbk_f,first day flower bud break was observed,individual,,FF,Flower,
ALEXFIORD.FERT.GH,fl_bds_f,first day a flower bud was observed,individual,,FF,Flower,
ALEXFIORD.FERT.GH,fl_bud_f,first day a flower bud was observed,individual,,FF,Flower,
ALEXFIORD.FERT.GH,fl_buds,first day a flower bud was observed,individual,,FF,Flower,
ALEXFIORD.FERT.GH,fl_elo_f,first day an elongating bud was observed,individual,,FF,Flower,
ALEXFIORD.FERT.GH,fl_mat,first day a mature flower was observed,individual,,FO,Flower,
ALEXFIORD.FERT.GH,fl_mat_f, first day a mature flower was observed,individual,,FO,Flower,
ALEXFIORD.FERT.GH,fl_sen,first day a senescing flower was observed,individual,,FPE,FlowerEnd,
ALEXFIORD.FERT.GH,fl_sen_f, first day a senescing petal was observed ,individual,,FPE,FlowerEnd,
ALEXFIORD.FERT.GH,frt_imm_f,first day an immature fruit was observed,individual,,FIFR,Fruit,
ALEXFIORD.FERT.GH,lv_bud,first day a leaf bud was observed,individual,,FL,Green,
ALEXFIORD.FERT.GH,lv_exp,first day an expanded leaf was observed,individual,,FL,Green,
ALEXFIORD.FERT.GH,lv_mat,first day a mature leaf was observed,individual,,FL,Green,
ALEXFIORD.FERT.GH,lv_new, first day a new leaf was observed,individual,,FL,Green,
ALEXFIORD.FERT.GH,lv_sen,first day a senesced leaf was observed,individual,,OLWC,Senesce,
ALEXFIORD.FERT.GH,pd_elo,first day pedicel elongation was observed,individual,,FF,Flower,
ALEXFIORD.FERT.GH,sh_bbk,first day a green leaf was observed,individual,,FL,Green,
ALEXFIORD.FERT.GH,sh_elo,first day shoot elogation was observed,individual,,SHE,Green,
ALEXFIORD.MEADOW.GH,cap_f,first day that a capsule was observed,individual,,FFR,Fruit,
ALEXFIORD.MEADOW.GH,cap_l,last day a capsule was observed,individual,,LFR,Fruit,
ALEXFIORD.MEADOW.GH,catkin_imm,first day an immature catkin was observed,individual,,CKIM,Flower,
ALEXFIORD.MEADOW.GH,female_swell,First day female catkins are swelling,individual,,FIFR,Fruit,
ALEXFIORD.MEADOW.GH,fl_bbk,first day flower bud break was observed,individual,,FF,Flower,
ALEXFIORD.MEADOW.GH,fl_bbk_f,first day flower bud break was observed,individual,,FF,Flower,
ALEXFIORD.MEADOW.GH,fl_bbk_l,last day flower bud break was observed,individual,,LPE,FlowerEnd,
ALEXFIORD.MEADOW.GH,fl_bud_f,first day a flower bud was observed,individual,,FF,Flower,
ALEXFIORD.MEADOW.GH,fl_bud_l,last day flower buds were observed,individual,,LPE,FlowerEnd,
ALEXFIORD.MEADOW.GH,fl_mat,first day a mature flower was observed,individual,,FO,Flower,
ALEXFIORD.MEADOW.GH,fl_mat_f, first day a mature flower was observed,individual,,FO,Flower,
ALEXFIORD.MEADOW.GH,fl_mat_l,last day a mature flower was observed,individual,,LPE,FlowerEnd,
ALEXFIORD.MEADOW.GH,fl_sen_f, first day a senescing petal was observed ,individual,,FPE,FlowerEnd,
ALEXFIORD.MEADOW.GH,fl_sen_l,last day a senescing flower was observed,individual,,LPE,FlowerEnd,
ALEXFIORD.MEADOW.GH,lv_bbk,first day a leaf bud break was observed,individual,,FL,Green,
ALEXFIORD.MEADOW.GH,lv_exp,first day an expanded leaf was observed,individual,,FL,Green,
ALEXFIORD.MEADOW.GH,lv_mat,first day a mature leaf was observed,individual,,FL,Green,
ALEXFIORD.MEADOW.GH,lv_new, first day a new leaf was observed,individual,,FL,Green,
ALEXFIORD.MEADOW.GH,lv_sen,first day a senesced leaf was observed,individual,,OLWC,Senesce,
ALEXFIORD.MEADOW.GH,male_fl_sen,First day male catkins are senescing; pollen is dried up.,individual,,FPE,FlowerEnd,
ALEXFIORD.MEADOW.GH,sd_disp,first day that seed dispersal was observed,individual,,SD,Disperse,
ALEXFIORD.SAXOPP.GH,cap_deh,first day a dehiscing capsule was observed,individual,,SD,Disperse,
ALEXFIORD.SAXOPP.GH,cap_imm_f,first day an immature capsule was observed,individual,,FIFR,Fruit,
ALEXFIORD.SAXOPP.GH,cap_mat_f,first day an mature capsule was observed,individual,,FFR,Fruit,
ALEXFIORD.SAXOPP.GH,cap_ripe_f,first day that a mature capsule was observed,individual,,FFR,Fruit,
ALEXFIORD.SAXOPP.GH,cap_ripe_l,last day that a mature capsule was observed,individual,,LFR,Fruit,
ALEXFIORD.SAXOPP.GH,fl_bbk_f,first day flower bud break was observed,individual,,FF,Flower,
ALEXFIORD.SAXOPP.GH,fl_bbk_l,last day flower bud break was observed,individual,,LPE,FlowerEnd,
ALEXFIORD.SAXOPP.GH,fl_bds_f,first day a flower bud was observed,individual,,FF,Flower,
ALEXFIORD.SAXOPP.GH,fl_bds_l,last day a flower bud was observed,individual,,LPE,FlowerEnd,
ALEXFIORD.SAXOPP.GH,fl_mat_f, first day a mature flower was observed,individual,,FO,Flower,
ALEXFIORD.SAXOPP.GH,fl_mat_l,last day a mature flower was observed,individual,,LPE,FlowerEnd,
ALEXFIORD.SAXOPP.GH,fl_open_f,first day an open flower was observed,individual,,FO_Saxopp,Flower,"measured mature and open  in some years, sometimes dates were different but more data for mature so we used fl_mat as FO "
ALEXFIORD.SAXOPP.GH,pd_elon_f,first day pedicel elongation was observed,individual,,FF,Flower,
ALEXFIORD.SAXOPP.GH,pt_fall_f,first day petals begin to fall from the inflorencence,individual,,FPE,FlowerEnd,"measured sen and fall in some years, sometimes dates were different but more data for sen so we used pt_sen as FPE "
ALEXFIORD.SAXOPP.GH,pt_sen_f, first day a senescing petal was observed ,individual,,FPE,FlowerEnd,
ALEXFIORD.SAXOPP.GH,pt_sen_l, last day a senescing petal was observed ,individual,,LPE,FlowerEnd,
ALEXFIORD.SAXOPP.GH,veg_bbk,first day vegetative bud break (green) was observed ,individual,,FL,Green,
ALEXFIORD.WILLOW.GH,aborted,First day that an aborted flower is observed.  Characterized by a small dense half sphere of white fluff in senesced flower,individual,,ABO,Flower,
ALEXFIORD.WILLOW.GH,cap_f,first day that a capsule was observed,individual,,FFR,Fruit,
ALEXFIORD.WILLOW.GH,cap_imm_f,first day an immature capsule was observed,individual,,FIFR,Fruit,
ALEXFIORD.WILLOW.GH,cap_imm_l,last day an immature capsule was observed,individual,,LIFR,Fruit,
ALEXFIORD.WILLOW.GH,cap_l,last day a capsule was observed,individual,,LFR,Fruit,
ALEXFIORD.WILLOW.GH,cap_mat_f,first day an mature capsule was observed,individual,,FFR,Fruit,
ALEXFIORD.WILLOW.GH,cap_mat_l,last day an mature capsule was observed,individual,,LFR,Fruit,
ALEXFIORD.WILLOW.GH,catkin_imm,first day an immature catkin was observed,individual,,CKIM,Flower,
ALEXFIORD.WILLOW.GH,elo_f,first day stalk elongation is observed,individual,,FELO,Flower,
ALEXFIORD.WILLOW.GH,elo_l,last day stalk elongation is observed,individual,,LELO,Flower,
ALEXFIORD.WILLOW.GH,female_swell,First day female catkins are swelling,individual,,FIFR,Fruit,
ALEXFIORD.WILLOW.GH,fl_bbk,first day flower bud break was observed,individual,,FF,Flower,
ALEXFIORD.WILLOW.GH,fl_bbk_f,first day flower bud break was observed,individual,,FF,Flower,
ALEXFIORD.WILLOW.GH,fl_bbk_l,last day flower bud break was observed,individual,,LPE,FlowerEnd,
ALEXFIORD.WILLOW.GH,fl_bds_f,first day a flower bud was observed,individual,,FF,Flower,
ALEXFIORD.WILLOW.GH,fl_bds_l,last day a flower bud was observed,individual,,LPE,FlowerEnd,
ALEXFIORD.WILLOW.GH,fl_bud_f,first day a flower bud was observed,individual,,FF,Flower,
ALEXFIORD.WILLOW.GH,fl_bud_l,last day flower buds were observed,individual,,LPE,FlowerEnd,
ALEXFIORD.WILLOW.GH,fl_elo_f,first day an elongating bud was observed,individual,,FF,Flower,
ALEXFIORD.WILLOW.GH,fl_elo_l,last day an elongating bud was observed,individual,,LPE,FlowerEnd,
ALEXFIORD.WILLOW.GH,fl_mat,first day a mature flower was observed,individual,,FO,Flower,
ALEXFIORD.WILLOW.GH,fl_mat_f, first day a mature flower was observed,individual,,FO,Flower,
ALEXFIORD.WILLOW.GH,fl_mat_l,last day a mature flower was observed,individual,,LPE,FlowerEnd,
ALEXFIORD.WILLOW.GH,fl_sen_f, first day a senescing petal was observed ,individual,,FPE,FlowerEnd,
ALEXFIORD.WILLOW.GH,fl_sen_l,last day a senescing flower was observed,individual,,LPE,FlowerEnd,
ALEXFIORD.WILLOW.GH,flbd_f,first day a flower bud was observed,individual,,FF,Flower,
ALEXFIORD.WILLOW.GH,flbd_l,last day a flower bud was observed,individual,,LPE,FlowerEnd,
ALEXFIORD.WILLOW.GH,lv_bbk,first day a leaf bud break was observed,individual,,FL,Green,
ALEXFIORD.WILLOW.GH,lv_exp,first day an expanded leaf was observed,individual,,FL,Green,
ALEXFIORD.WILLOW.GH,lv_mat,first day a mature leaf was observed,individual,,FL,Green,
ALEXFIORD.WILLOW.GH,lv_mat /sen,"2007-2009 (and beyond); due to difficulties distinguishing between mature and senescing leaves, these two columns were combined in 2007 and encompass all leaves that are beyond the 'new' stage.",individual,,EILS,Green,
ALEXFIORD.WILLOW.GH,lv_new, first day a new leaf was observed,individual,,FL,Green,
ALEXFIORD.WILLOW.GH,lv_sen,first day a senesced leaf was observed,individual,,OLWC,Senesce,
ALEXFIORD.WILLOW.GH,male_fl_sen,First day male catkins are senescing; pollen is dried up.,individual,,FPE,FlowerEnd,
ALEXFIORD.WILLOW.GH,poll_f,first day visible pollen is observed,individual,,FO,Flower,
ALEXFIORD.WILLOW.GH,sd_disp,first day that seed dispersal was observed,individual,,SD,Disperse,
ALEXFIORD.WILLOW.GH,sd_fall,first day seeds begin to fall from the inflorencence,individual,,SD,Disperse,
ALEXFIORD.WILLOW.GH,sd_set_f,first day developed seeds are observed,individual,,FFR,Fruit,
ALEXFIORD.WILLOW.GH,sd_set_l,last day developed seeds are observed,individual,,LFR,Fruit,
ATIGUN_GORGE_ACCESS_ROAD.NPN.ANWR,end of Breaking leaf buds,,individual,,EBBK,Green,
ATIGUN_GORGE_ACCESS_ROAD.NPN.ANWR,end of Breaking needle buds (conifers),,individual,,EBBK,Green,
ATIGUN_GORGE_ACCESS_ROAD.NPN.ANWR,end of Colored leaves,,individual,,AS,Senesce,
ATIGUN_GORGE_ACCESS_ROAD.NPN.ANWR,end of Flowers or flower buds,,individual,,EOF,FlowerEnd,
ATIGUN_GORGE_ACCESS_ROAD.NPN.ANWR,end of Fruits,,individual,,LFR,Fruit,
ATIGUN_GORGE_ACCESS_ROAD.NPN.ANWR,end of Increasing leaf size,,individual,,EILS,Green,
ATIGUN_GORGE_ACCESS_ROAD.NPN.ANWR,end of Leaves,,individual,,ALE,Senesce,
ATIGUN_GORGE_ACCESS_ROAD.NPN.ANWR,end of Open flowers,,individual,,EOF,FlowerEnd,
ATIGUN_GORGE_ACCESS_ROAD.NPN.ANWR,end of Ripe fruits,,individual,,LFR,Fruit,
ATIGUN_GORGE_ACCESS_ROAD.NPN.ANWR,end of Young needles (conifers),,individual,,EILS,Green,
ATIGUN_GORGE_ACCESS_ROAD.NPN.ANWR,start of Breaking leaf buds,,individual,,FLB,Green,
ATIGUN_GORGE_ACCESS_ROAD.NPN.ANWR,start of Breaking needle buds (conifers),,individual,,FLB,Green,
ATIGUN_GORGE_ACCESS_ROAD.NPN.ANWR,start of Colored leaves,,individual,,FC,Senesce,
ATIGUN_GORGE_ACCESS_ROAD.NPN.ANWR,start of Flowers or flower buds,,individual,,FF,Flower,
ATIGUN_GORGE_ACCESS_ROAD.NPN.ANWR,start of Fruits,,individual,,FIFR,Fruit,
ATIGUN_GORGE_ACCESS_ROAD.NPN.ANWR,start of Increasing leaf size,,individual,,ILS,Green,
ATIGUN_GORGE_ACCESS_ROAD.NPN.ANWR,start of Leaves,,individual,,FL,Green,
ATIGUN_GORGE_ACCESS_ROAD.NPN.ANWR,start of Open flowers,,individual,,FO,Flower,
ATIGUN_GORGE_ACCESS_ROAD.NPN.ANWR,start of Ripe fruits,,individual,,FFR,Fruit,
ATIGUN_GORGE_ACCESS_ROAD.NPN.ANWR,start of Young needles (conifers),,individual,,ILS,Green,
ATQASUK.AD.RH,Bb_TP,Bulbil visible,plot,min,BV,Fruit,
ATQASUK.AD.RH,Bu_IN,flower bud visible (individual plant),individual,,FF,Flower,
ATQASUK.AD.RH,Bu_IN_F,female flower bud visible (individual plant),individual,,FF,Flower,
ATQASUK.AD.RH,Bu_IN_M,male flower bud visible (individual plant),individual,,FF,Flower,
ATQASUK.AD.RH,Bu_TP,flower bud visible (total plot),plot,min,FF,Flower,
ATQASUK.AD.RH,Bu_TP_F,female flower bud visible (total plot),plot,min,FF,Flower,
ATQASUK.AD.RH,Bu_TP_M,male flower bud visible (total plot),plot,min,FF,Flower,
ATQASUK.AD.RH,Fl_IN,flower open (individual); anthers visible if graminoid,individual,,FO,Flower,
ATQASUK.AD.RH,Fl_IN_F,female flower open (individual),individual,,FO,Flower,
ATQASUK.AD.RH,Fl_IN_M,male flower open (individual),individual,,FO,Flower,
ATQASUK.AD.RH,Fl_TP,flower open (plot); anthers visible if graminoid,plot,min,FO,Flower,
ATQASUK.AD.RH,Fl_TP_F,female flower open (plot),plot,min,FO,Flower,
ATQASUK.AD.RH,Fl_TP_M,male flower open (plot),plot,min,FO,Flower,
ATQASUK.AD.RH,FW_IN,first flower withering (individual),individual,,FPE,FlowerEnd,
ATQASUK.AD.RH,FW_IN_F,first female flower withering (individual),individual,,FPE,FlowerEnd,
ATQASUK.AD.RH,FW_IN_M,first male flower withering (individual),individual,,FPE,FlowerEnd,
ATQASUK.AD.RH,FW_TP,first flower withering (total plot),plot,min,FPE,FlowerEnd,
ATQASUK.AD.RH,FW_TP_F,first female flower withering (total plot),plot,,FPE,FlowerEnd,
ATQASUK.AD.RH,FW_TP_M,first male flower withering (total plot),plot,,FPE,FlowerEnd,
ATQASUK.AD.RH,In_IN,Inflorescence emergence(individual plant),individual,,FIN,Flower,
ATQASUK.AD.RH,In_IN_F,Female Inflorescence emergence(individual plant),individual,,FIN,Flower,
ATQASUK.AD.RH,In_IN_M,Male Inflorescence emergence(individual plant),individual,,FIN,Flower,
ATQASUK.AD.RH,In_TP,Inflorescence emergence (total plot first),plot,min,FIN,Flower,
ATQASUK.AD.RH,In_TP_F,Female Inflorescence emergence(total plot),plot,min,FIN,Flower,
ATQASUK.AD.RH,In_TP_M,Male Inflorescence emergence(total plot),plot,min,FIN,Flower,
ATQASUK.AD.RH,Le_IN,Leaf bud burst (individual plant),individual,,FL,Green,
ATQASUK.AD.RH,Le_IN_F,Female plant Leaf bud burst (individual first),individual,NA,FL,Green,
ATQASUK.AD.RH,Le_IN_M,Male plant Leaf bud burst (individual first),individual,NA,FL,Green,
ATQASUK.AD.RH,Le_TP,Leaf bud burst (total plot first),plot,min,FL,Green,
ATQASUK.AD.RH,Le_TP_F,Female plant Leaf bud burst (total plot first),plot,min,FL,Green,
ATQASUK.AD.RH,Le_TP_M,Male plant Leaf bud burst (total plot first),plot,min,FL,Green,
ATQASUK.AD.RH,LW_IN,first visible Leaf Senescence (individual),individual,min,FC,Senesce,
ATQASUK.AD.RH,LW_IN_F,first visible Leaf Senescence (individual female),individual,,FC,Senesce,
ATQASUK.AD.RH,LW_IN_M,first visible Leaf Senescence (individual male),individual,,FC,Senesce,
ATQASUK.AD.RH,LW_TP,first visible Leaf Senescence (plot),plot,min,FC,Senesce,
ATQASUK.AD.RH,LW_TP_F,first visible Leaf Senescence (total plot  female),plot,min,FC,Senesce,
ATQASUK.AD.RH,LW_TP_M,first visible Leaf Senescence (total plot  male),plot,min,FC,Senesce,
ATQASUK.AD.RH,SD_IN,first seed dispersal (individual),individual,,SD,Disperse,
ATQASUK.AD.RH,SD_IN_F,first seed dispersal (individual),individual,,SD,Disperse,
ATQASUK.AD.RH,SD_TP,first seed dispersal (total plot),plot,min,SD,Disperse,
ATQASUK.AD.RH,SD_TP_F,first seed dispersal (total plot),plot,min,SD,Disperse,
ATQASUK.AD.RH,St_IN,stigma visible,individual,,SV,Flower,
ATQASUK.AD.RH,St_TP,stigma visible,plot,min,SV,Flower,
ATQASUK.AD.RH,SV_IN,first seed development (individual),individual,,FFR,Fruit,
ATQASUK.AD.RH,SV_IN_F,first seed development (individual),individual,,FFR,Fruit,
ATQASUK.AD.RH,SV_TP,first seed development (total plot),plot,min,FFR,Fruit,
ATQASUK.AD.RH,SV_TP_F,first seed development (plot),plot,min,FFR,Fruit,
ATQASUK.AW.RH,Bu_IN,flower bud visible (individual plant),individual,,FF,Flower,
ATQASUK.AW.RH,Bu_IN_F,female flower bud visible (individual plant),individual,,FF,Flower,
ATQASUK.AW.RH,Bu_IN_M,male flower bud visible (individual plant),individual,,FF,Flower,
ATQASUK.AW.RH,Bu_TP,flower bud visible (total plot),plot,min,FF,Flower,
ATQASUK.AW.RH,Bu_TP_F,female flower bud visible (total plot),plot,min,FF,Flower,
ATQASUK.AW.RH,Bu_TP_M,male flower bud visible (total plot),plot,min,FF,Flower,
ATQASUK.AW.RH,Fl_IN,flower open (individual); anthers visible if graminoid,individual,,FO,Flower,
ATQASUK.AW.RH,Fl_IN_F,female flower open (individual),individual,,FO,Flower,
ATQASUK.AW.RH,Fl_IN_M,male flower open (individual),individual,,FO,Flower,
ATQASUK.AW.RH,Fl_TP,flower open (plot); anthers visible if graminoid,plot,min,FO,Flower,
ATQASUK.AW.RH,Fl_TP_F,female flower open (plot),plot,min,FO,Flower,
ATQASUK.AW.RH,Fl_TP_M,male flower open (plot),plot,min,FO,Flower,
ATQASUK.AW.RH,FW_IN,first flower withering (individual),individual,,FPE,FlowerEnd,
ATQASUK.AW.RH,FW_IN_F,first female flower withering (individual),individual,,FPE,FlowerEnd,
ATQASUK.AW.RH,FW_IN_M,first male flower withering (individual),individual,,FPE,FlowerEnd,
ATQASUK.AW.RH,FW_TP,first flower withering (total plot),plot,min,FPE,FlowerEnd,
ATQASUK.AW.RH,FW_TP_F,first female flower withering (total plot),plot,,FPE,FlowerEnd,
ATQASUK.AW.RH,FW_TP_M,first male flower withering (total plot),plot,,FPE,FlowerEnd,
ATQASUK.AW.RH,In_IN,Inflorescence emergence(individual plant),individual,,FIN,Flower,
ATQASUK.AW.RH,In_IN_F,Female Inflorescence emergence(individual plant),individual,,FIN,Flower,
ATQASUK.AW.RH,In_IN_M,Male Inflorescence emergence(individual plant),individual,,FIN,Flower,
ATQASUK.AW.RH,In_TP,Inflorescence emergence (total plot first),plot,min,FIN,Flower,
ATQASUK.AW.RH,In_TP_F,Female Inflorescence emergence(total plot),plot,min,FIN,Flower,
ATQASUK.AW.RH,In_TP_M,Male Inflorescence emergence(total plot),plot,min,FIN,Flower,
ATQASUK.AW.RH,Le_IN,Leaf bud burst (individual plant),individual,,FL,Green,
ATQASUK.AW.RH,Le_IN_F,Female plant Leaf bud burst (individual first),individual,NA,FL,Green,
ATQASUK.AW.RH,Le_IN_M,Male plant Leaf bud burst (individual first),individual,NA,FL,Green,
ATQASUK.AW.RH,Le_TP,Leaf bud burst (total plot first),plot,min,FL,Green,
ATQASUK.AW.RH,Le_TP_F,Female plant Leaf bud burst (total plot first),plot,min,FL,Green,
ATQASUK.AW.RH,Le_TP_M,Male plant Leaf bud burst (total plot first),plot,min,FL,Green,
ATQASUK.AW.RH,LW_IN,first visible Leaf Senescence (individual),individual,min,FC,Senesce,
ATQASUK.AW.RH,LW_IN_F,first visible Leaf Senescence (individual female),individual,,FC,Senesce,
ATQASUK.AW.RH,LW_IN_M,first visible Leaf Senescence (individual male),individual,,FC,Senesce,
ATQASUK.AW.RH,LW_TP,first visible Leaf Senescence (plot),plot,min,FC,Senesce,
ATQASUK.AW.RH,LW_TP_F,first visible Leaf Senescence (total plot  female),plot,min,FC,Senesce,
ATQASUK.AW.RH,LW_TP_M,first visible Leaf Senescence (total plot  male),plot,min,FC,Senesce,
ATQASUK.AW.RH,SD_IN,first seed dispersal (individual),individual,,SD,Disperse,
ATQASUK.AW.RH,SD_IN_F,first seed dispersal (individual),individual,,SD,Disperse,
ATQASUK.AW.RH,SD_TP,first seed dispersal (total plot),plot,min,SD,Disperse,
ATQASUK.AW.RH,SD_TP_F,first seed dispersal (total plot),plot,min,SD,Disperse,
ATQASUK.AW.RH,St_IN,stigma visible,individual,,SV,Flower,
ATQASUK.AW.RH,St_IN_F,stigma visible,individual,,SV,Flower,
ATQASUK.AW.RH,St_TP,stigma visible,plot,min,SV,Flower,
ATQASUK.AW.RH,St_TP_F,stigma visible,plot,min,SV,Flower,
ATQASUK.AW.RH,SV_IN,first seed development (individual),individual,,FFR,Fruit,
ATQASUK.AW.RH,SV_IN_F,first seed development (individual),individual,,FFR,Fruit,
ATQASUK.AW.RH,SV_TP,first seed development (total plot),plot,min,FFR,Fruit,
ATQASUK.AW.RH,SV_TP_F,first seed development (plot),plot,min,FFR,Fruit,
BARROW.BD.RH,Bb_IN,Bulbil visible,individual,,BV,Fruit,
BARROW.BD.RH,Bb_TP,Bulbil visible,plot,min,BV,Fruit,
BARROW.BD.RH,Bu_IN,flower bud visible (individual plant),individual,,FF,Flower,
BARROW.BD.RH,Bu_IN_F,female flower bud visible (individual plant),individual,,FF,Flower,
BARROW.BD.RH,Bu_IN_M,male flower bud visible (individual plant),individual,,FF,Flower,
BARROW.BD.RH,Bu_TP,flower bud visible (total plot),plot,min,FF,Flower,
BARROW.BD.RH,Bu_TP_F,female flower bud visible (total plot),plot,min,FF,Flower,
BARROW.BD.RH,Bu_TP_M,male flower bud visible (total plot),plot,min,FF,Flower,
BARROW.BD.RH,Fl_IN,flower open (individual); anthers visible if graminoid,individual,,FO,Flower,
BARROW.BD.RH,Fl_IN_F,female flower open (individual),individual,,FO,Flower,
BARROW.BD.RH,Fl_IN_M,male flower open (individual),individual,,FO,Flower,
BARROW.BD.RH,Fl_TP,flower open (plot); anthers visible if graminoid,plot,min,FO,Flower,
BARROW.BD.RH,Fl_TP_F,female flower open (plot),plot,min,FO,Flower,
BARROW.BD.RH,Fl_TP_M,male flower open (plot),plot,min,FO,Flower,
BARROW.BD.RH,FW_IN,first flower withering (individual),individual,,FPE,FlowerEnd,
BARROW.BD.RH,FW_IN_F,first female flower withering (individual),individual,,FPE,FlowerEnd,
BARROW.BD.RH,FW_IN_M,first male flower withering (individual),individual,,FPE,FlowerEnd,
BARROW.BD.RH,FW_TP,first flower withering (total plot),plot,min,FPE,FlowerEnd,
BARROW.BD.RH,FW_TP_F,first female flower withering (total plot),plot,,FPE,FlowerEnd,
BARROW.BD.RH,FW_TP_M,first male flower withering (total plot),plot,,FPE,FlowerEnd,
BARROW.BD.RH,In_IN,Inflorescence emergence(individual plant),individual,,FIN,Flower,
BARROW.BD.RH,In_IN_F,Female Inflorescence emergence(individual plant),individual,,FIN,Flower,
BARROW.BD.RH,In_IN_M,Male Inflorescence emergence(individual plant),individual,,FIN,Flower,
BARROW.BD.RH,In_TP,Inflorescence emergence (total plot first),plot,min,FIN,Flower,
BARROW.BD.RH,In_TP_F,Female Inflorescence emergence(total plot),plot,min,FIN,Flower,
BARROW.BD.RH,In_TP_M,Male Inflorescence emergence(total plot),plot,min,FIN,Flower,
BARROW.BD.RH,Le_IN,Leaf bud burst (individual plant),individual,,FL,Green,
BARROW.BD.RH,Le_IN_F,Female plant Leaf bud burst (individual first),individual,NA,FL,Green,
BARROW.BD.RH,Le_IN_M,Male plant Leaf bud burst (individual first),individual,NA,FL,Green,
BARROW.BD.RH,Le_TP,Leaf bud burst (total plot first),plot,min,FL,Green,
BARROW.BD.RH,Le_TP_F,Female plant Leaf bud burst (total plot first),plot,min,FL,Green,
BARROW.BD.RH,Le_TP_M,Male plant Leaf bud burst (total plot first),plot,min,FL,Green,
BARROW.BD.RH,LW_IN,first visible Leaf Senescence (individual),individual,min,FC,Senesce,
BARROW.BD.RH,LW_IN_F,first visible Leaf Senescence (individual female),individual,,FC,Senesce,
BARROW.BD.RH,LW_IN_M,first visible Leaf Senescence (individual male),individual,,FC,Senesce,
BARROW.BD.RH,LW_TP,first visible Leaf Senescence (plot),plot,min,FC,Senesce,
BARROW.BD.RH,LW_TP_F,first visible Leaf Senescence (total plot  female),plot,min,FC,Senesce,
BARROW.BD.RH,LW_TP_M,first visible Leaf Senescence (total plot  male),plot,min,FC,Senesce,
BARROW.BD.RH,SD_IN,first seed dispersal (individual),individual,,SD,Disperse,
BARROW.BD.RH,SD_IN_F,first seed dispersal (individual),individual,,SD,Disperse,
BARROW.BD.RH,SD_TP,first seed dispersal (total plot),plot,min,SD,Disperse,
BARROW.BD.RH,SD_TP_F,first seed dispersal (total plot),plot,min,SD,Disperse,
BARROW.BD.RH,St_IN,stigma visible,individual,,SV,Flower,
BARROW.BD.RH,St_IN_F,stigma visible,individual,,SV,Flower,
BARROW.BD.RH,St_TP,stigma visible,plot,min,SV,Flower,
BARROW.BD.RH,St_TP_F,stigma visible,plot,min,SV,Flower,
BARROW.BD.RH,SV_IN,first seed development (individual),individual,,FFR,Fruit,
BARROW.BD.RH,SV_IN_F,first seed development (individual),individual,,FFR,Fruit,
BARROW.BD.RH,SV_TP,first seed development (total plot),plot,min,FFR,Fruit,
BARROW.BD.RH,SV_TP_F,first seed development (total plot),plot,min,FFR,Fruit,
BARROW.BW.RH,Bb_IN,Bulbil visible,individual,,BV,Fruit,
BARROW.BW.RH,Bb_TP,Bulbil visible,plot,min,BV,Fruit,
BARROW.BW.RH,Bu_IN,flower bud visible (individual plant),individual,,FF,Flower,
BARROW.BW.RH,Bu_TP,flower bud visible (total plot),plot,min,FF,Flower,
BARROW.BW.RH,Fl_IN,flower open (individual); anthers visible if graminoid,individual,,FO,Flower,
BARROW.BW.RH,Fl_TP,flower open (plot); anthers visible if graminoid,plot,min,FO,Flower,
BARROW.BW.RH,Fl_TP_F,female flower open (plot),plot,min,FO,Flower,
BARROW.BW.RH,Fl_TP_M,male flower open (plot),plot,min,FO,Flower,
BARROW.BW.RH,FW_IN,first flower withering (individual),individual,,FPE,FlowerEnd,
BARROW.BW.RH,FW_TP,first flower withering (total plot),plot,min,FPE,FlowerEnd,
BARROW.BW.RH,FW_TP_F,first female flower withering (total plot),plot,,FPE,FlowerEnd,
BARROW.BW.RH,FW_TP_M,first male flower withering (total plot),plot,,FPE,FlowerEnd,
BARROW.BW.RH,In_IN,Inflorescence emergence(individual plant),individual,,FIN,Flower,
BARROW.BW.RH,In_TP,Inflorescence emergence (total plot first),plot,min,FIN,Flower,
BARROW.BW.RH,In_TP_F,Female Inflorescence emergence(total plot),plot,min,FIN,Flower,
BARROW.BW.RH,In_TP_M,Male Inflorescence emergence(total plot),plot,min,FIN,Flower,
BARROW.BW.RH,Le_IN,Leaf bud burst (individual plant),individual,,FL,Green,
BARROW.BW.RH,Le_TP,Leaf bud burst (total plot first),plot,min,FL,Green,
BARROW.BW.RH,Le_TP_F,Female plant Leaf bud burst (total plot first),plot,min,FL,Green,
BARROW.BW.RH,Le_TP_M,Male plant Leaf bud burst (total plot first),plot,min,FL,Green,
BARROW.BW.RH,LW_IN,first visible Leaf Senescence (individual),individual,min,FC,Senesce,
BARROW.BW.RH,LW_TP,first visible Leaf Senescence (plot),plot,min,FC,Senesce,
BARROW.BW.RH,LW_TP_F,first visible Leaf Senescence (total plot  female),plot,min,FC,Senesce,
BARROW.BW.RH,LW_TP_M,first visible Leaf Senescence (total plot  male),plot,min,FC,Senesce,
BARROW.BW.RH,SD_IN,first seed dispersal (individual),individual,,SD,Disperse,
BARROW.BW.RH,SD_TP,first seed dispersal (total plot),plot,min,SD,Disperse,
BARROW.BW.RH,SD_TP_F,first seed dispersal (total plot),plot,min,SD,Disperse,
BARROW.BW.RH,St_IN,stigma visible,individual,,SV,Flower,
BARROW.BW.RH,St_TP,stigma visible,plot,min,SV,Flower,
BARROW.BW.RH,St_TP_F,stigma visible,plot,min,SV,Flower,
BARROW.BW.RH,SV_IN,first seed development (individual),individual,,FFR,Fruit,
BARROW.BW.RH,SV_TP,first seed development (total plot),plot,min,FFR,Fruit,
BARROW.BW.RH,SV_TP_F,first seed development (plot),plot,min,FFR,Fruit,
BARROW.NEON.NSF,end of Initial growth,,individual,,EILS,Green,
BARROW.NEON.NSF,end of Leaves,,individual,,ALE,Senesce,
BARROW.NEON.NSF,end of Open flowers,,individual,,FPE,FlowerEnd,
BARROW.NEON.NSF,start of Initial growth,,individual,,FLB,Green,
BARROW.NEON.NSF,start of Leaves,,individual,,FLE,Green,
BARROW.NEON.NSF,start of Open flowers,,individual,,FO,Flower,
BARROW.NPN.ANWR,end of >=50% of leaves fallen (deciduous),,individual,,DECIDUOUSFALLENLEAVESOFOFEND,Senesce,cut this one? Redundant to next phenophase?
BARROW.NPN.ANWR,end of All leaves withered (herbaceous and grasses),,individual,,GRASSESANDHERBACEOUSWITHEREDLEAVESALLOFEND,Senesce,
BARROW.NPN.ANWR,end of Breaking leaf buds,,individual,,EBBK,Green,
BARROW.NPN.ANWR,end of Colored leaves,,individual,,LEAVESCOLOREDOFEND,Senesce,
BARROW.NPN.ANWR,end of Falling leaves,,individual,,LEAVESFALLINGOFEND,Senesce,
BARROW.NPN.ANWR,end of Flower heads (grasses/sedges),,individual,,FPE,FlowerEnd,
BARROW.NPN.ANWR,end of Flowers or flower buds,,individual,,LPE,FlowerEnd,
BARROW.NPN.ANWR,end of Fruits,,individual,,LFR,Fruit,
BARROW.NPN.ANWR,end of Increasing leaf size,,individual,,EILS,Green,
BARROW.NPN.ANWR,end of Initial growth (forbs),,individual,,FORBSGROWTHINITIALOFEND,GreenEnd,is this a a thing??
BARROW.NPN.ANWR,end of Initial growth (grasses/sedges),,individual,,SEDGESGRASSESGROWTHINITIALOFEND,GreenEnd,is this a a thing??
BARROW.NPN.ANWR,end of Leaves,,individual,,ALE,Senesce,
BARROW.NPN.ANWR,end of Leaves (forbs),,individual,,ALE,Senesce,
BARROW.NPN.ANWR,end of Leaves (sedges),,individual,,ALE,Senesce,
BARROW.NPN.ANWR,end of Open flowers,,individual,,EOF,FlowerEnd,
BARROW.NPN.ANWR,end of Open flowers (1 location),,individual,,EOF,FlowerEnd,
BARROW.NPN.ANWR,end of Open flowers (grasses/sedges),,individual,,FPE,FlowerEnd,
BARROW.NPN.ANWR,end of Pollen release (flowers),,individual,,FLOWERSRELEASEPOLLENOFEND,FlowerEnd,
BARROW.NPN.ANWR,end of Recent fruit or seed drop,,individual,,LSD,Disperse,
BARROW.NPN.ANWR,end of Ripe fruits,,individual,,LFR,Fruit,
BARROW.NPN.ANWR,end of Ripe fruits (1 location),,individual,,LFR,Fruit,
BARROW.NPN.ANWR,end of Ripe seeds (grasses),,individual,,LFR,Fruit,
BARROW.NPN.ANWR,end of Young leaves (tree/shrub),,individual,,EILS,Green,
BARROW.NPN.ANWR,start of >=50% of leaves fallen (deciduous),,individual,,AB50,Senesce,
BARROW.NPN.ANWR,start of All leaves withered (herbaceous and grasses),,individual,,AS,Senesce,
BARROW.NPN.ANWR,start of Breaking leaf buds,,individual,,FLB,Green,
BARROW.NPN.ANWR,start of Colored leaves,,individual,,FC,Senesce,
BARROW.NPN.ANWR,start of Falling leaves,,individual,,FLA,Senesce,
BARROW.NPN.ANWR,start of Flower heads (grasses/sedges),,individual,,FF,Flower,
BARROW.NPN.ANWR,start of Flowers or flower buds,,individual,,FF,Flower,
BARROW.NPN.ANWR,start of Fruits,,individual,,FFR,Fruit,
BARROW.NPN.ANWR,start of Increasing leaf size,,individual,,ILS,Green,
BARROW.NPN.ANWR,start of Initial growth (forbs),,individual,,FORBSGROWTHINITIALOFSTART,Green,
BARROW.NPN.ANWR,start of Initial growth (grasses/sedges),,individual,,FL,Green,
BARROW.NPN.ANWR,start of Leaves,,individual,,FL,Green,
BARROW.NPN.ANWR,start of Leaves (forbs),,individual,,FL,Green,
BARROW.NPN.ANWR,start of Leaves (sedges),,individual,,FL,Green,
BARROW.NPN.ANWR,start of Open flowers,,individual,,FO,Flower,
BARROW.NPN.ANWR,start of Open flowers (1 location),,individual,,FO,Flower,
BARROW.NPN.ANWR,start of Open flowers (grasses/sedges),,individual,,FO,Flower,
BARROW.NPN.ANWR,start of Pollen release (flowers),,individual,,FA,Flower,
BARROW.NPN.ANWR,start of Recent fruit or seed drop,,individual,,SD,Disperse,
BARROW.NPN.ANWR,start of Ripe fruits,,individual,,FFR,Fruit,
BARROW.NPN.ANWR,start of Ripe fruits (1 location),,individual,,FFR,Fruit,
BARROW.NPN.ANWR,start of Ripe seeds (grasses),,individual,,FFR,Fruit,
BARROW.NPN.ANWR,start of Young leaves (tree/shrub),,individual,,ILS,Green,
COLDFOOT.NPN.USGS,end of >=50% of leaves colored (deciduous),,individual,,DECIDUOUSCOLOREDLEAVESOFOFEND,Senesce,
COLDFOOT.NPN.USGS,end of >=50% of leaves fallen (deciduous),,individual,,DECIDUOUSFALLENLEAVESOFOFEND,Senesce,
COLDFOOT.NPN.USGS,end of >=75% of full leaf size (deciduous),,individual,,DECIDUOUSSIZELEAFFULLOFOFEND,Senesce,
COLDFOOT.NPN.USGS,end of All leaves colored (deciduous),,individual,,DECIDUOUSCOLOREDLEAVESALLOFEND,Senesce,
COLDFOOT.NPN.USGS,end of All leaves fallen (deciduous),,individual,,DECIDUOUSFALLENLEAVESALLOFEND,Senesce,
COLDFOOT.NPN.USGS,end of All leaves withered (herbaceous and grasses),,individual,,GRASSESANDHERBACEOUSWITHEREDLEAVESALLOFEND,Senesce,
COLDFOOT.NPN.USGS,end of Breaking leaf buds,,individual,,EBBK,Green,
COLDFOOT.NPN.USGS,end of Breaking needle buds (conifers),,individual,,CONIFERSBUDSNEEDLEBREAKINGOFEND,GreenEnd,
COLDFOOT.NPN.USGS,end of Colored leaves,,individual,,LEAVESCOLOREDOFEND,Senesce,
COLDFOOT.NPN.USGS,end of Emerging leaves (1 location),,individual,,LOCATIONLEAVESEMERGINGOFEND,GreenEnd,is this a a thing??
COLDFOOT.NPN.USGS,end of Falling leaves,,individual,,LEAVESFALLINGOFEND,Senesce,
COLDFOOT.NPN.USGS,end of Flower heads (grasses/sedges),,individual,,EOF,FlowerEnd,
COLDFOOT.NPN.USGS,end of Flowers or flower buds,,individual,,EOF,FlowerEnd,
COLDFOOT.NPN.USGS,end of Fruits,,individual,,FRUITSOFEND,Fruit,
COLDFOOT.NPN.USGS,end of Full flowering (50%),,individual,,FLOWERINGFULLOFEND,FlowerEnd,
COLDFOOT.NPN.USGS,end of Full pollen release (angiosperms),,individual,,FPR,FlowerEnd,
COLDFOOT.NPN.USGS,end of Full pollen release (conifers),,individual,,CONIFERSRELEASEPOLLENFULLOFEND,,
COLDFOOT.NPN.USGS,end of Increasing leaf size,,individual,,EILS,Green,
COLDFOOT.NPN.USGS,end of Initial growth (forbs),,individual,,FORBSGROWTHINITIALOFEND,GreenEnd,is this a a thing??
COLDFOOT.NPN.USGS,end of Initial growth (grasses/sedges),,individual,,SEDGESGRASSESGROWTHINITIALOFEND,GreenEnd,is this a a thing??
COLDFOOT.NPN.USGS,end of Leaves,,individual,,ALE,Senesce,
COLDFOOT.NPN.USGS,end of Leaves (forbs),,individual,,ALE,Senesce,
COLDFOOT.NPN.USGS,end of Leaves (sedges),,individual,,ALE,Senesce,
COLDFOOT.NPN.USGS,end of Open flowers,,individual,,EOF,FlowerEnd,
COLDFOOT.NPN.USGS,end of Open flowers (1 location),,individual,,EOF,FlowerEnd,
COLDFOOT.NPN.USGS,end of Open flowers (grasses/sedges),,individual,,EOF,FlowerEnd,
COLDFOOT.NPN.USGS,end of Open pollen cones (conifers),,individual,,EOF,,
COLDFOOT.NPN.USGS,end of Pollen cones (conifers),,individual,,CONIFERSCONESPOLLENOFEND,,
COLDFOOT.NPN.USGS,end of Pollen release (conifers),,individual,,CONIFERSRELEASEPOLLENOFEND,,
COLDFOOT.NPN.USGS,end of Pollen release (flowers),,individual,,FLOWERSRELEASEPOLLENOFEND,FlowerEnd,
COLDFOOT.NPN.USGS,end of Recent cone or seed drop,,individual,,DROPSEEDORCONERECENTOFEND,Dispersal,
COLDFOOT.NPN.USGS,end of Recent fruit or seed drop,,individual,,DROPSEEDORFRUITRECENTOFEND,Dispersal,
COLDFOOT.NPN.USGS,end of Ripe fruits,,individual,,FRUITSRIPEOFEND,Fruit,
COLDFOOT.NPN.USGS,end of Ripe fruits (1 location),,individual,,LOCATIONFRUITSRIPEOFEND,Disperse,
COLDFOOT.NPN.USGS,end of Ripe seed cones,,individual,,LFR,Fruit,
COLDFOOT.NPN.USGS,end of Ripe seeds (grasses),,individual,,GRASSESSEEDSRIPEOFEND,Disperse,
COLDFOOT.NPN.USGS,end of Unripe seed cones,,individual,,CONESSEEDUNRIPEOFEND,Fruit,
COLDFOOT.NPN.USGS,end of Young leaves (tree/shrub),,individual,,EILS,Green,
COLDFOOT.NPN.USGS,end of Young needles (conifers),,individual,,CONIFERSNEEDLESYOUNGOFEND,GreenEnd,
COLDFOOT.NPN.USGS,"end of Young unfolded leaves (evergreen, 1 location)",,individual,,LOCATIONEVERGREENLEAVESUNFOLDEDYOUNGOFEND,GreenEnd,is this a a thing??
COLDFOOT.NPN.USGS,start of >=50% of leaves colored (deciduous),,individual,,COL50,Senesce,
COLDFOOT.NPN.USGS,start of >=50% of leaves fallen (deciduous),,individual,,AB50,Senesce,
COLDFOOT.NPN.USGS,start of >=75% of full leaf size (deciduous),,individual,,ILS75,Green,
COLDFOOT.NPN.USGS,start of All leaves colored (deciduous),,individual,,AS,Senesce,
COLDFOOT.NPN.USGS,start of All leaves fallen (deciduous),,individual,,ALE,Senesce,
COLDFOOT.NPN.USGS,start of All leaves withered (herbaceous and grasses),,individual,,AS,Senesce,
COLDFOOT.NPN.USGS,start of Breaking leaf buds,,individual,,FLB,Green,
COLDFOOT.NPN.USGS,start of Breaking needle buds (conifers),,individual,,CONIFERSBUDSNEEDLEBREAKINGOFSTART,Green,
COLDFOOT.NPN.USGS,start of Colored leaves,,individual,,FC,Senesce,
COLDFOOT.NPN.USGS,start of Emerging leaves (1 location),,individual,,LOCATIONLEAVESEMERGINGOFSTART,Green,
COLDFOOT.NPN.USGS,start of Falling leaves,,individual,,FLA,Senesce,
COLDFOOT.NPN.USGS,start of Flower heads (grasses/sedges),,individual,,FF,Flower,
COLDFOOT.NPN.USGS,start of Flowers or flower buds,,individual,,FF,Flower,
COLDFOOT.NPN.USGS,start of Fruits,,individual,,FFR,Fruit,
COLDFOOT.NPN.USGS,start of Full flowering (50%),,individual,,FLOWERINGFULLOFSTART,Flower,
COLDFOOT.NPN.USGS,start of Full pollen release (angiosperms),,individual,,LPR,Flower,
COLDFOOT.NPN.USGS,start of Full pollen release (conifers),,individual,,CONIFERSRELEASEPOLLENFULLOFSTART,,
COLDFOOT.NPN.USGS,start of Increasing leaf size,,individual,,ILS,Green,
COLDFOOT.NPN.USGS,start of Initial growth (forbs),,individual,,FORBSGROWTHINITIALOFSTART,Green,
COLDFOOT.NPN.USGS,start of Initial growth (grasses/sedges),,individual,,FL,Green,
COLDFOOT.NPN.USGS,start of Leaves,,individual,,FL,Green,
COLDFOOT.NPN.USGS,start of Leaves (forbs),,individual,,FORBSLEAVESOFSTART,Green,
COLDFOOT.NPN.USGS,start of Leaves (sedges),,individual,,FL,Green,
COLDFOOT.NPN.USGS,start of Open flowers,,individual,,FLOWERSOPENOFSTART,Flower,
COLDFOOT.NPN.USGS,start of Open flowers (1 location),,individual,,LOCATIONFLOWERSOPENOFSTART,Flower,
COLDFOOT.NPN.USGS,start of Open flowers (grasses/sedges),,individual,,FO,Flower,
COLDFOOT.NPN.USGS,start of Open pollen cones (conifers),,individual,,FA,,
COLDFOOT.NPN.USGS,start of Pollen cones (conifers),,individual,,ff,,
COLDFOOT.NPN.USGS,start of Pollen release (conifers),,individual,,CONIFERSRELEASEPOLLENOFSTART,,
COLDFOOT.NPN.USGS,start of Pollen release (flowers),,individual,,FLOWERSRELEASEPOLLENOFSTART,Flower,
COLDFOOT.NPN.USGS,start of Recent cone or seed drop,,individual,,SD,Disperse,
COLDFOOT.NPN.USGS,start of Recent fruit or seed drop,,individual,,SD,Disperse,
COLDFOOT.NPN.USGS,start of Ripe fruits,,individual,,FRUITSRIPEOFSTART,Fruit,
COLDFOOT.NPN.USGS,start of Ripe fruits (1 location),,individual,,LOCATIONFRUITSRIPEOFSTART,Fruit,
COLDFOOT.NPN.USGS,start of Ripe seed cones,,individual,,,Fruit,
COLDFOOT.NPN.USGS,start of Ripe seeds (grasses),,individual,,GRASSESSEEDSRIPEOFSTART,Fruit,
COLDFOOT.NPN.USGS,start of Unripe seed cones,,individual,,FFR,Fruit,
COLDFOOT.NPN.USGS,start of Young leaves (tree/shrub),,individual,,ILS,Green,
COLDFOOT.NPN.USGS,start of Young needles (conifers),,individual,,CONIFERSNEEDLESYOUNGOFSTART,Green,
COLDFOOT.NPN.USGS,"start of Young unfolded leaves (evergreen, 1 location)",,individual,,LOCATIONEVERGREENLEAVESUNFOLDEDYOUNGOFSTART,Green,
DARING.TERNPLOT_A.KC,first flower bud,First flower bud visible,individual,,FF,Flower,
DARING.TERNPLOT_A.KC,first flower open,First flower open,individual,,FO,Flower,
DARING.TERNPLOT_A.KC,first green leaf,first green leaf,individual,,FL,Green,
DARING.TERNPLOT_A.KC,first petal drop,first petal drop,individual,,FPE,FlowerEnd,
DARING.TERNPLOT_A.KC,first seed shed,first seed shed,individual,,SD,Disperse,
DARING.TERNPLOT_A.KC,last petal drop,last petal drop,individual,,LPE,FlowerEnd,
DARING.TERNPLOT_B.KC,first flower bud,First flower bud visible,individual,,FF,Flower,
DARING.TERNPLOT_B.KC,first flower open,First flower open,individual,,FO,Flower,
DARING.TERNPLOT_B.KC,first flower shed,first flower shed,individual,,FPE,FlowerEnd,
DARING.TERNPLOT_B.KC,first fruit visible,first fruit visible,individual,,FFR,Fruit,
DARING.TERNPLOT_B.KC,last flower shed,last flower shed,individual,,LPE,FlowerEnd,
DARING.TERNPLOT_C.KC,all shed,all leaves shed,individual,,ALS,Senesce,
DARING.TERNPLOT_C.KC,first female catkin,first female catkin visible within an opening leaf bud,individual,,FF,Flower,
DARING.TERNPLOT_C.KC,first leaf,first leaf,individual,,FL,Green,
DARING.TERNPLOT_C.KC,first leaf shed,first leaf shed,individual,,FLA,Senesce,
DARING.TERNPLOT_C.KC,first leaf turn,first leaf turn,individual,,FC,Senesce,
DARING.TERNPLOT_C.KC,first male catkin,first male catkin,individual,,FF,Flower,
DARING.TERNPLOT_C.KC,first stigma,first stigma,individual,,FO,Flower,
DARING.TERNPLOT_C.KC,last leaf turn,last leaf turn,individual,,LC,Senesce,
DARING.TERNPLOT_C.KC,pollen shed,pollen shed,individual,,PS,Flower,
DARING.TERNPLOT_D.KC,all leaf shed,all leaves shed,individual,,ALS,Senesce,
DARING.TERNPLOT_D.KC,first abs. of leaf,first leaf abscission,individual,,FLA,Senesce,
DARING.TERNPLOT_D.KC,first leaf bud,first leaf bud,individual,,FL,Green,
DARING.TERNPLOT_D.KC,first leaf turn,first leaf turn,individual,,FC,Senesce,
DARING.TERNPLOT_D.KC,first stigma,first stigma,individual,,FO,Flower,
DARING.TERNPLOT_D.KC,last leaf turn,last leaf turn,individual,,LC,Senesce,
DARING.TERNPLOT_D.KC,pollen shed,pollen shed,individual,,PS,Flower,
DARING.TERNPLOT_D.KC,seed disp.,seed disp.,individual,,SD,Disperse,
DARING.TERNPLOT_E.KC,first flower bud,First flower bud visible,individual,,FF,Flower,
DARING.TERNPLOT_E.KC,first flower open,First flower open,individual,,FO,Flower,
DARING.TERNPLOT_E.KC,first new leaves,first new leaves,individual,,FL,Green,
DARING.TERNPLOT_E.KC,first petal shed,first petal shed,individual,,FPE,FlowerEnd,
DARING.TERNPLOT_E.KC,last petal shed,last petal shed,individual,,LPE,FlowerEnd,
DARING.TERNPLOT_F.KC,first anther,first anther visible,individual,,FA,Flower,
DARING.TERNPLOT_F.KC,first bud,First flower bud visible,individual,,FF,Flower,
DARING.TERNPLOT_F.KC,first leaf,first leaf,individual,,FL,Green,
DARING.TERNPLOT_F.KC,seed shed,seed shed,individual,,SD,Disperse,
DARING.TERNPLOT_G.KC,first anther,first anther visible,individual,,FA,Flower,
DARING.TERNPLOT_G.KC,first leaf,first leaf,individual,,FL,Green,
DARING.TERNPLOT_G.KC,first stigma,first stigma,individual,,FO,Flower,
DARING.TERNPLOT_G.KC,seed shed,seed shed,individual,,SD,Disperse,
DARING.TERNPLOT_G.KC,yellow leaf,at least one leaf on the plant is >=25% yellow,individual,,FC,Senesce,
ENDALEN.CASSIOPE_HIGH.IJ,AW,,,,AW,,
ENDALEN.CASSIOPE_HIGH.IJ,FA,first anther or??,,,FA,Flower,
ENDALEN.CASSIOPE_HIGH.IJ,FB,,,,FB,,FL->FO->FB
ENDALEN.CASSIOPE_HIGH.IJ,FC,first color change,,,FC,Senesce,
ENDALEN.CASSIOPE_HIGH.IJ,FF,First flower bud visible,,,FF,Flower,
ENDALEN.CASSIOPE_HIGH.IJ,FL,first leaf visible,,,FL,Green,
ENDALEN.CASSIOPE_HIGH.IJ,FO,First flower open,,,FO,Flower,
ENDALEN.CASSIOPE_HIGH.IJ,FPE,first petal drop,,,FPE,FlowerEnd,
ENDALEN.CASSIOPE_HIGH.IJ,FPO,,,,FPO,,
ENDALEN.CASSIOPE_HIGH.IJ,FS,?first stigma or stamen??,,,FS,Flower,
ENDALEN.CASSIOPE_HIGH.IJ,FU,,,,FU,,
ENDALEN.CASSIOPE_HIGH.IJ,LPE,last petal drop,,,LPE,FlowerEnd,
ENDALEN.CASSIOPE_HIGH.IJ,LPO,,,,LPO,,
ENDALEN.CASSIOPE_HIGH.IJ,OVS,ovaries??,,,OVS,,
ENDALEN.CASSIOPE_HIGH.IJ,PE,?something between first bud and flower open? - petal expansion?,,,PE,,
ENDALEN.CASSIOPE_HIGH.IJ,PO,,,,PO,,
ENDALEN.CASSIOPE_HIGH.IJ,SD,first seed dispersal,,,SD,Disperse,
ENDALEN.CASSIOPE_HIGH.IJ,TW,,,,TW,Disperse,
ENDALEN.CASSIOPE_LOW.IJ,AW,,,,AW,,
ENDALEN.CASSIOPE_LOW.IJ,FA,first anther or??,,,FA,Flower,
ENDALEN.CASSIOPE_LOW.IJ,FB,,,,FB,,
ENDALEN.CASSIOPE_LOW.IJ,FC,first color change,,,FC,Senesce,
ENDALEN.CASSIOPE_LOW.IJ,FF,First flower bud visible,,,FF,Flower,
ENDALEN.CASSIOPE_LOW.IJ,FL,first leaf visible,,,FL,Green,
ENDALEN.CASSIOPE_LOW.IJ,FO,First flower open,,,FO,Flower,
ENDALEN.CASSIOPE_LOW.IJ,FPE,first petal drop,,,FPE,FlowerEnd,
ENDALEN.CASSIOPE_LOW.IJ,FPO,,,,FPO,,
ENDALEN.CASSIOPE_LOW.IJ,FS,?first stigma or ??,,,FS,Flower,
ENDALEN.CASSIOPE_LOW.IJ,FU,,,,FU,,flowers unopened??
ENDALEN.CASSIOPE_LOW.IJ,LPE,last petal drop,,,LPE,FlowerEnd,
ENDALEN.CASSIOPE_LOW.IJ,LPO,,,,LPO,,
ENDALEN.CASSIOPE_LOW.IJ,OVS,ovaries??,,,OVS,,
ENDALEN.CASSIOPE_LOW.IJ,PE,?something between first bud and flower open? - petal expansion?,,,PE,,
ENDALEN.CASSIOPE_LOW.IJ,PO,,,,PO,,
ENDALEN.CASSIOPE_LOW.IJ,SD,first seed dispersal,,,SD,Disperse,
ENDALEN.CASSIOPE_LOW.IJ,TW,,,,TW,Disperse,
ENDALEN.DRYAS_HEATH.IJ,AW,,,,AW,,
ENDALEN.DRYAS_HEATH.IJ,FA,first anther or??,,,FA,Flower,
ENDALEN.DRYAS_HEATH.IJ,FB,,,,FB,,
ENDALEN.DRYAS_HEATH.IJ,FC,first color change,,,FC,Senesce,
ENDALEN.DRYAS_HEATH.IJ,FF,First flower bud visible,,,FF,Flower,
ENDALEN.DRYAS_HEATH.IJ,FL,first leaf visible,,,FL,Green,
ENDALEN.DRYAS_HEATH.IJ,FO,First flower open,,,FO,Flower,
ENDALEN.DRYAS_HEATH.IJ,FPE,first petal drop,,,FPE,FlowerEnd,
ENDALEN.DRYAS_HEATH.IJ,FPO,,,,FPO,,
ENDALEN.DRYAS_HEATH.IJ,FS,?first stigma or ??,,,FS,Flower,
ENDALEN.DRYAS_HEATH.IJ,FU,,,,FU,,flowers unopened??
ENDALEN.DRYAS_HEATH.IJ,LPE,last petal drop,,,LPE,FlowerEnd,
ENDALEN.DRYAS_HEATH.IJ,LPO,,,,LPO,,
ENDALEN.DRYAS_HEATH.IJ,OVS,ovaries??,,,OVS,,
ENDALEN.DRYAS_HEATH.IJ,PO,,,,PO,,
ENDALEN.DRYAS_HEATH.IJ,SD,first seed dispersal,,,SD,Disperse,
ENDALEN.DRYAS_HEATH.IJ,TW,,,,TW,Disperse,
ENDALEN.FELLFIELD.IJ,AW,,,,AW,,
ENDALEN.FELLFIELD.IJ,FA,first anther or??,,,FA,Flower,
ENDALEN.FELLFIELD.IJ,FB,,,,FB,,
ENDALEN.FELLFIELD.IJ,FC,first color change,,,FC,Senesce,
ENDALEN.FELLFIELD.IJ,FF,First flower bud visible,,,FF,Flower,
ENDALEN.FELLFIELD.IJ,FL,first leaf visible,,,FL,Green,
ENDALEN.FELLFIELD.IJ,FO,First flower open,,,FO,Flower,
ENDALEN.FELLFIELD.IJ,FPE,first petal drop,,,FPE,FlowerEnd,
ENDALEN.FELLFIELD.IJ,FPO,,,,FPO,,
ENDALEN.FELLFIELD.IJ,FS,?first stigma or ??,,,FS,Flower,
ENDALEN.FELLFIELD.IJ,FU,,,,FU,,flowers unopened??
ENDALEN.FELLFIELD.IJ,LPE,last petal drop,,,LPE,FlowerEnd,
ENDALEN.FELLFIELD.IJ,LPO,,,,LPO,,
ENDALEN.FELLFIELD.IJ,OVS,ovaries??,,,OVS,,
ENDALEN.FELLFIELD.IJ,PO,,,,PO,,
ENDALEN.FELLFIELD.IJ,SD,first seed dispersal,,,SD,Disperse,
ENDALEN.FELLFIELD.IJ,TW,,,,TW,Disperse,
ENDALEN.SNOWBED_HIGH.IJ,AW,,,,AW,,
ENDALEN.SNOWBED_HIGH.IJ,FA,first anther or??,,,FA,Flower,
ENDALEN.SNOWBED_HIGH.IJ,FB,,,,FB,,
ENDALEN.SNOWBED_HIGH.IJ,FC,first color change,,,FC,Senesce,
ENDALEN.SNOWBED_HIGH.IJ,FF,First flower bud visible,,,FF,Flower,
ENDALEN.SNOWBED_HIGH.IJ,FL,first leaf visible,,,FL,Green,
ENDALEN.SNOWBED_HIGH.IJ,FO,First flower open,,,FO,Flower,
ENDALEN.SNOWBED_HIGH.IJ,FS,?first stigma or ??,,,FS,Flower,
ENDALEN.SNOWBED_HIGH.IJ,LPO,,,,LPO,,
ENDALEN.SNOWBED_HIGH.IJ,OVS,ovaries??,,,OVS,,
ENDALEN.SNOWBED_HIGH.IJ,PO,,,,PO,,
ENDALEN.SNOWBED_HIGH.IJ,SD,first seed dispersal,,,SD,Disperse,
ENDALEN.SNOWBED_LOW.IJ,AW,,,,AW,,
ENDALEN.SNOWBED_LOW.IJ,FA,first anther or??,,,FA,Flower,
ENDALEN.SNOWBED_LOW.IJ,FB,,,,FB,,
ENDALEN.SNOWBED_LOW.IJ,FC,first color change,,,FC,Senesce,
ENDALEN.SNOWBED_LOW.IJ,FF,First flower bud visible,,,FF,Flower,
ENDALEN.SNOWBED_LOW.IJ,FL,first leaf visible,,,FL,Green,
ENDALEN.SNOWBED_LOW.IJ,FO,First flower open,,,FO,Flower,
ENDALEN.SNOWBED_LOW.IJ,FS,?first stigma or ??,,,FS,Flower,
ENDALEN.SNOWBED_LOW.IJ,LPO,,,,LPO,,
ENDALEN.SNOWBED_LOW.IJ,OVS,ovaries??,,,OVS,,
ENDALEN.SNOWBED_LOW.IJ,PO,,,,PO,,
ENDALEN.SNOWBED_LOW.IJ,SD,first seed dispersal,,,SD,Disperse,
FAROE.DRY_MEADOW.AF,FF,First flower bud visible,,,FF,Flower,
FAROE.DRY_MEADOW.AF,FO,First flower open,,,FO,Flower,
FAROE.DRY_MEADOW.AF,FPE,first petal drop,,,FPE,FlowerEnd,
FAROE.DRY_MEADOW.AF,LPE,last petal drop,,,LPE,FlowerEnd,
FINSE.alpine_meadow.KK,FO,First flower open,,,FO,Flower,
FINSE.alpine_meadow.KK,LPE,last petal drop,,,LPE,FlowerEnd,
FINSE.alpine_moist_heath.KK,FO,First flower open,,,FO,Flower,
FINSE.alpine_moist_heath.KK,LPE,last petal drop,,,LPE,FlowerEnd,
FINSE.stony_snowbed.KK,FL,first leaf visible?,,,FL,Green,
FINSE.stony_snowbed.KK,FO,First flower open,,,FO,Flower,
FINSE.stony_snowbed.KK,LPE,last petal drop,,,LPE,FlowerEnd,
FOSCAGNO.DWARF_SHRUBLAND.NC,FFO,First flower open,individual,,FO,Flower,
FOSCAGNO.DWARF_SHRUBLAND.NC,LS,Leaf senescence (at least 50% of leaves on an individual plant had changed color),individual,,FC1,Senesce,
FOSCAGNO.DWARF_SHRUBLAND.NC,MF,Main flowering (max number of flowers per plot),plot,mean,MF,Flower,
FOSCAGNO.DWARF_SHRUBLAND.NC,NL,First leaf fully expanded,individual,,FL,Green,
FOSCAGNO.GRASSLAND.NC,FFO,First flower open,individual,,FO,Flower,
FOSCAGNO.GRASSLAND.NC,LS,Leaf senescence (at least 50% of leaves on an individual plant had changed color),individual,,FC1,Senesce,
FOSCAGNO.GRASSLAND.NC,MF,Main flowering (max number of flowers per plot),plot,mean,MF,Flower,
FOSCAGNO.GRASSLAND.NC,NL,First leaf fully expanded,individual,,FL,Green,
FOSCAGNO.PIONEER.NC,FFO,First flower open,individual,,FO,Flower,
FOSCAGNO.PIONEER.NC,LS,Leaf senescence (at least 50% of leaves on an individual plant had changed color),individual,,FC1,Senesce,
FOSCAGNO.PIONEER.NC,MF,Main flowering (max number of flowers per plot),plot,mean,MF,Flower,
FOSCAGNO.PIONEER.NC,NL,First leaf fully expanded,individual,,FL,Green,
FOSCAGNO.SHRUBLAND.NC,FFO,First flower open,individual,,FO,Flower,
FOSCAGNO.SHRUBLAND.NC,LS,Leaf senescence (at least 50% of leaves on an individual plant had changed color),individual,,FC1,Senesce,
FOSCAGNO.SHRUBLAND.NC,MF,Main flowering (max number of flowers per plot),plot,mean,MF,Flower,
FOSCAGNO.SHRUBLAND.NC,NL,First leaf fully expanded,individual,,FL,Green,
FOSCAGNO.SNOWBED.NC,FFO,First flower open,individual,,FO,Flower,
FOSCAGNO.SNOWBED.NC,LS,Leaf senescence (at least 50% of leaves on an individual plant had changed color),individual,,FC1,Senesce,
FOSCAGNO.SNOWBED.NC,MF,Main flowering (max number of flowers per plot),plot,mean,MF,Flower,
FOSCAGNO.SNOWBED.NC,NL,First leaf fully expanded,individual,,FL,Green,
GAVIAPASS.POLYTRICHASTRUM.MC,anthesis,anthesis,individual,,FA,Flower,
GAVIAPASS.POLYTRICHASTRUM.MC,expanding_fruits,expanding fruits,individual,,FRUITSEXPANDING,Fruit,
GAVIAPASS.POLYTRICHASTRUM.MC,initiated_fruits,initiated fruids,individual,,FRUITSINITIATED,Fruit,
GAVIAPASS.POLYTRICHASTRUM.MC,seed_dispersal,seed dispersal,individual,,SD,Disperse,
GAVIAPASS.POLYTRICHASTRUM.MC,unopened_buds,unopened buds visible,individual,,FF,Flower,
GAVIAPASS.SALIX.MC,anthesis,anthesis,individual,,FA,Flower,
GAVIAPASS.SALIX.MC,expanding_fruits,expanding fruits,individual,,FRUITSEXPANDING,Fruit,
GAVIAPASS.SALIX.MC,initiated_fruits,initiated fruids,individual,,FRUITSINITIATED,Fruit,
GAVIAPASS.SALIX.MC,seed_dispersal,seed dispersal,individual,,SD,Disperse,
GAVIAPASS.SALIX.MC,unopened_buds,unopened buds visible,individual,,FF,Flower,
HEALY.CiPEHR.MM,all.senesced,no leaves were green,,,AS,Senesce,
HEALY.CiPEHR.MM,bud.burst,bud burst,,,FL,Green,
HEALY.CiPEHR.MM,some.senesced,at least one leaf with no green (turning red or yellow),,,FC,Senesce,
IMNAVAIT.MAT.HS,FCC,first leaf color change,,,FC,Senesce,
IMNAVAIT.MAT.HS,FLB,first leaf bud,,,FLB,Green,
IMNAVAIT.MAT.HS,FLE,full leaf expansion,,,FLE,Green,
IMNAVAIT.MAT.HS,LD,all leaves shed,,,ALS,Senesce,
IMNAVAIT.MAT.HS,TS,total senescence (all leaves colored),,,AS,Senesce,
IMNAVAIT.MAT.HS,WLC,one leaf wholly colored,,,OLWC,Senesce,
JAKOBSHORN.WARMREM.CC,flower,first open flower,plot,min,FO,Flower,
JAKOBSHORN.WARMREM.CC,flowerend,first senesced flower,plot,min,FPE,FlowerEnd,
JAKOBSHORN.WARMREM.CC,green,first green leaf visible,plot,min,FL,Green,
JAKOBSHORN.WARMREM.CC,seedmat,first mature seed,plot,min,FFR,Fruit,
JAKOBSHORN.WARMREM.CC,senesce,first colored leaf,plot,min,FC,Senesce,
KANGER.BASHFUL.EP,B,bloom,plot,min,FO,Flower,
KANGER.BASHFUL.EP,E,"Emergence (new green leaf tissue in the case of graminoids and forbs,  Leaf bud opening was determined on the basis of observation of green leaf tissue extending from within open bud scales in the case of deciduous shrubs)",plot,min,FL,Green,
KANGER.BASHFUL.EP,FS,Flower set,plot,min,FF,Flower,
KANGER.BASHFUL.EP,LO,leaf opening,plot,min,FLE,Green,
KANGER.BASHFUL.EP,RS,Fruit set,plot,min,FFR,Fruit,
KANGER.DOC.EP,B,bloom,plot,min,FO,Flower,
KANGER.DOC.EP,E,"Emergence (new green leaf tissue in the case of graminoids and forbs,  Leaf bud opening was determined on the basis of observation of green leaf tissue extending from within open bud scales in the case of deciduous shrubs)",plot,min,FL,Green,
KANGER.DOC.EP,FS,Flower set,plot,min,FF,Flower,
KANGER.DOC.EP,LO,leaf opening,plot,min,FLE,Green,
KANGER.DOC.EP,RS,Fruit set,plot,min,FFR,Fruit,
KANGER.DOPEY.EP,B,bloom,plot,min,FO,Flower,
KANGER.DOPEY.EP,E,"Emergence (new green leaf tissue in the case of graminoids and forbs,  Leaf bud opening was determined on the basis of observation of green leaf tissue extending from within open bud scales in the case of deciduous shrubs)",plot,min,FL,Green,
KANGER.DOPEY.EP,FS,Flower set,plot,min,FF,Flower,
KANGER.DOPEY.EP,LO,leaf opening,plot,min,FLE,Green,
KANGER.DOPEY.EP,RS,Fruit set,plot,min,FFR,Fruit,
LATNJA.DRY_HEATH.UM,FO,First flower open,,,FO,Flower,
LATNJA.DRY_HEATH.UM,FPE,first petal drop,,,FPE,FlowerEnd,
LATNJA.DRY_MEADOW.UM,FB,,,,FB,,
LATNJA.DRY_MEADOW.UM,FC,first color change,,,FC,Senesce,
LATNJA.DRY_MEADOW.UM,FF,First flower bud visible,,,FF,Flower,
LATNJA.DRY_MEADOW.UM,FL,first leaf visible?,,,FL,Green,
LATNJA.DRY_MEADOW.UM,FLE,first leaf expanded,,,FLE,Green,
LATNJA.DRY_MEADOW.UM,FO,First flower open,,,FO,Flower,
LATNJA.DRY_MEADOW.UM,FPE,first petal drop,,,FPE,FlowerEnd,
LATNJA.DRY_MEADOW.UM,SD,first seed dispersal,,,SD,Disperse,
LATNJA.DRY_MEADOW.UM,TW,,,,TW,Disperse,
LATNJA.TUSSOCK_TUNDRA.UM,FA,first anther or??,,,FA,Flower,
LATNJA.TUSSOCK_TUNDRA.UM,SD,first seed dispersal,,,SD,Disperse,
LATNJA.WET_SEDGE.UM,FC,first color change,,,FC,Senesce,
LATNJA.WET_SEDGE.UM,FO,First flower open,,,FO,Flower,
LATNJA.WET_SEDGE.UM,FPE,first petal drop,,,FPE,FlowerEnd,
LATNJA.WET_SEDGE.UM,SD,first seed dispersal,,,SD,Disperse,
NIWOT.ITEXNUTSNOW.KS,first_flowering_plot,first visible flower in plot,plot,,FO,Flower,
NIWOT.ITEXNUTSNOW.KS,last_flowering_plot,last visible flower in plot,plot,,FPE,FlowerEnd,
NIWOT.NEON.NSF,end of Initial growth,growth,individual,,GROWTHINITIALOFEND,GreenEnd,is this a a thing??
NIWOT.NEON.NSF,end of Leaves,,individual,,ALE,Senesce,
NIWOT.NEON.NSF,end of Open flowers,,individual,,EOF,FlowerEnd,
NIWOT.NEON.NSF,start of Initial growth,growth,individual,,FLB,Green,
NIWOT.NEON.NSF,start of Leaves,,individual,,FL,Green,
NIWOT.NEON.NSF,start of Open flowers,,individual,,FO,Flower,
NIWOT.NODAL_DRYFELLFIELD.MW,init_color_chg,first leaf color change,individual,,FC,Senesce,
NIWOT.NODAL_DRYFELLFIELD.MW,init_pollen,first pollen visible,individual,,FA,Flower,
NIWOT.NODAL_DRYFELLFIELD.MW,init_seed_disp,first seed dispersal,individual,,SD,Disperse,
NIWOT.NODAL_DRYFELLFIELD.MW,tot_color_chg,all leaves colored,individual,,AS,Senesce,
NIWOT.NODAL_DRYMEADOW.MW,init_color_chg,first leaf color change,individual,,FC,Senesce,
NIWOT.NODAL_DRYMEADOW.MW,init_pollen,first pollen visible,individual,,FA,Flower,
NIWOT.NODAL_DRYMEADOW.MW,init_seed_disp,first seed dispersal,individual,,SD,Disperse,
NIWOT.NODAL_DRYMEADOW.MW,tot_color_chg,all leaves colored,individual,,AS,Senesce,
NIWOT.NODAL_MOISTMEADOW.MW,init_color_chg,first leaf color change,individual,,FC,Senesce,
NIWOT.NODAL_MOISTMEADOW.MW,init_pollen,first pollen visible,individual,,FA,Flower,
NIWOT.NODAL_MOISTMEADOW.MW,init_seed_disp,first seed dispersal,individual,,SD,Disperse,
NIWOT.NODAL_MOISTMEADOW.MW,tot_color_chg,all leaves colored,individual,,AS,Senesce,
NIWOT.NODAL_MOISTSHRUBTUNDRA.MW,init_color_chg,first leaf color change,individual,,FC,Senesce,
NIWOT.NODAL_MOISTSHRUBTUNDRA.MW,init_pollen,first pollen visible,individual,,FA,Flower,
NIWOT.NODAL_MOISTSHRUBTUNDRA.MW,init_seed_disp,first seed dispersal,individual,,SD,Disperse,
NIWOT.NODAL_MOISTSHRUBTUNDRA.MW,tot_color_chg,all leaves colored,individual,,AS,Senesce,
NIWOT.NODAL_SNOWBED.MW,init_color_chg,first leaf color change,individual,,FC,Senesce,
NIWOT.NODAL_SNOWBED.MW,init_pollen,first pollen visible,individual,,FA,Flower,
NIWOT.NODAL_SNOWBED.MW,init_seed_disp,first seed dispersal,individual,,SD,Disperse,
NIWOT.NODAL_SNOWBED.MW,tot_color_chg,all leaves colored,individual,,AS,Senesce,
NIWOT.NODAL_SNOWFENCE.MW,init_color_chg,first leaf color change,individual,,FC,Senesce,
NIWOT.NODAL_SNOWFENCE.MW,init_pollen,first pollen visible,individual,,FA,Flower,
NIWOT.NODAL_SNOWFENCE.MW,init_seed_disp,first seed dispersal,individual,,SD,Disperse,
NIWOT.NODAL_SNOWFENCE.MW,tot_color_chg,all leaves colored,individual,,AS,Senesce,
NIWOT.NODAL_WETMEADOW.MW,init_color_chg,first leaf color change,individual,,FC,Senesce,
NIWOT.NODAL_WETMEADOW.MW,init_pollen,first pollen visible,individual,,FA,Flower,
NIWOT.NODAL_WETMEADOW.MW,init_seed_disp,first seed dispersal,individual,,SD,Disperse,
NIWOT.NODAL_WETMEADOW.MW,tot_color_chg,all leaves colored,individual,,AS,Senesce,
NIWOT.SADSNFC.MW,1st_flower_open,first flower or inflorescence open,individual,,FO,Flower,
NIWOT.SADSNFC.MW,1st_leaf,first leaf evident,individual,,FL,Green,
NIWOT.SADSNFC.MW,1st_petal_shed,first petal shed,individual,,FPE,FlowerEnd,
NIWOT.SADSNFC.MW,1st_red_leaf,first reddening of leaves,individual,,FC,Senesce,
NIWOT.SADSNFC.MW,1st_seed_disp,first seed dispersal,individual,,SD,Disperse,
NIWOT.SADSNFC.MW,last_petal_shed,last petal shed,individual,,LPE,FlowerEnd,
NUUK.MAIN.NS,flower,First flower open,plot,min,FO,Flower,
NUUK.MAIN.NS,flowerend,First flower senesced,plot,min,FPE,FlowerEnd,
OZ.OZ1.OHEATH.CW,FF,First flower bud visible,,,FF,Flower,
OZ.OZ1.OHEATH.CW,FO,First flower open,,,FO,Flower,
OZ.OZ1.OHEATH.CW,FPE,first petal drop,,,FPE,FlowerEnd,
OZ.OZ1.OHEATH.CW,LPE,last petal drop,,,LPE,FlowerEnd,
OZ.OZ1.OHEATH.CW,PE,?something between first bud and flower open? - petal expansion?,,,PE,,
OZ.OZ1.OHEATH.CW,SD,first seed dispersal,,,SD,Disperse,
OZ.OZ2.OHEATH.CW,FF,First flower bud visible,,,FF,Flower,
OZ.OZ2.OHEATH.CW,FO,First flower open,,,FO,Flower,
OZ.OZ2.OHEATH.CW,FPE,first petal drop,,,FPE,FlowerEnd,
OZ.OZ2.OHEATH.CW,LPE,last petal drop,,,LPE,FlowerEnd,
OZ.OZ2.OHEATH.CW,PE,?something between first bud and flower open? - petal expansion?,,,PE,,
OZ.OZ2.OHEATH.CW,SD,first seed dispersal,,,SD,Disperse,
QIKIQTARUK.DRYINT.IMS,bud_burst,bud burst,individual,,FLB,Green,
QIKIQTARUK.DRYINT.IMS,last_petal_shed,last petal shed,individual,,LPE,FlowerEnd,
QIKIQTARUK.DRYINT.IMS,open_flower,open flower,individual,,FO,Flower,
QIKIQTARUK.DRYINT.IMS,seed_twist,seed twist,individual,,TWISTSEED,Disperse,
QIKIQTARUK.ERIVAG.IMS,bud_visible,bud visible,individual,,FLB,Green,
QIKIQTARUK.ERIVAG.IMS,pollen_visible,pollen visible,individual,,FA,Flower,
QIKIQTARUK.SALARC.IMS,all_leaves_senesced,all leaves senesced,individual,,ALE,Senesce,
QIKIQTARUK.SALARC.IMS,all_leaves_yellow,all leaves yellow,individual,,AS,Senesce,
QIKIQTARUK.SALARC.IMS,bud_burst,bud burst,individual,,FLB,Green,
QIKIQTARUK.SALARC.IMS,first_yellow_leaf,first yellow leaf,individual,,FC,Senesce,
QIKIQTARUK.SALARC.IMS,pollen_visible,pollen visible,individual,,FA,Flower,
QIKIQTARUK.SALARC.IMS,seed_dispersal,seed dispersal,individual,,SD,Disperse,
STILLBERG.alpine_treeline.SW,FC,first color change,,,FC,Senesce,
STILLBERG.alpine_treeline.SW,FL,first leaf visible,,,FL,Green,
STILLBERG.alpine_treeline.SW,FO,First flower open,,,FO,Flower,
STILLBERG.alpine_treeline.SW,LC,last color change,,,FC,Senesce,
TOOLIK.EDCHTH.DB,FC,First color change,,,FC,Senesce,
TOOLIK.EDCHTH.DB,FF,First flower bud visible,,,FF,Flower,
TOOLIK.EDCHTH.DB,FL,First leaf visible,,,FL,Green,
TOOLIK.EDCHTH.DB,FO,First flower open,,,FO,Flower,
TOOLIK.EDCHTH.DB,FPE,First petal drop,,,FPE,FlowerEnd,
TOOLIK.EDCHTH.DB,LPE,Last petal drop,,,LPE,FlowerEnd,
TOOLIK.EDCHTH.DB,SD,First seed dispersal,,,SD,Disperse,
TOOLIK.EDCMAT.DB,FC,First color change,,,FC,Senesce,
TOOLIK.EDCMAT.DB,FF,First flower bud visible,,,FF,Flower,
TOOLIK.EDCMAT.DB,FL,First leaf visible,,,FL,Green,
TOOLIK.EDCMAT.DB,FLB,,,,FLB,Green,
TOOLIK.EDCMAT.DB,FMB,,,,FMB,,
TOOLIK.EDCMAT.DB,FMO,,,,FMO,,
TOOLIK.EDCMAT.DB,FO,First flower open,,,FO,Flower,
TOOLIK.EDCMAT.DB,FPE,First petal drop,,,FPE,FlowerEnd,
TOOLIK.EDCMAT.DB,LC,,,,LC,Senesce,
TOOLIK.EDCMAT.DB,LPE,Last petal drop,,,LPE,FlowerEnd,
TOOLIK.EDCMAT.DB,SD,First seed dispersal,,,SD,Disperse,
TOOLIK.NEON.NSF,end of Breaking leaf buds,,individual,,EBBK,Green,
TOOLIK.NEON.NSF,end of Colored leaves,,individual,,LEAVESCOLOREDOFEND,Senesce,
TOOLIK.NEON.NSF,end of Falling leaves,,individual,,ALE,Senesce,
TOOLIK.NEON.NSF,end of Increasing leaf size,,individual,,EILS,Green,
TOOLIK.NEON.NSF,end of Initial growth,,individual,,GROWTHINITIALOFEND,GreenEnd,is this a a thing??
TOOLIK.NEON.NSF,end of Leaves,,individual,,LEAVESOFEND,Senesce,
TOOLIK.NEON.NSF,end of Open flowers,,individual,,FPE,FlowerEnd,
TOOLIK.NEON.NSF,end of Young leaves,,individual,,LEAVESYOUNGOFEND,Senesce,
TOOLIK.NEON.NSF,start of Breaking leaf buds,,individual,,FLB,Green,
TOOLIK.NEON.NSF,start of Colored leaves,,individual,,FC,Senesce,
TOOLIK.NEON.NSF,start of Falling leaves,,individual,,FLA,Senesce,
TOOLIK.NEON.NSF,start of Increasing leaf size,,individual,,ILS,Green,
TOOLIK.NEON.NSF,start of Initial growth,,individual,,FLB,Green,
TOOLIK.NEON.NSF,start of Leaves,,individual,,FLE,Green,
TOOLIK.NEON.NSF,start of Open flowers,,individual,,FO,Flower,
TOOLIK.NEON.NSF,start of Young leaves,,individual,,FL,Green,
TOOLIK.SEASONS.SO,BB_start,start of leaf budbreak,individual,,FLB,Green,
TOOLIK.SEASONS.SO,FA_start,first anthesis,individual,,FA,Flower,
TOOLIK.SEASONS.SO,FB_start,First flower bud visible,individual,,FF,Flower,
TOOLIK.SEASONS.SO,first_leaf,first green leaf visible,individual,,FL,Green,
TOOLIK.SEASONS.SO,FW_start,flower withering,individual,,FW,FlowerEnd,
TOOLIK.SEASONS.SO,sen_30_start,first date leaf at least 30% brown,individual,,COL30,Senesce,
TOOLIK.SEASONS.SO,sen_60_start,first date leaf at least 60% brown,individual,,COL60,Senesce,
TOOLIK.SEASONS.SO,sen1_start,first date leaves at least 1% brown,individual,,FC,Senesce,
TOOLIK.USTOOLIKDRY.JW,FIRST_COLOR_CHANGE,first color change,individual,,FC,Senesce,
TOOLIK.USTOOLIKDRY.JW,FIRST_FLOWER_BUD,First flower bud visible,individual,,FF,Flower,
TOOLIK.USTOOLIKDRY.JW,FIRST_FLOWER_OPEN,First flower open,individual,,FO,Flower,
TOOLIK.USTOOLIKDRY.JW,FIRST_LEAF_DROP,first leaf drop,individual,,FLA,Senesce,
TOOLIK.USTOOLIKDRY.JW,FIRST_LEAF_EVIDENT,first leaf visible,individual,,FL,Green,
TOOLIK.USTOOLIKDRY.JW,FIRST_PETAL_DROP,first petal drop,individual,,FPE,FlowerEnd,
TOOLIK.USTOOLIKDRY.JW,FIRST_SEED_DISPERSAL,first seed dispersal,individual,,SD,Disperse,
TOOLIK.USTOOLIKDRY.JW,LAST_COLOR_CHANGE,last color change,individual,,AS,Senesce,
TOOLIK.USTOOLIKDRY.JW,LAST_PETAL_DROP,last petal drop,individual,,LPE,FlowerEnd,
TOOLIK.USTOOLIKDRY.JW,SECOND_SEED_DISPERSAL,second seed dispersal,individual,,SD,Disperse,
TOOLIK.USTOOLIKMOIST.JW,FIRST_COLOR_CHANGE,first color change,individual,,FC,Senesce,
TOOLIK.USTOOLIKMOIST.JW,FIRST_FLOWER_BUD,First flower bud visible,individual,,FF,Flower,
TOOLIK.USTOOLIKMOIST.JW,FIRST_FLOWER_OPEN,First flower open,individual,,FO,Flower,
TOOLIK.USTOOLIKMOIST.JW,FIRST_LEAF_DROP,first leaf drop,individual,,FLA,Senesce,
TOOLIK.USTOOLIKMOIST.JW,FIRST_LEAF_EVIDENT,first leaf visible,individual,,FL,Green,
TOOLIK.USTOOLIKMOIST.JW,FIRST_PETAL_DROP,first petal drop,individual,,FPE,FlowerEnd,
TOOLIK.USTOOLIKMOIST.JW,FIRST_SEED_DISPERSAL,first seed dispersal,individual,,SD,Disperse,
TOOLIK.USTOOLIKMOIST.JW,LAST_COLOR_CHANGE,last color change,individual,,AS,Senesce,
TOOLIK.USTOOLIKMOIST.JW,LAST_PETAL_DROP,last petal drop,individual,,LPE,FlowerEnd,
TOOLIK.USTOOLIKMOIST.JW,SECOND_SEED_DISPERSAL,second seed dispersal,individual,,SD,Disperse,
TOOLIK.USTOOLIKSNOWFIELD.JW,FIRST_COLOR_CHANGE,first color change,individual,,FC,Senesce,
TOOLIK.USTOOLIKSNOWFIELD.JW,FIRST_FLOWER_BUD,First flower bud visible,individual,,FF,Flower,
TOOLIK.USTOOLIKSNOWFIELD.JW,FIRST_FLOWER_OPEN,First flower open,individual,,FO,Flower,
TOOLIK.USTOOLIKSNOWFIELD.JW,FIRST_LEAF_DROP,first leaf drop,individual,,FLA,Senesce,
TOOLIK.USTOOLIKSNOWFIELD.JW,FIRST_LEAF_EVIDENT,first leaf visible,individual,,FL,Green,
TOOLIK.USTOOLIKSNOWFIELD.JW,FIRST_PETAL_DROP,first petal drop,individual,,FPE,FlowerEnd,
TOOLIK.USTOOLIKSNOWFIELD.JW,FIRST_SEED_DISPERSAL,first seed dispersal,individual,,SD,Disperse,
TOOLIK.USTOOLIKSNOWFIELD.JW,LAST_COLOR_CHANGE,last color change,individual,,AS,Senesce,
TOOLIK.USTOOLIKSNOWFIELD.JW,LAST_PETAL_DROP,last petal drop,individual,,LPE,FlowerEnd,
TOOLIK.USTOOLIKSNOWFIELD.JW,SECOND_SEED_DISPERSAL,second seed dispersal,individual,,SD,Disperse,
WHITEMTNS.3100.CK,Flower,First anthers visible,plot,,FO,Flower,
WHITEMTNS.3100.CK,FlowerEnd,No flowers remaining in plot ,plot,,LPE,FlowerEnd,
WHITEMTNS.3700.CK,Flower,First anthers visible,plot,,FO,Flower,
WHITEMTNS.3700.CK,FlowerEnd,No flowers remaining in plot ,plot,,LPE,FlowerEnd,
ZACKENBERG.MAIN.NS,flower,First flower open,plot,min,FO,Flower,
ZACKENBERG.MAIN.NS,flowerend,First flower senesced,plot,min,FPE,FlowerEnd,
VALBERCLA.ITEX.JP,green,first green visible,plot,min,FL,Green,
VALBERCLA.ITEX.JP,flower,First flower open,plot,min,FO,Flower,
VALBERCLA.ITEX.JP,flowerend,First flower senesced,plot,min,FPE,FlowerEnd,
NIWOT.BS_AUDUBON.CF,D,Dormant  time span between snow melt and first sign of plant development,individual,,,,
NIWOT.BS_AUDUBON.CF,V1,Onset of greening (first new leaf parts visible),individual,,FL,Green,
NIWOT.BS_AUDUBON.CF,V2,Total green (all leaves green or unfolded),individual,,TG,Green,
NIWOT.BS_AUDUBON.CF,V3,Start of vegetative growth (start of shoot elongation),individual,,SHE,Green,
NIWOT.BS_AUDUBON.CF,V4,50% senescence,individual,,COL50,Senesce,
NIWOT.BS_AUDUBON.CF,V5,100% senescence,individual,,AS,Senesce,
NIWOT.BS_AUDUBON.CF,R1,Flower buds swelling/bud burst,individual,,FF,Flower,
NIWOT.BS_AUDUBON.CF,R2,Flower open,individual,,FO,Flower,
NIWOT.BS_AUDUBON.CF,R3,Flower senescent ,individual,,FW,FlowerEnd,
NIWOT.BS_AUDUBON.CF,LTR,leaves turning red,individual,,FC,Senesce,
NIWOT.BS_TROUGH.CF,V1,Onset of greening (first new leaf parts visible),individual,,FL,Green,
NIWOT.BS_TROUGH.CF,V2,Total green (all leaves green or unfolded),individual,,TG,Green,
NIWOT.BS_TROUGH.CF,V3,Start of vegetative growth (start of shoot elongation),individual,,SHE,Green,
NIWOT.BS_TROUGH.CF,V4,50% senescence,individual,,COL50,Senesce,
NIWOT.BS_TROUGH.CF,V5,100% senescence,individual,,AS,Senesce,
NIWOT.BS_TROUGH.CF,R1,Flower buds swelling/bud burst,individual,,FF,Flower,
NIWOT.BS_TROUGH.CF,R2,Flower open,individual,,FO,Flower,
NIWOT.BS_TROUGH.CF,R3,Flower senescent ,individual,,FW,FlowerEnd,
NIWOT.BS_TROUGH.CF,LTR,leaves turning red,individual,,FC,Senesce,
NIWOT.BS_EK.CF,V1,Onset of greening (first new leaf parts visible),individual,,FL,Green,
NIWOT.BS_EK.CF,V2,Total green (all leaves green or unfolded),individual,,TG,Green,
NIWOT.BS_EK.CF,V3,Start of vegetative growth (start of shoot elongation),individual,,SHE,Green,
NIWOT.BS_EK.CF,V4,50% senescence,individual,,COL50,Senesce,
NIWOT.BS_EK.CF,V5,100% senescence,individual,,AS,Senesce,
NIWOT.BS_EK.CF,R1,Flower buds swelling/bud burst,individual,,FF,Flower,
NIWOT.BS_EK.CF,R2,Flower open,individual,,FO,Flower,
NIWOT.BS_EK.CF,R3,Flower senescent ,individual,,FW,FlowerEnd,
NIWOT.BS_EK.CF,LTR,leaves turning red,individual,,FC,Senesce,
NIWOT.BS_LEFTY.CF,V1,Onset of greening (first new leaf parts visible),individual,,FL,Green,
NIWOT.BS_LEFTY.CF,V2,Total green (all leaves green or unfolded),individual,,TG,Green,
NIWOT.BS_LEFTY.CF,V3,Start of vegetative growth (start of shoot elongation),individual,,SHE,Green,
NIWOT.BS_LEFTY.CF,V4,50% senescence,individual,,COL50,Senesce,
NIWOT.BS_LEFTY.CF,V5,100% senescence,individual,,AS,Senesce,
NIWOT.BS_LEFTY.CF,R1,Flower buds swelling/bud burst,individual,,FF,Flower,
NIWOT.BS_LEFTY.CF,R2,Flower open,individual,,FO,Flower,
NIWOT.BS_LEFTY.CF,R3,Flower senescent ,individual,,FW,FlowerEnd,
NIWOT.BS_LEFTY.CF,LTR,leaves turning red,individual,,FC,Senesce,
