Site_name,Species_code,Genus ,Species ,Phenology,Site definition,Measurement_level
Adventdalen,ALOMAG,Alopecurus,magellanicus,Flowering,flower_plot_first,plot
Adventdalen,ALOMAG,Alopecurus,magellanicus,Green up,greenleaf_plot_first,plot
Adventdalen,ALOMAG,Alopecurus,magellanicus,Seed Dispersal,dispersal_plot_first,plot
Adventdalen,CASTET,Cassiope,tetragona,End of Flowering,endflower_plot_first,plot
Adventdalen,CASTET,Cassiope,tetragona,Flowering,flower_plot_first,plot
Adventdalen,DRYOCT,Dryas,octopetala,End of Flowering,endflower_plot_first,plot
Adventdalen,DRYOCT,Dryas,octopetala,Flowering,flower_plot_first,plot
Adventdalen,DRYOCT,Dryas,octopetala,Green up,greenleaf_plot_first,plot
Adventdalen,DRYOCT,Dryas,octopetala,Leaf Senescence,senescence50_plot_first,plot
Adventdalen,DRYOCT,Dryas,octopetala,Seed Dispersal,dispersal_plot_first,plot
Adventdalen,LUZARCUATCON,Luzula,arcuata,Flowering,flower_plot_first,plot
Adventdalen,LUZARCUATCON,Luzula,arcuata,Green up,greenleaf_plot_first,plot
Adventdalen,LUZARCUATCON,Luzula,arcuata,Leaf Senescence,senescence50_plot_first,plot
Adventdalen,LUZARCUATCON,Luzula,arcuata,Seed Dispersal,dispersal_plot_first,plot
Adventdalen,PEDHIR,Pedicularis,hirsuta,End of Flowering,endflower_plot_first,plot
Adventdalen,PEDHIR,Pedicularis,hirsuta,Flowering,flower_plot_first,plot
Adventdalen,PEDHIR,Pedicularis,hirsuta,Green up,greenleaf_plot_first,plot
Adventdalen,PEDHIR,Pedicularis,hirsuta,Seed Dispersal,dispersal_plot_first,plot
Adventdalen,PERVIV,Persicaria,vivipara,End of Flowering,endflower_plot_first,plot
Adventdalen,PERVIV,Persicaria,vivipara,Flowering,flower_plot_first,plot
Adventdalen,PERVIV,Persicaria,vivipara,Seed Dispersal,dispersal_plot_first,plot
Adventdalen,SALPOL,Salix,polaris,End of Flowering,endflower_plot_first,plot
Adventdalen,SALPOL,Salix,polaris,Flowering,flower_plot_first,plot
Adventdalen,SALPOL,Salix,polaris,Green up,greenleaf_plot_first,plot
Adventdalen,SALPOL,Salix,polaris,Leaf Senescence,senescence50_plot_first,plot
Adventdalen,SALPOL,Salix,polaris,Seed Dispersal,dispersal_plot_first,plot
Adventdalen,STECRA,Stellaria,crassipes,End of Flowering,endflower_plot_first,plot
Adventdalen,STECRA,Stellaria,crassipes,Flowering,flower_plot_first,plot
Adventdalen,STECRA,Stellaria,crassipes,Green up,greenleaf_plot_first,plot
Alexandra Fiord,ARCLAT,Arctagrostis,latifolia,End of Flowering,first day a senescing flower was observed,individual
Alexandra Fiord,ARCLAT,Arctagrostis,latifolia,Flowering,first day a flower bud was observed,individual
Alexandra Fiord,ARCLAT,Arctagrostis,latifolia,Green up,first day a mature leaf was observed,individual
Alexandra Fiord,ARCLAT,Arctagrostis,latifolia,Green up,first day an expanded leaf was observed,individual
Alexandra Fiord,ARCLAT,Arctagrostis,latifolia,Leaf Senescence,first day a senesced leaf was observed,individual
Alexandra Fiord,CASTET,Cassiope,tetragona,End of Flowering,last day a mature flower was observed,individual
Alexandra Fiord,CASTET,Cassiope,tetragona,End of Flowering,last day flower buds were observed,individual
Alexandra Fiord,CASTET,Cassiope,tetragona,Flowering, first day a mature flower was observed,individual
Alexandra Fiord,CASTET,Cassiope,tetragona,Flowering,first day a flower bud was observed,individual
Alexandra Fiord,CASTET,Cassiope,tetragona,Flowering,first day pedicel elongation was observed,individual
Alexandra Fiord,CASTET,Cassiope,tetragona,Fruiting,first day an immature fruit was observed,individual
Alexandra Fiord,CASTET,Cassiope,tetragona,Green up,first day a green leaf was observed,individual
Alexandra Fiord,DRYINT,Dryas,integrifolia,End of Flowering, first day a senescing petal was observed ,individual
Alexandra Fiord,DRYINT,Dryas,integrifolia,Flowering, first day a mature flower was observed,individual
Alexandra Fiord,DRYINT,Dryas,integrifolia,Fruiting,first day that a capsule was observed,individual
Alexandra Fiord,DRYINT,Dryas,integrifolia,Green up, first day a new leaf was observed,individual
Alexandra Fiord,DRYINT,Dryas,integrifolia,Green up,first day a mature leaf was observed,individual
Alexandra Fiord,DRYINT,Dryas,integrifolia,Leaf Senescence,first day a senesced leaf was observed,individual
Alexandra Fiord,DRYINT,Dryas,integrifolia,Seed Dispersal,first day that seed dispersal was observed,individual
Alexandra Fiord,OXYDIG,Oxyria,digyna,End of Flowering, first day a senescing petal was observed ,individual
Alexandra Fiord,OXYDIG,Oxyria,digyna,Flowering,first day stalk elongation is observed,individual
Alexandra Fiord,OXYDIG,Oxyria,digyna,Fruiting,first day developed seeds are observed,individual
Alexandra Fiord,OXYDIG,Oxyria,digyna,Green up, first day a new leaf was observed,individual
Alexandra Fiord,OXYDIG,Oxyria,digyna,Leaf Senescence,first day a senesced leaf was observed,individual
Alexandra Fiord,OXYDIG,Oxyria,digyna,Seed Dispersal,first day seeds begin to fall from the inflorencence,individual
Alexandra Fiord,PAPRAD,Papaver,radicatum,End of Flowering, first day a senescing petal was observed ,individual
Alexandra Fiord,PAPRAD,Papaver,radicatum,Flowering, first day a mature flower was observed,individual
Alexandra Fiord,PAPRAD,Papaver,radicatum,Flowering,first day an elongating bud was observed,individual
Alexandra Fiord,PAPRAD,Papaver,radicatum,Fruiting,first day an immature capsule was observed,individual
Alexandra Fiord,PAPRAD,Papaver,radicatum,Green up, first day a new leaf was observed,individual
Alexandra Fiord,PAPRAD,Papaver,radicatum,Leaf Senescence,first day a senesced leaf was observed,individual
Alexandra Fiord,SALARC,Salix,arctica,End of Flowering,First day male catkins are senescing; pollen is dried up.,individual
Alexandra Fiord,SALARC,Salix,arctica,Flowering,first day a mature flower was observed,individual
Alexandra Fiord,SALARC,Salix,arctica,Fruiting,First day female catkins are swelling,individual
Alexandra Fiord,SALARC,Salix,arctica,Green up,first day a leaf bud break was observed,individual
Alexandra Fiord,SALARC,Salix,arctica,Green up,first day a mature leaf was observed,individual
Alexandra Fiord,SALARC,Salix,arctica,Leaf Senescence,first day a senesced leaf was observed,individual
Alexandra Fiord,SALARC,Salix,arctica,Seed Dispersal,first day that seed dispersal was observed,individual
Alexandra Fiord,SAXOPP,Saxifraga,oppositifolia,End of Flowering, first day a senescing petal was observed ,individual
Alexandra Fiord,SAXOPP,Saxifraga,oppositifolia,Flowering,first day flower bud break was observed,individual
Alexandra Fiord,SAXOPP,Saxifraga,oppositifolia,Fruiting,first day that a mature capsule was observed,individual
Alexandra Fiord,SAXOPP,Saxifraga,oppositifolia,Green up,first day vegetative bud break (green) was observed ,individual
Alexandra Fiord,SAXOPP,Saxifraga,oppositifolia,Seed Dispersal,first day a dehiscing capsule was observed,individual
Atqasuk,ANTFRI,Antennaria,friesiana,End of Flowering,first flower withering (total plot),plot
Atqasuk,ANTFRI,Antennaria,friesiana,Flowering,flower open (plot); anthers visible if graminoid,plot
Atqasuk,ANTFRI,Antennaria,friesiana,Green up,Leaf bud burst (total plot first),plot
Atqasuk,ANTFRI,Antennaria,friesiana,Leaf Senescence,first visible Leaf Senescence (plot),plot
Atqasuk,ANTFRI,Antennaria,friesiana,Seed Dispersal,first seed dispersal (total plot),plot
Atqasuk,ARCLAT,Arctagrostis,latifolia,Green up,Leaf bud burst (individual plant),individual
Atqasuk,ARCLAT,Arctagrostis,latifolia,Leaf Senescence,first visible Leaf Senescence (individual),individual
Atqasuk,ARTCAMBOR,Artemisia,campestris,End of Flowering,first flower withering (total plot),plot
Atqasuk,ARTCAMBOR,Artemisia,campestris,Flowering,flower bud visible (total plot),plot
Atqasuk,ARTCAMBOR,Artemisia,campestris,Seed Dispersal,first seed dispersal (total plot),plot
Atqasuk,BETNAN,Betula,nana,Green up,Leaf bud burst (total plot first),plot
Atqasuk,BETNAN,Betula,nana,Leaf Senescence,first visible Leaf Senescence (plot),plot
Atqasuk,CARAQU,Carex,aquatilis,End of Flowering,first flower withering (total plot),plot
Atqasuk,CARAQU,Carex,aquatilis,Flowering,flower open (plot); anthers visible if graminoid,plot
Atqasuk,CARAQU,Carex,aquatilis,Fruiting,first seed development (total plot),plot
Atqasuk,CARAQU,Carex,aquatilis,Green up,Leaf bud burst (individual plant),individual
Atqasuk,CARAQU,Carex,aquatilis,Leaf Senescence,first visible Leaf Senescence (plot),plot
Atqasuk,CARAQU,Carex,aquatilis,Seed Dispersal,first seed dispersal (total plot),plot
Atqasuk,CARBIG,Carex,bigelowii,End of Flowering,first flower withering (total plot),plot
Atqasuk,CARBIG,Carex,bigelowii,Flowering,flower open (plot); anthers visible if graminoid,plot
Atqasuk,CARBIG,Carex,bigelowii,Fruiting,first seed development (total plot),plot
Atqasuk,CARBIG,Carex,bigelowii,Green up,Leaf bud burst (individual plant),individual
Atqasuk,CARBIG,Carex,bigelowii,Leaf Senescence,first visible Leaf Senescence (plot),plot
Atqasuk,CARBIG,Carex,bigelowii,Seed Dispersal,first seed dispersal (total plot),plot
Atqasuk,CARRAR,Carex,rariflora,End of Flowering,first flower withering (total plot),plot
Atqasuk,CARRAR,Carex,rariflora,Flowering,flower open (plot); anthers visible if graminoid,plot
Atqasuk,CARRAR,Carex,rariflora,Fruiting,first seed development (total plot),plot
Atqasuk,CARRAR,Carex,rariflora,Green up,Leaf bud burst (total plot first),plot
Atqasuk,CARRAR,Carex,rariflora,Leaf Senescence,first visible Leaf Senescence (plot),plot
Atqasuk,CARRAR,Carex,rariflora,Seed Dispersal,first seed dispersal (total plot),plot
Atqasuk,CARROT,Carex,rotundata,End of Flowering,first flower withering (total plot),plot
Atqasuk,CARROT,Carex,rotundata,Flowering,flower open (plot); anthers visible if graminoid,plot
Atqasuk,CARROT,Carex,rotundata,Fruiting,first seed development (total plot),plot
Atqasuk,CARROT,Carex,rotundata,Green up,Leaf bud burst (individual plant),individual
Atqasuk,CARROT,Carex,rotundata,Leaf Senescence,first visible Leaf Senescence (plot),plot
Atqasuk,CASTET,Cassiope,tetragona,End of Flowering,first flower withering (total plot),plot
Atqasuk,CASTET,Cassiope,tetragona,Flowering,flower open (plot); anthers visible if graminoid,plot
Atqasuk,CASTET,Cassiope,tetragona,Fruiting,first seed development (total plot),plot
Atqasuk,CASTET,Cassiope,tetragona,Green up,Leaf bud burst (individual plant),individual
Atqasuk,CASTET,Cassiope,tetragona,Leaf Senescence,first visible Leaf Senescence (plot),plot
Atqasuk,CASTET,Cassiope,tetragona,Seed Dispersal,first seed dispersal (total plot),plot
Atqasuk,DIALAP,Diapensia,lapponica,End of Flowering,first flower withering (total plot),plot
Atqasuk,DIALAP,Diapensia,lapponica,Flowering,flower open (plot); anthers visible if graminoid,plot
Atqasuk,DIALAP,Diapensia,lapponica,Fruiting,first seed development (total plot),plot
Atqasuk,DIALAP,Diapensia,lapponica,Green up,Leaf bud burst (individual plant),individual
Atqasuk,DIALAP,Diapensia,lapponica,Leaf Senescence,first visible Leaf Senescence (plot),plot
Atqasuk,DIALAP,Diapensia,lapponica,Seed Dispersal,first seed dispersal (total plot),plot
Atqasuk,DUPFIS,Dupontia,fisheri,End of Flowering,first flower withering (total plot),plot
Atqasuk,DUPFIS,Dupontia,fisheri,Flowering,flower open (plot); anthers visible if graminoid,plot
Atqasuk,DUPFIS,Dupontia,fisheri,Fruiting,first seed development (total plot),plot
Atqasuk,DUPFIS,Dupontia,fisheri,Green up,Leaf bud burst (total plot first),plot
Atqasuk,DUPFIS,Dupontia,fisheri,Leaf Senescence,first visible Leaf Senescence (plot),plot
Atqasuk,DUPFIS,Dupontia,fisheri,Seed Dispersal,first seed dispersal (total plot),plot
Atqasuk,ERIANG,Eriophorum,angustifolium,End of Flowering,first flower withering (total plot),plot
Atqasuk,ERIANG,Eriophorum,angustifolium,Flowering,flower open (plot); anthers visible if graminoid,plot
Atqasuk,ERIANG,Eriophorum,angustifolium,Fruiting,first seed development (total plot),plot
Atqasuk,ERIANG,Eriophorum,angustifolium,Green up,Leaf bud burst (individual plant),individual
Atqasuk,ERIANG,Eriophorum,angustifolium,Leaf Senescence,first visible Leaf Senescence (plot),plot
Atqasuk,ERIANG,Eriophorum,angustifolium,Seed Dispersal,first seed dispersal (total plot),plot
Atqasuk,ERICHA,Eriophorum,chamissonis,End of Flowering,first flower withering (total plot),plot
Atqasuk,ERICHA,Eriophorum,chamissonis,Flowering,flower open (plot); anthers visible if graminoid,plot
Atqasuk,ERICHA,Eriophorum,chamissonis,Fruiting,first seed development (total plot),plot
Atqasuk,ERICHA,Eriophorum,chamissonis,Seed Dispersal,first seed dispersal (total plot),plot
Atqasuk,HIEALPINA,Hierochloe,alpina,End of Flowering,first flower withering (total plot),plot
Atqasuk,HIEALPINA,Hierochloe,alpina,Flowering,flower open (plot); anthers visible if graminoid,plot
Atqasuk,HIEALPINA,Hierochloe,alpina,Fruiting,first seed development (total plot),plot
Atqasuk,HIEALPINA,Hierochloe,alpina,Green up,Leaf bud burst (individual plant),individual
Atqasuk,HIEALPINA,Hierochloe,alpina,Leaf Senescence,first visible Leaf Senescence (plot),plot
Atqasuk,HIEALPINA,Hierochloe,alpina,Seed Dispersal,first seed dispersal (total plot),plot
Atqasuk,LEDPAL,Ledum,palustre,End of Flowering,first flower withering (total plot),plot
Atqasuk,LEDPAL,Ledum,palustre,Flowering,flower open (plot); anthers visible if graminoid,plot
Atqasuk,LEDPAL,Ledum,palustre,Fruiting,first seed development (total plot),plot
Atqasuk,LEDPAL,Ledum,palustre,Green up,Leaf bud burst (individual plant),individual
Atqasuk,LEDPAL,Ledum,palustre,Leaf Senescence,first visible Leaf Senescence (plot),plot
Atqasuk,LEDPAL,Ledum,palustre,Seed Dispersal,first seed dispersal (total plot),plot
Atqasuk,LUZCON,Luzula,confusa,End of Flowering,first flower withering (total plot),plot
Atqasuk,LUZCON,Luzula,confusa,Flowering,flower open (plot); anthers visible if graminoid,plot
Atqasuk,LUZCON,Luzula,confusa,Fruiting,first seed development (total plot),plot
Atqasuk,LUZCON,Luzula,confusa,Green up,Leaf bud burst (individual plant),individual
Atqasuk,LUZCON,Luzula,confusa,Leaf Senescence,first visible Leaf Senescence (plot),plot
Atqasuk,LUZCON,Luzula,confusa,Seed Dispersal,first seed dispersal (total plot),plot
Atqasuk,LUZNIV,Luzula,nivalis,End of Flowering,first flower withering (total plot),plot
Atqasuk,LUZNIV,Luzula,nivalis,Flowering,flower open (plot); anthers visible if graminoid,plot
Atqasuk,LUZNIV,Luzula,nivalis,Fruiting,first seed development (total plot),plot
Atqasuk,LUZNIV,Luzula,nivalis,Seed Dispersal,first seed dispersal (total plot),plot
Atqasuk,LUZWAH,Luzula,wahlenbergii,End of Flowering,first flower withering (total plot),plot
Atqasuk,LUZWAH,Luzula,wahlenbergii,Flowering,flower open (plot); anthers visible if graminoid,plot
Atqasuk,LUZWAH,Luzula,wahlenbergii,Fruiting,first seed development (total plot),plot
Atqasuk,LUZWAH,Luzula,wahlenbergii,Green up,Leaf bud burst (total plot first),plot
Atqasuk,LUZWAH,Luzula,wahlenbergii,Leaf Senescence,first visible Leaf Senescence (plot),plot
Atqasuk,LUZWAH,Luzula,wahlenbergii,Seed Dispersal,first seed dispersal (total plot),plot
Atqasuk,MINOBT,Minuartia,obtusiloba,End of Flowering,first flower withering (total plot),plot
Atqasuk,MINOBT,Minuartia,obtusiloba,Flowering,flower open (plot); anthers visible if graminoid,plot
Atqasuk,MINOBT,Minuartia,obtusiloba,Fruiting,first seed development (total plot),plot
Atqasuk,MINOBT,Minuartia,obtusiloba,Green up,Leaf bud burst (total plot first),plot
Atqasuk,MINOBT,Minuartia,obtusiloba,Leaf Senescence,first visible Leaf Senescence (plot),plot
Atqasuk,MINOBT,Minuartia,obtusiloba,Seed Dispersal,first seed dispersal (total plot),plot
Atqasuk,PEDSUD,Pedicularis,sudetica,End of Flowering,first flower withering (total plot),plot
Atqasuk,PEDSUD,Pedicularis,sudetica,Flowering,flower open (plot); anthers visible if graminoid,plot
Atqasuk,PEDSUD,Pedicularis,sudetica,Fruiting,first seed development (total plot),plot
Atqasuk,PEDSUD,Pedicularis,sudetica,Green up,Leaf bud burst (individual plant),individual
Atqasuk,PEDSUD,Pedicularis,sudetica,Leaf Senescence,first visible Leaf Senescence (individual),individual
Atqasuk,PEDSUD,Pedicularis,sudetica,Seed Dispersal,first seed dispersal (total plot),plot
Atqasuk,PERBIS,Persicaria,bistorta,End of Flowering,first flower withering (total plot),plot
Atqasuk,PERBIS,Persicaria,bistorta,Flowering,flower open (plot); anthers visible if graminoid,plot
Atqasuk,PERBIS,Persicaria,bistorta,Fruiting,first seed development (total plot),plot
Atqasuk,PERBIS,Persicaria,bistorta,Seed Dispersal,first seed dispersal (total plot),plot
Atqasuk,PERVIV,Persicaria,vivipara,End of Flowering,first flower withering (total plot),plot
Atqasuk,PERVIV,Persicaria,vivipara,Flowering,Inflorescence emergence (total plot first),plot
Atqasuk,PERVIV,Persicaria,vivipara,Fruiting,first seed development (total plot),plot
Atqasuk,PERVIV,Persicaria,vivipara,Seed Dispersal,first seed dispersal (total plot),plot
Atqasuk,SALPHL,Salix,phlebophylla,End of Flowering,first female flower withering (total plot),plot
Atqasuk,SALPHL,Salix,phlebophylla,Flowering,female flower open (plot),plot
Atqasuk,SALPHL,Salix,phlebophylla,Fruiting,first seed development (plot),plot
Atqasuk,SALPHL,Salix,phlebophylla,Green up,Female plant Leaf bud burst (total plot first),plot
Atqasuk,SALPHL,Salix,phlebophylla,Leaf Senescence,first visible Leaf Senescence (total plot  female),plot
Atqasuk,SALPHL,Salix,phlebophylla,Seed Dispersal,first seed dispersal (total plot),plot
Atqasuk,SALPOL,Salix,polaris,End of Flowering,first female flower withering (total plot),plot
Atqasuk,SALPOL,Salix,polaris,Flowering,female flower open (plot),plot
Atqasuk,SALPOL,Salix,polaris,Fruiting,first seed development (plot),plot
Atqasuk,SALPOL,Salix,polaris,Green up,Female plant Leaf bud burst (total plot first),plot
Atqasuk,SALPOL,Salix,polaris,Leaf Senescence,first visible Leaf Senescence (total plot  female),plot
Atqasuk,SALPOL,Salix,polaris,Seed Dispersal,first seed dispersal (total plot),plot
Atqasuk,SALPUL,Salix,pulchra,End of Flowering,first female flower withering (total plot),plot
Atqasuk,SALPUL,Salix,pulchra,Flowering,female flower open (plot),plot
Atqasuk,SALPUL,Salix,pulchra,Fruiting,first seed development (plot),plot
Atqasuk,SALPUL,Salix,pulchra,Green up,Leaf bud burst (individual plant),individual
Atqasuk,SALPUL,Salix,pulchra,Leaf Senescence,first visible Leaf Senescence (total plot  female),plot
Atqasuk,SALPUL,Salix,pulchra,Seed Dispersal,first seed dispersal (total plot),plot
Atqasuk,SAXFOL,Saxifraga,foliolosa,Green up,Leaf bud burst (individual plant),individual
Atqasuk,SAXFOL,Saxifraga,foliolosa,Leaf Senescence,first visible Leaf Senescence (individual),individual
Atqasuk,TRISPI,Trisetum,spicatum,End of Flowering,first flower withering (total plot),plot
Atqasuk,TRISPI,Trisetum,spicatum,Flowering,Inflorescence emergence (total plot first),plot
Atqasuk,TRISPI,Trisetum,spicatum,Green up,Leaf bud burst (total plot first),plot
Atqasuk,TRISPI,Trisetum,spicatum,Leaf Senescence,first visible Leaf Senescence (plot),plot
Atqasuk,VACVIT,Vaccinium,vitis-idaea,End of Flowering,first flower withering (total plot),plot
Atqasuk,VACVIT,Vaccinium,vitis-idaea,Flowering,flower open (plot); anthers visible if graminoid,plot
Atqasuk,VACVIT,Vaccinium,vitis-idaea,Fruiting,first seed development (total plot),plot
Atqasuk,VACVIT,Vaccinium,vitis-idaea,Green up,Leaf bud burst (individual plant),individual
Atqasuk,VACVIT,Vaccinium,vitis-idaea,Leaf Senescence,first visible Leaf Senescence (plot),plot
Atqasuk,VACVIT,Vaccinium,vitis-idaea,Seed Dispersal,first seed dispersal (total plot),plot
Daring Lake,ERIVAG,Eriophorum,vaginatum,Flowering,first anther visible,individual
Daring Lake,ERIVAG,Eriophorum,vaginatum,Seed Dispersal,seed shed,individual
Daring Lake,LEDDEC,Ledum,decumbens,End of Flowering,first flower shed,individual
Daring Lake,LEDDEC,Ledum,decumbens,Flowering,First flower bud visible,individual
Daring Lake,LEDDEC,Ledum,decumbens,Fruiting,first fruit visible,individual
Daring Lake,VACVIT,Vaccinium,vitis-idaea,End of Flowering,first flower shed,individual
Daring Lake,VACVIT,Vaccinium,vitis-idaea,Flowering,First flower bud visible,individual
Daring Lake,VACVIT,Vaccinium,vitis-idaea,Fruiting,first fruit visible,individual
Endalen,CARRUP,Carex,rupestris,Flowering,first anther,plot
Endalen,CARRUP,Carex,rupestris,Seed Dispersal,first seed dispersal,plot
Endalen,CASTET,Cassiope,tetragona,End of Flowering,first petal drop,plot
Endalen,CASTET,Cassiope,tetragona,Flowering,First flower open,plot
Endalen,DRYOCT,Dryas,octopetala,End of Flowering,last petal drop,plot
Endalen,DRYOCT,Dryas,octopetala,Flowering,First flower bud visible,plot
Endalen,DRYOCT,Dryas,octopetala,Flowering,First flower open,plot
Endalen,DRYOCT,Dryas,octopetala,Leaf Senescence,first color change,plot
Endalen,DRYOCT,Dryas,octopetala,Seed Dispersal,seed twist ,plot
Endalen,PERVIV,Persicaria,vivipara,Flowering,First flower open,plot
Endalen,SALPOL,Salix,polaris,Flowering,First flower bud visible,plot
Endalen,SALPOL,Salix,polaris,Leaf Senescence,first color change,plot
Endalen,SALPOL,Salix,polaris,Seed Dispersal,first seed dispersal,plot
Endalen,SAXOPP,Saxifraga,oppositifolia,End of Flowering,first petal drop,plot
Endalen,SAXOPP,Saxifraga,oppositifolia,Flowering,First flower open,plot
Endalen,SAXOPP,Saxifraga,oppositifolia,Seed Dispersal,first seed dispersal,plot
Faroe Islands,SILACA,Silene,acaulis,End of Flowering,last petal drop,plot
Faroe Islands,SILACA,Silene,acaulis,Flowering,First flower open,plot
Finse,BECGLA,Beckwithia,glacialis,Flowering,First flower open,plot
Finse,RANACR,Ranunculus,acris,End of Flowering,last petal drop,plot
Finse,RANACR,Ranunculus,acris,Flowering,First flower open,plot
Finse,SCOAUT,Scorzoneroides,autumnalis,End of Flowering,last petal drop,plot
Finse,SCOAUT,Scorzoneroides,autumnalis,Flowering,First flower open,plot
Finse,SILACA,Silene,acaulis,End of Flowering,last petal drop,plot
Finse,SILACA,Silene,acaulis,Flowering,First flower open,plot
Gavia Pass,CARBELALP,Cardamine,bellidifolia,Flowering,unopened buds visible,individual
Gavia Pass,CARBELALP,Cardamine,bellidifolia,Fruiting,expanding fruits,individual
Gavia Pass,CARBELALP,Cardamine,bellidifolia,Seed Dispersal,seed dispersal,individual
Gavia Pass,LEUALP,Leucanthemopsis,alpina,Flowering,anthesis,individual
Gavia Pass,LEUALP,Leucanthemopsis,alpina,Fruiting,expanding fruits,individual
Gavia Pass,LEUALP,Leucanthemopsis,alpina,Seed Dispersal,seed dispersal,individual
Gavia Pass,VERALP,Veronica,alpina,Flowering,unopened buds visible,individual
Gavia Pass,VERALP,Veronica,alpina,Fruiting,expanding fruits,individual
Gavia Pass,VERALP,Veronica,alpina,Seed Dispersal,seed dispersal,individual
Healy,BETNAN,Betula,nana,Green up,bud burst,plot
Healy,BETNAN,Betula,nana,Leaf Senescence,at least one leaf with no green (turning red or yellow),plot
Healy,CARXXX,Carex,spp.,Green up,bud burst,plot
Healy,CARXXX,Carex,spp.,Leaf Senescence,at least one leaf with no green (turning red or yellow),plot
Healy,ERIVAG,Eriophorum,vaginatum,Leaf Senescence,at least one leaf with no green (turning red or yellow),plot
Healy,RUBCHA,Rubus,chamaemorus,Green up,bud burst,plot
Healy,RUBCHA,Rubus,chamaemorus,Leaf Senescence,at least one leaf with no green (turning red or yellow),plot
Healy,VACULI,Vaccinium,uliginosum,Green up,bud burst,plot
Healy,VACULI,Vaccinium,uliginosum,Leaf Senescence,at least one leaf with no green (turning red or yellow),plot
Imnavait,BETNAN,Betula,nana,Green up,full leaf expansion,individual
Imnavait,BETNAN,Betula,nana,Leaf Senescence,one leaf wholly colored,individual
Imnavait,CARBIG,Carex,bigelowii,Green up,first leaf bud,individual
Imnavait,CARBIG,Carex,bigelowii,Leaf Senescence,first leaf color change,individual
Imnavait,CASTET,Cassiope,tetragona,Green up,first leaf bud,individual
Imnavait,CASTET,Cassiope,tetragona,Leaf Senescence,first leaf color change,individual
Imnavait,ERIVAG,Eriophorum,vaginatum,Green up,first leaf bud,individual
Imnavait,ERIVAG,Eriophorum,vaginatum,Leaf Senescence,first leaf color change,individual
Imnavait,LEDPAL,Ledum,palustre,Green up,full leaf expansion,individual
Imnavait,LEDPAL,Ledum,palustre,Leaf Senescence,first leaf color change,individual
Imnavait,SALPUL,Salix,pulchra,Green up,first leaf bud,individual
Imnavait,SALPUL,Salix,pulchra,Leaf Senescence,first leaf color change,individual
Imnavait,VACVIT,Vaccinium,vitis-idaea,Green up,full leaf expansion,individual
Imnavait,VACVIT,Vaccinium,vitis-idaea,Leaf Senescence,first leaf color change,individual
Jakobshorn,ANTALP,Antennaria,alpina,End of Flowering,first senesced flower,plot
Jakobshorn,ANTALP,Antennaria,alpina,Flowering,first open flower,plot
Jakobshorn,ARNMON,Arnica,montana,Flowering,first open flower,plot
Jakobshorn,CAMROT,Campanula,rotundifolia,Flowering,first open flower,plot
Jakobshorn,CAMROT,Campanula,rotundifolia,Leaf Senescence,first colored leaf,plot
Jakobshorn,CARCUR,Carex,curvula,End of Flowering,first senesced flower,plot
Jakobshorn,CARCUR,Carex,curvula,Flowering,first open flower,plot
Jakobshorn,DESFLE,Deschampsia,flexuosa,End of Flowering,first senesced flower,plot
Jakobshorn,DESFLE,Deschampsia,flexuosa,Flowering,first open flower,plot
Jakobshorn,EMPNIG,Empetrum,nigrum,End of Flowering,first senesced flower,plot
Jakobshorn,EMPNIG,Empetrum,nigrum,Flowering,first open flower,plot
Jakobshorn,EUPMIN,Euphrasia,minima,Flowering,first open flower,plot
Jakobshorn,GENACA,Gentiana,acaulis,Flowering,first open flower,plot
Jakobshorn,HELVER,Helictotrichon,versicolor,End of Flowering,first senesced flower,plot
Jakobshorn,HELVER,Helictotrichon,versicolor,Flowering,first open flower,plot
Jakobshorn,HIEBUP,Hieracium,bupleuroides,Flowering,first open flower,plot
Jakobshorn,HOMALP,Homogyne,alpina,End of Flowering,first senesced flower,plot
Jakobshorn,HOMALP,Homogyne,alpina,Flowering,first open flower,plot
Jakobshorn,JACINC,Jacobaea,incana,End of Flowering,first senesced flower,plot
Jakobshorn,JACINC,Jacobaea,incana,Flowering,first open flower,plot
Jakobshorn,LEUALP,Leucanthemopsis,alpina,Flowering,first open flower,plot
Jakobshorn,LOIPRO,Loiseleuria,procumbens,End of Flowering,first senesced flower,plot
Jakobshorn,LOIPRO,Loiseleuria,procumbens,Flowering,first open flower,plot
Jakobshorn,LUZALP,Luzula,alpinopilosa,End of Flowering,first senesced flower,plot
Jakobshorn,LUZALP,Luzula,alpinopilosa,Flowering,first open flower,plot
Jakobshorn,LUZLUT,Luzula,lutea,Flowering,first open flower,plot
Jakobshorn,NARSTR,Nardus,stricta,End of Flowering,first senesced flower,plot
Jakobshorn,NARSTR,Nardus,stricta,Flowering,first open flower,plot
Jakobshorn,PHYHEM,Phyteuma, hemisphaericum,Flowering,first open flower,plot
Jakobshorn,RANVIL,Ranunculus,villarsii,Flowering,first open flower,plot
Jakobshorn,SCOHEL,Scorzoneroides,helvetica,End of Flowering,first senesced flower,plot
Jakobshorn,SCOHEL,Scorzoneroides,helvetica,Flowering,first open flower,plot
Jakobshorn,VACMYR,Vaccinium,myrtillus,End of Flowering,first senesced flower,plot
Jakobshorn,VACMYR,Vaccinium,myrtillus,Flowering,first open flower,plot
Jakobshorn,VACMYR,Vaccinium,myrtillus,Green up,first green leaf visible,plot
Jakobshorn,VACMYR,Vaccinium,myrtillus,Leaf Senescence,first colored leaf,plot
Jakobshorn,VACULI,Vaccinium,uliginosum,End of Flowering,first senesced flower,plot
Jakobshorn,VACULI,Vaccinium,uliginosum,Flowering,first open flower,plot
Jakobshorn,VACULI,Vaccinium,uliginosum,Green up,first green leaf visible,plot
Jakobshorn,VACULI,Vaccinium,uliginosum,Leaf Senescence,first colored leaf,plot
Kangerlussuaq,BETNAN,Betula,nana,Flowering,bloom,plot
Kangerlussuaq,BETNAN,Betula,nana,Flowering,Flower set,plot
Kangerlussuaq,BETNAN,Betula,nana,Fruiting,Fruit set,plot
Kangerlussuaq,CARSUP,Carex,supina,Flowering,bloom,plot
Kangerlussuaq,CARSUP,Carex,supina,Fruiting,Fruit set,plot
Kangerlussuaq,CERALP,Cerastium,alpinum,Flowering,bloom,plot
Kangerlussuaq,CERALP,Cerastium,alpinum,Green up,New green leaf tissue ,plot
Kangerlussuaq,DRAXXX,Draba,spp.,Flowering,bloom,plot
Kangerlussuaq,DRAXXX,Draba,spp.,Fruiting,Fruit set,plot
Kangerlussuaq,POTPAL,Comarum,palustre,Flowering,bloom,plot
Kangerlussuaq,SALGLA,Salix,glauca,Flowering,bloom,plot
Kangerlussuaq,SALGLA,Salix,glauca,Fruiting,Fruit set,plot
Kangerlussuaq,SALGLA,Salix,glauca,Green up,leaf opening,plot
Kangerlussuaq,STELON,Stellaria,longipes,Flowering,Flower set,plot
Kangerlussuaq,STELON,Stellaria,longipes,Green up,New green leaf tissue ,plot
Latnjajaure,CASTET,Cassiope,tetragona,End of Flowering,first petal drop,plot
Latnjajaure,CASTET,Cassiope,tetragona,Flowering,First flower open,plot
Latnjajaure,DRYOCT,Dryas,octopetala,End of Flowering,first petal drop,plot
Latnjajaure,DRYOCT,Dryas,octopetala,Flowering,First flower open,plot
Latnjajaure,DRYOCT,Dryas,octopetala,Green up,first leaf expanded,plot
Latnjajaure,DRYOCT,Dryas,octopetala,Leaf Senescence,first color change,plot
Latnjajaure,DRYOCT,Dryas,octopetala,Seed Dispersal,first seed dispersal,plot
Latnjajaure,ERIVAG,Eriophorum,vaginatum,Flowering,first anther ,plot
Latnjajaure,ERIVAG,Eriophorum,vaginatum,Seed Dispersal,first seed dispersal,plot
Latnjajaure,PERVIV,Persicaria,vivipara,Flowering,First flower open,plot
Latnjajaure,RANNIV,Ranunculus,nivalis,End of Flowering,first petal drop,plot
Latnjajaure,RANNIV,Ranunculus,nivalis,Flowering,First flower open,plot
Latnjajaure,RANNIV,Ranunculus,nivalis,Leaf Senescence,first color change,plot
Latnjajaure,RANNIV,Ranunculus,nivalis,Seed Dispersal,first seed dispersal,plot
Niwot Ridge,ARTSCO,Artemisia,scopulorum,End of Flowering,Flower senescent ,individual
Niwot Ridge,ARTSCO,Artemisia,scopulorum,End of Flowering,last visible flower in plot,plot
Niwot Ridge,ARTSCO,Artemisia,scopulorum,Flowering,Flower open,individual
Niwot Ridge,ARTSCO,Artemisia,scopulorum,Flowering,first visible flower in plot,plot
Niwot Ridge,ARTSCO,Artemisia,scopulorum,Green up,Start of vegetative growth (start of shoot elongation),individual
Niwot Ridge,ARTSCO,Artemisia,scopulorum,Leaf Senescence,50% senescence,individual
Niwot Ridge,BISBIS,Bistorta,bistortoides,End of Flowering,last visible flower in plot,plot
Niwot Ridge,BISBIS,Bistorta,bistortoides,Flowering,first visible flower in plot,plot
Niwot Ridge,CALLEP,Caltha,leptosepala,End of Flowering,last visible flower in plot,plot
Niwot Ridge,CALLEP,Caltha,leptosepala,Flowering,first visible flower in plot,plot
Niwot Ridge,CARSCO,Carex,scopulorum,Flowering,first visible flower in plot,plot
Niwot Ridge,CARXXX,Carex,spp.,End of Flowering,Flower senescent ,individual
Niwot Ridge,CARXXX,Carex,spp.,Flowering,Flower open,individual
Niwot Ridge,CARXXX,Carex,spp.,Green up,Start of vegetative growth (start of shoot elongation),individual
Niwot Ridge,CARXXX,Carex,spp.,Leaf Senescence,50% senescence,individual
Niwot Ridge,CASOCC,Castilleja,occidentalis,End of Flowering,last visible flower in plot,plot
Niwot Ridge,CASOCC,Castilleja,occidentalis,Flowering,first visible flower in plot,plot
Niwot Ridge,CHIJAM,Chionophila,jamesii,End of Flowering,last visible flower in plot,plot
Niwot Ridge,CHIJAM,Chionophila,jamesii,Flowering,first visible flower in plot,plot
Niwot Ridge,DESCES,Deschampsia,cespitosa,End of Flowering,Flower senescent ,individual
Niwot Ridge,DESCES,Deschampsia,cespitosa,End of Flowering,last visible flower in plot,plot
Niwot Ridge,DESCES,Deschampsia,cespitosa,Flowering,Flower open,individual
Niwot Ridge,DESCES,Deschampsia,cespitosa,Flowering,first visible flower in plot,plot
Niwot Ridge,FESBRA,Festuca,brachyphylla,End of Flowering,last visible flower in plot,plot
Niwot Ridge,FESBRA,Festuca,brachyphylla,Flowering,first visible flower in plot,plot
Niwot Ridge,GENALG,Gentiana,algida,End of Flowering,last visible flower in plot,plot
Niwot Ridge,GENALG,Gentiana,algida,Flowering,first visible flower in plot,plot
Niwot Ridge,GENAMA,Gentianella,amarella,End of Flowering,last visible flower in plot,plot
Niwot Ridge,GENAMA,Gentianella,amarella,Flowering,first visible flower in plot,plot
Niwot Ridge,GEUROS,Geum,rosii,End of Flowering,Flower senescent ,individual
Niwot Ridge,GEUROS,Geum,rossii,End of Flowering,Flower senescent ,individual
Niwot Ridge,GEUROS,Geum,rosii,End of Flowering,last petal shed,individual
Niwot Ridge,GEUROS,Geum,rossii,End of Flowering,last petal shed,individual
Niwot Ridge,GEUROS,Geum,rosii,End of Flowering,last visible flower in plot,plot
Niwot Ridge,GEUROS,Geum,rossii,End of Flowering,last visible flower in plot,plot
Niwot Ridge,GEUROS,Geum,rosii,Flowering,first flower or inflorescence open,individual
Niwot Ridge,GEUROS,Geum,rossii,Flowering,first flower or inflorescence open,individual
Niwot Ridge,GEUROS,Geum,rosii,Flowering,Flower open,individual
Niwot Ridge,GEUROS,Geum,rossii,Flowering,Flower open,individual
Niwot Ridge,GEUROS,Geum,rosii,Flowering,first visible flower in plot,plot
Niwot Ridge,GEUROS,Geum,rossii,Flowering,first visible flower in plot,plot
Niwot Ridge,GEUROS,Geum,rosii,Green up,Start of vegetative growth (start of shoot elongation),individual
Niwot Ridge,GEUROS,Geum,rossii,Green up,Start of vegetative growth (start of shoot elongation),individual
Niwot Ridge,GEUROS,Geum,rosii,Leaf Senescence,leaves turning red,individual
Niwot Ridge,GEUROS,Geum,rossii,Leaf Senescence,leaves turning red,individual
Niwot Ridge,LEWPYG,Lewisia,pygmaea,End of Flowering,last visible flower in plot,plot
Niwot Ridge,LEWPYG,Lewisia,pygmaea,Flowering,first visible flower in plot,plot
Niwot Ridge,LUZSPI,Luzula,spicata,Flowering,first visible flower in plot,plot
Niwot Ridge,MERLAN,Mertensia,lanceolata,End of Flowering,last visible flower in plot,plot
Niwot Ridge,MERLAN,Mertensia,lanceolata,Flowering,first visible flower in plot,plot
Niwot Ridge,PERBIS,Persicaria,bistorta,End of Flowering,first petal shed,individual
Niwot Ridge,PERBIS,Persicaria,bistorta,Flowering,first flower or inflorescence open,individual
Niwot Ridge,PERBIS,Persicaria,bistorta,Flowering,Flower buds swelling/bud burst,individual
Niwot Ridge,PERVIV,Persicaria,vivipara,End of Flowering,last visible flower in plot,plot
Niwot Ridge,PERVIV,Persicaria,vivipara,Flowering,first visible flower in plot,plot
Niwot Ridge,POTDIV,Potentilla,diversifolia,End of Flowering,last visible flower in plot,plot
Niwot Ridge,POTDIV,Potentilla,diversifolia,Flowering,first visible flower in plot,plot
Niwot Ridge,STELON,Stellaria,longipes,End of Flowering,last visible flower in plot,plot
Niwot Ridge,STELON,Stellaria,longipes,Flowering,first visible flower in plot,plot
Toolik Lake,ANDPOL,Andromeda,polifolia,End of Flowering,last petal drop,individual
Toolik Lake,ANDPOL,Andromeda,polifolia,Flowering,First flower bud visible,individual
Toolik Lake,ANDPOL,Andromeda,polifolia,Flowering,First flower open,individual
Toolik Lake,ANDPOL,Andromeda,polifolia,Green up,first leaf visible,individual
Toolik Lake,ANDPOL,Andromeda,polifolia,Leaf Senescence,first color change,individual
Toolik Lake,ANDPOL,Andromeda,polifolia,Seed Dispersal,first seed dispersal,individual
Toolik Lake,ARCALP,Arctous,alpina,End of Flowering,first petal drop,individual
Toolik Lake,ARCALP,Arctous,alpina,Flowering,First flower bud visible,individual
Toolik Lake,ARCALP,Arctous,alpina,Green up,first leaf visible,individual
Toolik Lake,ARCALP,Arctous,alpina,Leaf Senescence,first color change,individual
Toolik Lake,BETNAN,Betula,nana,End of Flowering,first petal drop,individual
Toolik Lake,BETNAN,Betula,nana,Flowering,First flower open,individual
Toolik Lake,BETNAN,Betula,nana,Green up,first leaf visible,individual
Toolik Lake,BETNAN,Betula,nana,Leaf Senescence,first color change,individual
Toolik Lake,BETNAN,Betula,nana,Seed Dispersal,first seed dispersal,individual
Toolik Lake,CARBIG,Carex,bigelowii,Flowering,First flower open,individual
Toolik Lake,CARBIG,Carex,bigelowii,Green up,first leaf visible,individual
Toolik Lake,CARBIG,Carex,bigelowii,Leaf Senescence,first color change,individual
Toolik Lake,CARBIG,Carex,bigelowii,Seed Dispersal,first seed dispersal,individual
Toolik Lake,CASTET,Cassiope,tetragona,End of Flowering,first petal drop,individual
Toolik Lake,CASTET,Cassiope,tetragona,Flowering,First flower open,individual
Toolik Lake,CASTET,Cassiope,tetragona,Green up,first leaf visible,individual
Toolik Lake,CASTET,Cassiope,tetragona,Leaf Senescence,first color change,individual
Toolik Lake,CASTET,Cassiope,tetragona,Seed Dispersal,first seed dispersal,individual
Toolik Lake,DRYOCT,Dryas,octopetala,End of Flowering,first petal drop,individual
Toolik Lake,DRYOCT,Dryas,octopetala,Flowering,First flower open,individual
Toolik Lake,DRYOCT,Dryas,octopetala,Green up,first leaf visible,individual
Toolik Lake,DRYOCT,Dryas,octopetala,Leaf Senescence,first color change,individual
Toolik Lake,DRYOCT,Dryas,octopetala,Seed Dispersal,first seed dispersal,individual
Toolik Lake,EMPNIG,Empetrum,nigrum,End of Flowering,first petal drop,individual
Toolik Lake,EMPNIG,Empetrum,nigrum,Flowering,First flower bud visible,individual
Toolik Lake,EMPNIG,Empetrum,nigrum,Green up,first leaf visible,individual
Toolik Lake,EMPNIG,Empetrum,nigrum,Leaf Senescence,first color change,individual
Toolik Lake,EMPNIG,Empetrum,nigrum,Seed Dispersal,first seed dispersal,individual
Toolik Lake,ERIVAG,Eriophorum,vaginatum,End of Flowering,first petal drop,individual
Toolik Lake,ERIVAG,Eriophorum,vaginatum,Flowering,First flower open,individual
Toolik Lake,ERIVAG,Eriophorum,vaginatum,Green up,first leaf visible,individual
Toolik Lake,ERIVAG,Eriophorum,vaginatum,Leaf Senescence,first color change,individual
Toolik Lake,ERIVAG,Eriophorum,vaginatum,Seed Dispersal,first seed dispersal,individual
Toolik Lake,LEDDEC,Ledum,decumbens,End of Flowering,first petal drop,individual
Toolik Lake,LEDDEC,Ledum,decumbens,End of Flowering,last petal drop,individual
Toolik Lake,LEDDEC,Ledum,decumbens,Flowering,First flower bud visible,individual
Toolik Lake,LEDDEC,Ledum,decumbens,Green up,first leaf visible,individual
Toolik Lake,LEDDEC,Ledum,decumbens,Leaf Senescence,first color change,individual
Toolik Lake,LEDDEC,Ledum,decumbens,Seed Dispersal,first seed dispersal,individual
Toolik Lake,LOIPRO,Loiseleuria,procumbens,End of Flowering,first petal drop,individual
Toolik Lake,LOIPRO,Loiseleuria,procumbens,Flowering,First flower open,individual
Toolik Lake,LOIPRO,Loiseleuria,procumbens,Green up,first leaf visible,individual
Toolik Lake,LOIPRO,Loiseleuria,procumbens,Leaf Senescence,first color change,individual
Toolik Lake,LOIPRO,Loiseleuria,procumbens,Seed Dispersal,first seed dispersal,individual
Toolik Lake,PERBIS,Persicaria,bistorta,End of Flowering,first petal drop,individual
Toolik Lake,PERBIS,Persicaria,bistorta,Flowering,First flower open,individual
Toolik Lake,PERBIS,Persicaria,bistorta,Seed Dispersal,first seed dispersal,individual
Toolik Lake,PERVIV,Persicaria,vivipara,Flowering,First flower bud visible,individual
Toolik Lake,PYRGRA,Pyrola,grandiflora,Flowering,First flower bud visible,individual
Toolik Lake,PYRGRA,Pyrola,grandiflora,Green up,first leaf visible,individual
Toolik Lake,PYRGRA,Pyrola,grandiflora,Leaf Senescence,first color change,individual
Toolik Lake,RUBCHA,Rubus,chamaemorus,End of Flowering,first petal drop,individual
Toolik Lake,RUBCHA,Rubus,chamaemorus,End of Flowering,last petal drop,individual
Toolik Lake,RUBCHA,Rubus,chamaemorus,Flowering,First flower bud visible,individual
Toolik Lake,RUBCHA,Rubus,chamaemorus,Flowering,First flower open,individual
Toolik Lake,RUBCHA,Rubus,chamaemorus,Green up,first leaf visible,individual
Toolik Lake,RUBCHA,Rubus,chamaemorus,Leaf Senescence,first color change,individual
Toolik Lake,SALPHL,Salix,phlebophylla,Flowering,First flower open,individual
Toolik Lake,SALPHL,Salix,phlebophylla,Green up,first leaf visible,individual
Toolik Lake,SALPHL,Salix,phlebophylla,Leaf Senescence,first color change,individual
Toolik Lake,SALPHL,Salix,phlebophylla,Seed Dispersal,first seed dispersal,individual
Toolik Lake,SALPUL,Salix,pulchra,Flowering,First flower bud visible,individual
Toolik Lake,SALPUL,Salix,pulchra,Green up,first leaf visible,individual
Toolik Lake,SALPUL,Salix,pulchra,Leaf Senescence,first color change,individual
Toolik Lake,SALPUL,Salix,pulchra,Seed Dispersal,first seed dispersal,individual
Toolik Lake,SALRET,Salix,retusa,End of Flowering,first petal drop,individual
Toolik Lake,SALRET,Salix,retusa,Flowering,First flower open,individual
Toolik Lake,SALRET,Salix,retusa,Green up,first leaf visible,individual
Toolik Lake,SALRET,Salix,retusa,Leaf Senescence,first color change,individual
Toolik Lake,SALRET,Salix,retusa,Seed Dispersal,first seed dispersal,individual
Toolik Lake,VACULI,Vaccinium,uliginosum,End of Flowering,last petal drop,individual
Toolik Lake,VACULI,Vaccinium,uliginosum,Flowering,First flower bud visible,individual
Toolik Lake,VACULI,Vaccinium,uliginosum,Green up,first leaf visible,individual
Toolik Lake,VACULI,Vaccinium,uliginosum,Leaf Senescence,first color change,individual
Toolik Lake,VACVIT,Vaccinium,vitis-idaea,End of Flowering,first petal drop,individual
Toolik Lake,VACVIT,Vaccinium,vitis-idaea,End of Flowering,last petal drop,individual
Toolik Lake,VACVIT,Vaccinium,vitis-idaea,Flowering,First flower bud visible,individual
Toolik Lake,VACVIT,Vaccinium,vitis-idaea,Flowering,First flower open,individual
Toolik Lake,VACVIT,Vaccinium,vitis-idaea,Green up,first leaf visible,individual
Toolik Lake,VACVIT,Vaccinium,vitis-idaea,Leaf Senescence,first color change,individual
Toolik Lake,VACVIT,Vaccinium,vitis-idaea,Seed Dispersal,first seed dispersal,individual
Utqiagvik,ALOALP,Alopecurus,alpinus,End of Flowering,first flower withering (total plot),plot
Utqiagvik,ALOALP,Alopecurus,alpinus,Flowering,Inflorescence emergence (total plot first),plot
Utqiagvik,ALOALP,Alopecurus,alpinus,Fruiting,first seed development (total plot),plot
Utqiagvik,ALOALP,Alopecurus,alpinus,Green up,Leaf bud burst (total plot first),plot
Utqiagvik,ALOALP,Alopecurus,alpinus,Leaf Senescence,first visible Leaf Senescence (plot),plot
Utqiagvik,ALOALP,Alopecurus,alpinus,Seed Dispersal,first seed dispersal (total plot),plot
Utqiagvik,ARCLAT,Arctagrostis,latifolia,End of Flowering,first flower withering (total plot),plot
Utqiagvik,ARCLAT,Arctagrostis,latifolia,Flowering,Inflorescence emergence (total plot first),plot
Utqiagvik,ARCLAT,Arctagrostis,latifolia,Fruiting,first seed development (total plot),plot
Utqiagvik,ARCLAT,Arctagrostis,latifolia,Green up,Leaf bud burst (total plot first),plot
Utqiagvik,ARCLAT,Arctagrostis,latifolia,Leaf Senescence,first visible Leaf Senescence (plot),plot
Utqiagvik,CALHOL,Calamagrostis,holmii,Flowering,Inflorescence emergence (total plot first),plot
Utqiagvik,CALHOL,Calamagrostis,holmii,Green up,Leaf bud burst (individual plant),individual
Utqiagvik,CALHOL,Calamagrostis,holmii,Leaf Senescence,first visible Leaf Senescence (plot),plot
Utqiagvik,CARMIC,Carex,microcarpa,End of Flowering,first flower withering (total plot),plot
Utqiagvik,CARMIC,Carex,microcarpa,Flowering,Inflorescence emergence (total plot first),plot
Utqiagvik,CARMIC,Carex,microcarpa,Fruiting,first seed development (total plot),plot
Utqiagvik,CARPRA,Cardamine,pratensis,End of Flowering,first flower withering (total plot),plot
Utqiagvik,CARPRA,Cardamine,pratensis,Flowering,flower bud visible (total plot),plot
Utqiagvik,CARPRA,Cardamine,pratensis,Fruiting,first seed development (total plot),plot
Utqiagvik,CARPRA,Cardamine,pratensis,Green up,Leaf bud burst (individual plant),individual
Utqiagvik,CARPRA,Cardamine,pratensis,Leaf Senescence,first visible Leaf Senescence (plot),plot
Utqiagvik,CARSUB,Carex,subspathacea,End of Flowering,first flower withering (total plot),plot
Utqiagvik,CARSUB,Carex,subspathacea,Flowering,flower open (plot); anthers visible if graminoid,plot
Utqiagvik,CARSUB,Carex,subspathacea,Fruiting,first seed development (total plot),plot
Utqiagvik,CARSUB,Carex,subspathacea,Green up,Leaf bud burst (total plot first),plot
Utqiagvik,CARSUB,Carex,subspathacea,Leaf Senescence,first visible Leaf Senescence (plot),plot
Utqiagvik,CASTET,Cassiope,tetragona,End of Flowering,first flower withering (total plot),plot
Utqiagvik,CASTET,Cassiope,tetragona,Flowering,flower open (plot); anthers visible if graminoid,plot
Utqiagvik,CASTET,Cassiope,tetragona,Fruiting,first seed development (total plot),plot
Utqiagvik,CASTET,Cassiope,tetragona,Green up,Leaf bud burst (total plot first),plot
Utqiagvik,CASTET,Cassiope,tetragona,Leaf Senescence,first visible Leaf Senescence (plot),plot
Utqiagvik,CASTET,Cassiope,tetragona,Seed Dispersal,first seed dispersal (total plot),plot
Utqiagvik,CERBEE,Cerastium,beeringianum,End of Flowering,first flower withering (total plot),plot
Utqiagvik,CERBEE,Cerastium,beeringianum,Flowering,flower open (plot); anthers visible if graminoid,plot
Utqiagvik,CERBEE,Cerastium,beeringianum,Fruiting,first seed development (total plot),plot
Utqiagvik,CERBEE,Cerastium,beeringianum,Green up,Leaf bud burst (individual plant),individual
Utqiagvik,CERBEE,Cerastium,beeringianum,Leaf Senescence,first visible Leaf Senescence (plot),plot
Utqiagvik,CHRTET,Chrysosplenium,tetrandrum,End of Flowering,first flower withering (total plot),plot
Utqiagvik,CHRTET,Chrysosplenium,tetrandrum,Flowering,Inflorescence emergence (total plot first),plot
Utqiagvik,CHRTET,Chrysosplenium,tetrandrum,Fruiting,first seed development (total plot),plot
Utqiagvik,CHRTET,Chrysosplenium,tetrandrum,Green up,Leaf bud burst (total plot first),plot
Utqiagvik,CHRTET,Chrysosplenium,tetrandrum,Leaf Senescence,first visible Leaf Senescence (plot),plot
Utqiagvik,CHRTET,Chrysosplenium,tetrandrum,Seed Dispersal,first seed dispersal (total plot),plot
Utqiagvik,COCOFF,Cochlearia,officinalis,End of Flowering,first flower withering (total plot),plot
Utqiagvik,COCOFF,Cochlearia,officinalis,Flowering,flower open (plot); anthers visible if graminoid,plot
Utqiagvik,COCOFF,Cochlearia,officinalis,Fruiting,first seed development (total plot),plot
Utqiagvik,COCOFF,Cochlearia,officinalis,Green up,Leaf bud burst (total plot first),plot
Utqiagvik,COCOFF,Cochlearia,officinalis,Leaf Senescence,first visible Leaf Senescence (plot),plot
Utqiagvik,COCOFF,Cochlearia,officinalis,Seed Dispersal,first seed dispersal (total plot),plot
Utqiagvik,DRALAC,Draba,lactea,End of Flowering,first flower withering (total plot),plot
Utqiagvik,DRALAC,Draba,lactea,Flowering,flower open (plot); anthers visible if graminoid,plot
Utqiagvik,DRALAC,Draba,lactea,Fruiting,first seed development (total plot),plot
Utqiagvik,DRALAC,Draba,lactea,Green up,Leaf bud burst (individual plant),individual
Utqiagvik,DRALAC,Draba,lactea,Green up,Leaf bud burst (total plot first),plot
Utqiagvik,DRALAC,Draba,lactea,Leaf Senescence,first visible Leaf Senescence (plot),plot
Utqiagvik,DRALAC,Draba,lactea,Seed Dispersal,first seed dispersal (individual),individual
Utqiagvik,DRALAC,Draba,lactea,Seed Dispersal,first seed dispersal (total plot),plot
Utqiagvik,DRAMIC,Draba,micropetala,End of Flowering,first flower withering (total plot),plot
Utqiagvik,DRAMIC,Draba,micropetala,Flowering,flower open (individual); anthers visible if graminoid,individual
Utqiagvik,DRAMIC,Draba,micropetala,Fruiting,first seed development (total plot),plot
Utqiagvik,DRAMIC,Draba,micropetala,Green up,Leaf bud burst (individual plant),individual
Utqiagvik,DRAMIC,Draba,micropetala,Green up,Leaf bud burst (total plot first),plot
Utqiagvik,DRAMIC,Draba,micropetala,Leaf Senescence,first visible Leaf Senescence (plot),plot
Utqiagvik,DRAMIC,Draba,micropetala,Seed Dispersal,first seed dispersal (individual),individual
Utqiagvik,DUPFIS,Dupontia,fisheri,End of Flowering,first flower withering (total plot),plot
Utqiagvik,DUPFIS,Dupontia,fisheri,Flowering,Inflorescence emergence (total plot first),plot
Utqiagvik,DUPFIS,Dupontia,fisheri,Fruiting,first seed development (total plot),plot
Utqiagvik,DUPFIS,Dupontia,fisheri,Green up,Leaf bud burst (individual plant),individual
Utqiagvik,DUPFIS,Dupontia,fisheri,Green up,Leaf bud burst (total plot first),plot
Utqiagvik,DUPFIS,Dupontia,fisheri,Leaf Senescence,first visible Leaf Senescence (plot),plot
Utqiagvik,DUPFIS,Dupontia,fisheri,Seed Dispersal,first seed dispersal (total plot),plot
Utqiagvik,ERIANG,Eriophorum,angustifolium,End of Flowering,first flower withering (total plot),plot
Utqiagvik,ERIANG,Eriophorum,angustifolium,Flowering,Inflorescence emergence (total plot first),plot
Utqiagvik,ERIANG,Eriophorum,angustifolium,Fruiting,first seed development (total plot),plot
Utqiagvik,ERIANG,Eriophorum,angustifolium,Seed Dispersal,first seed dispersal (total plot),plot
Utqiagvik,ERICHA,Eriophorum,chamissonis,End of Flowering,first flower withering (total plot),plot
Utqiagvik,ERICHA,Eriophorum,chamissonis,Flowering,flower open (plot); anthers visible if graminoid,plot
Utqiagvik,ERICHA,Eriophorum,chamissonis,Fruiting,first seed development (total plot),plot
Utqiagvik,ERICHA,Eriophorum,chamissonis,Seed Dispersal,first seed dispersal (total plot),plot
Utqiagvik,ERISCH,Eriophorum,scheuchzeri,Flowering,flower open (individual); anthers visible if graminoid,individual
Utqiagvik,ERISCH,Eriophorum,scheuchzeri,Green up,Leaf bud burst (individual plant),individual
Utqiagvik,ERISCH,Eriophorum,scheuchzeri,Leaf Senescence,first visible Leaf Senescence (individual),individual
Utqiagvik,FESBRA,Festuca,brachyphylla,Green up,Leaf bud burst (total plot first),plot
Utqiagvik,FESBRA,Festuca,brachyphylla,Leaf Senescence,first visible Leaf Senescence (individual),individual
Utqiagvik,HIEPAU,Hierochloe,pauciflora,End of Flowering,first flower withering (total plot),plot
Utqiagvik,HIEPAU,Hierochloe,pauciflora,Flowering,flower open (plot); anthers visible if graminoid,plot
Utqiagvik,HIEPAU,Hierochloe,pauciflora,Fruiting,first seed development (total plot),plot
Utqiagvik,HIEPAU,Hierochloe,pauciflora,Green up,Leaf bud burst (total plot first),plot
Utqiagvik,HIEPAU,Hierochloe,pauciflora,Leaf Senescence,first visible Leaf Senescence (plot),plot
Utqiagvik,HIEPAU,Hierochloe,pauciflora,Seed Dispersal,first seed dispersal (total plot),plot
Utqiagvik,JUNBIG,Juncus,biglumis,End of Flowering,first flower withering (individual),individual
Utqiagvik,JUNBIG,Juncus,biglumis,Flowering,flower open (individual); anthers visible if graminoid,individual
Utqiagvik,JUNBIG,Juncus,biglumis,Flowering,Inflorescence emergence (total plot first),plot
Utqiagvik,JUNBIG,Juncus,biglumis,Fruiting,first seed development (individual),individual
Utqiagvik,JUNBIG,Juncus,biglumis,Fruiting,first seed development (total plot),plot
Utqiagvik,JUNBIG,Juncus,biglumis,Green up,Leaf bud burst (individual plant),individual
Utqiagvik,JUNBIG,Juncus,biglumis,Green up,Leaf bud burst (total plot first),plot
Utqiagvik,JUNBIG,Juncus,biglumis,Leaf Senescence,first visible Leaf Senescence (individual),individual
Utqiagvik,JUNBIG,Juncus,biglumis,Leaf Senescence,first visible Leaf Senescence (plot),plot
Utqiagvik,JUNBIG,Juncus,biglumis,Seed Dispersal,first seed dispersal (individual),individual
Utqiagvik,JUNBIG,Juncus,biglumis,Seed Dispersal,first seed dispersal (total plot),plot
Utqiagvik,LUZCON,Luzula,confusa,End of Flowering,first flower withering (total plot),plot
Utqiagvik,LUZCON,Luzula,confusa,Flowering,flower open (plot); anthers visible if graminoid,plot
Utqiagvik,LUZCON,Luzula,confusa,Fruiting,first seed development (total plot),plot
Utqiagvik,LUZCON,Luzula,confusa,Green up,Leaf bud burst (total plot first),plot
Utqiagvik,LUZCON,Luzula,confusa,Leaf Senescence,first visible Leaf Senescence (plot),plot
Utqiagvik,LUZCON,Luzula,confusa,Seed Dispersal,first seed dispersal (total plot),plot
Utqiagvik,LUZNIV,Luzula,nivalis,End of Flowering,first flower withering (total plot),plot
Utqiagvik,LUZNIV,Luzula,nivalis,Flowering,flower open (plot); anthers visible if graminoid,plot
Utqiagvik,LUZNIV,Luzula,nivalis,Flowering,Inflorescence emergence (total plot first),plot
Utqiagvik,LUZNIV,Luzula,nivalis,Fruiting,first seed development (total plot),plot
Utqiagvik,LUZNIV,Luzula,nivalis,Seed Dispersal,first seed dispersal (total plot),plot
Utqiagvik,PAPLAP,Papaver,lapponicum,End of Flowering,first flower withering (total plot),plot
Utqiagvik,PAPLAP,Papaver,lapponicum,Flowering,flower bud visible (total plot),plot
Utqiagvik,PAPLAP,Papaver,lapponicum,Fruiting,first seed development (total plot),plot
Utqiagvik,PAPLAP,Papaver,lapponicum,Seed Dispersal,first seed dispersal (total plot),plot
Utqiagvik,PEDLAN,Pedicularis,lanata,End of Flowering,first flower withering (total plot),plot
Utqiagvik,PEDLAN,Pedicularis,lanata,Flowering,flower open (plot); anthers visible if graminoid,plot
Utqiagvik,PEDLAN,Pedicularis,lanata,Fruiting,first seed development (total plot),plot
Utqiagvik,PEDLAN,Pedicularis,lanata,Seed Dispersal,first seed dispersal (total plot),plot
Utqiagvik,PERVIV,Persicaria,vivipara,Flowering,Inflorescence emergence (total plot first),plot
Utqiagvik,PETFRI,Petasites,frigidus,End of Flowering,first flower withering (total plot),plot
Utqiagvik,PETFRI,Petasites,frigidus,Flowering,Inflorescence emergence (total plot first),plot
Utqiagvik,PETFRI,Petasites,frigidus,Fruiting,first seed development (total plot),plot
Utqiagvik,PETFRI,Petasites,frigidus,Green up,Leaf bud burst (total plot first),plot
Utqiagvik,PETFRI,Petasites,frigidus,Leaf Senescence,first visible Leaf Senescence (plot),plot
Utqiagvik,POAARC,Poa,arctica,End of Flowering,first flower withering (total plot),plot
Utqiagvik,POAARC,Poa,arctica,Flowering,Inflorescence emergence (total plot first),plot
Utqiagvik,POAARC,Poa,arctica,Fruiting,first seed development (total plot),plot
Utqiagvik,POAARC,Poa,arctica,Green up,Leaf bud burst (total plot first),plot
Utqiagvik,POAARC,Poa,arctica,Leaf Senescence,first visible Leaf Senescence (plot),plot
Utqiagvik,POAARC,Poa,arctica,Seed Dispersal,first seed dispersal (total plot),plot
Utqiagvik,POTHYP,Potentilla,hyparctica,End of Flowering,first flower withering (total plot),plot
Utqiagvik,POTHYP,Potentilla,hyparctica,Flowering,flower open (plot); anthers visible if graminoid,plot
Utqiagvik,POTHYP,Potentilla,hyparctica,Fruiting,first seed development (total plot),plot
Utqiagvik,POTHYP,Potentilla,hyparctica,Green up,Leaf bud burst (total plot first),plot
Utqiagvik,POTHYP,Potentilla,hyparctica,Leaf Senescence,first visible Leaf Senescence (plot),plot
Utqiagvik,POTHYP,Potentilla,hyparctica,Seed Dispersal,first seed dispersal (total plot),plot
Utqiagvik,RANNIV,Ranunculus,nivalis,End of Flowering,first flower withering (total plot),plot
Utqiagvik,RANNIV,Ranunculus,nivalis,Flowering,flower open (plot); anthers visible if graminoid,plot
Utqiagvik,RANNIV,Ranunculus,nivalis,Fruiting,first seed development (total plot),plot
Utqiagvik,RANNIV,Ranunculus,nivalis,Green up,Leaf bud burst (total plot first),plot
Utqiagvik,RANNIV,Ranunculus,nivalis,Leaf Senescence,first visible Leaf Senescence (plot),plot
Utqiagvik,RANNIV,Ranunculus,nivalis,Seed Dispersal,first seed dispersal (total plot),plot
Utqiagvik,RANPYG,Ranunculus,pygmaeus,End of Flowering,first flower withering (total plot),plot
Utqiagvik,RANPYG,Ranunculus,pygmaeus,Flowering,flower open (plot); anthers visible if graminoid,plot
Utqiagvik,RANPYG,Ranunculus,pygmaeus,Fruiting,first seed development (total plot),plot
Utqiagvik,RANPYG,Ranunculus,pygmaeus,Green up,Leaf bud burst (total plot first),plot
Utqiagvik,RANPYG,Ranunculus,pygmaeus,Leaf Senescence,first visible Leaf Senescence (plot),plot
Utqiagvik,RANPYG,Ranunculus,pygmaeus,Seed Dispersal,first seed dispersal (total plot),plot
Utqiagvik,SAXCER,Saxifraga,cernua,End of Flowering,first flower withering (total plot),plot
Utqiagvik,SAXCER,Saxifraga,cernua,Flowering,Inflorescence emergence (total plot first),plot
Utqiagvik,SAXCER,Saxifraga,cernua,Fruiting,Bulbil visible,plot
Utqiagvik,SAXCER,Saxifraga,cernua,Green up,Leaf bud burst (individual plant),individual
Utqiagvik,SAXCER,Saxifraga,cernua,Green up,Leaf bud burst (total plot first),plot
Utqiagvik,SAXCER,Saxifraga,cernua,Leaf Senescence,first visible Leaf Senescence (plot),plot
Utqiagvik,SAXFOL,Saxifraga,foliolosa,End of Flowering,first flower withering (total plot),plot
Utqiagvik,SAXFOL,Saxifraga,foliolosa,Flowering,Inflorescence emergence (total plot first),plot
Utqiagvik,SAXFOL,Saxifraga,foliolosa,Fruiting,Bulbil visible,plot
Utqiagvik,SAXFOL,Saxifraga,foliolosa,Fruiting,first seed development (total plot),plot
Utqiagvik,SAXFOL,Saxifraga,foliolosa,Green up,Leaf bud burst (individual plant),individual
Utqiagvik,SAXFOL,Saxifraga,foliolosa,Green up,Leaf bud burst (total plot first),plot
Utqiagvik,SAXFOL,Saxifraga,foliolosa,Leaf Senescence,first visible Leaf Senescence (plot),plot
Utqiagvik,SAXHIE,Saxifraga,hieraciifolia,End of Flowering,first flower withering (total plot),plot
Utqiagvik,SAXHIE,Saxifraga,hieraciifolia,Flowering,flower open (plot); anthers visible if graminoid,plot
Utqiagvik,SAXHIE,Saxifraga,hieraciifolia,Fruiting,first seed development (total plot),plot
Utqiagvik,SAXHIE,Saxifraga,hieraciifolia,Green up,Leaf bud burst (total plot first),plot
Utqiagvik,SAXHIE,Saxifraga,hieraciifolia,Leaf Senescence,first visible Leaf Senescence (plot),plot
Utqiagvik,SAXHIE,Saxifraga,hieraciifolia,Seed Dispersal,first seed dispersal (total plot),plot
Utqiagvik,SAXHIR,Saxifraga,hirculus,End of Flowering,first flower withering (total plot),plot
Utqiagvik,SAXHIR,Saxifraga,hirculus,Flowering,flower bud visible (total plot),plot
Utqiagvik,SAXHIR,Saxifraga,hirculus,Fruiting,first seed development (total plot),plot
Utqiagvik,SAXHIR,Saxifraga,hirculus,Green up,Leaf bud burst (individual plant),individual
Utqiagvik,SAXHIR,Saxifraga,hirculus,Leaf Senescence,first visible Leaf Senescence (plot),plot
Utqiagvik,SAXNIV,Saxifraga,nivalis,Flowering,flower bud visible (total plot),plot
Utqiagvik,SAXNIV,Saxifraga,nivalis,Green up,Leaf bud burst (total plot first),plot
Utqiagvik,SAXNIV,Saxifraga,nivalis,Leaf Senescence,first visible Leaf Senescence (plot),plot
Utqiagvik,SAXPUN,Saxifraga,punctata,End of Flowering,first flower withering (total plot),plot
Utqiagvik,SAXPUN,Saxifraga,punctata,Flowering,flower open (plot); anthers visible if graminoid,plot
Utqiagvik,SAXPUN,Saxifraga,punctata,Fruiting,first seed development (total plot),plot
Utqiagvik,SAXPUN,Saxifraga,punctata,Green up,Leaf bud burst (total plot first),plot
Utqiagvik,SAXPUN,Saxifraga,punctata,Leaf Senescence,first visible Leaf Senescence (plot),plot
Utqiagvik,SAXPUN,Saxifraga,punctata,Seed Dispersal,first seed dispersal (total plot),plot
Utqiagvik,SILURA,Silene,uralensis,End of Flowering,first flower withering (total plot),plot
Utqiagvik,SILURA,Silene,uralensis,Flowering,flower open (plot); anthers visible if graminoid,plot
Utqiagvik,SILURA,Silene,uralensis,Fruiting,first seed development (total plot),plot
Utqiagvik,STEHUM,Stellaria,humifusa,Green up,Leaf bud burst (individual plant),individual
Utqiagvik,STEHUM,Stellaria,humifusa,Leaf Senescence,first visible Leaf Senescence (individual),individual
Utqiagvik,STELON,Stellaria,longipes,End of Flowering,first flower withering (total plot),plot
Utqiagvik,STELON,Stellaria,longipes,Flowering,flower bud visible (total plot),plot
Utqiagvik,STELON,Stellaria,longipes,Fruiting,first seed development (total plot),plot
Utqiagvik,TEPINT,Tephroseris,integrifolia,End of Flowering,first flower withering (total plot),plot
Utqiagvik,TEPINT,Tephroseris,integrifolia,Flowering,Inflorescence emergence (total plot first),plot
Utqiagvik,TEPINT,Tephroseris,integrifolia,Fruiting,first seed development (total plot),plot
Val Bercla,BARALP,Bartsia,alpina,End of Flowering,First flower senesced,plot
Val Bercla,BARALP,Bartsia,alpina,Flowering,First flower open,plot
Val Bercla,LEUALP,Leucanthemopsis,alpina,End of Flowering,First flower senesced,plot
Val Bercla,LEUALP,Leucanthemopsis,alpina,Flowering,First flower open,plot
Val Bercla,LEUHAL,Leucanthemum,halleri,End of Flowering,First flower senesced,plot
Val Bercla,LEUHAL,Leucanthemum,halleri,Flowering,First flower open,plot
Val Bercla,PEDVER,Pedicularis,verticillata,End of Flowering,First flower senesced,plot
Val Bercla,PEDVER,Pedicularis,verticillata,Flowering,First flower open,plot
Val Bercla,PERVIV,Persicaria,vivipara,Flowering,First flower open,plot
Val Bercla,PRIINT,Primula,integrifolia,End of Flowering,First flower senesced,plot
Val Bercla,PRIINT,Primula,integrifolia,Flowering,First flower open,plot
Val Bercla,PRIINT,Primula,integrifolia,Green up,first green visible,plot
Val Bercla,SALRET,Salix,retusa,End of Flowering,First flower senesced,plot
Val Bercla,SALRET,Salix,retusa,Flowering,First flower open,plot
Val Bercla,SALRET,Salix,retusa,Green up,first green visible,plot
Val Bercla,SALRETI,Salix,reticulata,End of Flowering,First flower senesced,plot
Val Bercla,SALRETI,Salix,reticulata,Flowering,First flower open,plot
Val Bercla,SALRETI,Salix,reticulata,Green up,first green visible,plot
Val Bercla,SAXOPP,Saxifraga,oppositifolia,End of Flowering,First flower senesced,plot
Val Bercla,SAXOPP,Saxifraga,oppositifolia,Flowering,First flower open,plot
Val Bercla,SESCAE,Sesleria,caerulea,End of Flowering,First flower senesced,plot
Val Bercla,SESCAE,Sesleria,caerulea,Flowering,First flower open,plot
Val Bercla,SILACA,Silene,acaulis,End of Flowering,First flower senesced,plot
Val Bercla,SILACA,Silene,acaulis,Flowering,First flower open,plot
Val Bercla,SILACA,Silene,acaulis,Green up,first green visible,plot
Val Bercla,SOLALP,Soldanella,alpina,End of Flowering,First flower senesced,plot
White Mts,TRIAND,Trifolium,andersonii,Flowering,First anthers visible,plot
