"site_name","subsite","year","treatment","plot","prior_visit","plant_id","doy"
"TOOLIK","TOOLIK.USTOOLIKSNOWFIELD.JW",1995,"CTL",182,NA,"SNOWFIELD_NA_182_CTL_CASTET",142
"TOOLIK","TOOLIK.USTOOLIKSNOWFIELD.JW",1995,"CTL",182,NA,"SNOWFIELD_NA_182_CTL_SALRET",142
"TOOLIK","TOOLIK.USTOOLIKSNOWFIELD.JW",1995,"OTC",183,NA,"SNOWFIELD_NA_183_OTC_CASTET",142
"TOOLIK","TOOLIK.USTOOLIKSNOWFIELD.JW",1995,"OTC",183,NA,"SNOWFIELD_NA_183_OTC_SALRET",142
"TOOLIK","TOOLIK.USTOOLIKSNOWFIELD.JW",1995,"CTL",184,NA,"SNOWFIELD_NA_184_CTL_CASTET",142
"TOOLIK","TOOLIK.USTOOLIKSNOWFIELD.JW",1995,"CTL",184,NA,"SNOWFIELD_NA_184_CTL_SALRET",142
"TOOLIK","TOOLIK.USTOOLIKSNOWFIELD.JW",1995,"OTC",185,NA,"SNOWFIELD_NA_185_OTC_CASTET",142
"TOOLIK","TOOLIK.USTOOLIKSNOWFIELD.JW",1995,"OTC",185,NA,"SNOWFIELD_NA_185_OTC_SALRET",142
"TOOLIK","TOOLIK.USTOOLIKSNOWFIELD.JW",1995,"CTL",186,NA,"SNOWFIELD_NA_186_CTL_CASTET",142
"TOOLIK","TOOLIK.USTOOLIKSNOWFIELD.JW",1995,"CTL",186,NA,"SNOWFIELD_NA_186_CTL_SALRET",142
"TOOLIK","TOOLIK.USTOOLIKSNOWFIELD.JW",1995,"OTC",187,NA,"SNOWFIELD_NA_187_OTC_CASTET",142
"TOOLIK","TOOLIK.USTOOLIKSNOWFIELD.JW",1995,"OTC",187,NA,"SNOWFIELD_NA_187_OTC_SALRET",142
"TOOLIK","TOOLIK.USTOOLIKSNOWFIELD.JW",1995,"CTL",188,NA,"SNOWFIELD_NA_188_CTL_CASTET",142
"TOOLIK","TOOLIK.USTOOLIKSNOWFIELD.JW",1995,"CTL",188,NA,"SNOWFIELD_NA_188_CTL_SALRET",142
"TOOLIK","TOOLIK.USTOOLIKSNOWFIELD.JW",1995,"CTL",189,NA,"SNOWFIELD_NA_189_CTL_CASTET",142
"TOOLIK","TOOLIK.USTOOLIKSNOWFIELD.JW",1995,"CTL",189,NA,"SNOWFIELD_NA_189_CTL_SALRET",142
"TOOLIK","TOOLIK.USTOOLIKSNOWFIELD.JW",1995,"OTC",190,NA,"SNOWFIELD_NA_190_OTC_CASTET",142
"TOOLIK","TOOLIK.USTOOLIKSNOWFIELD.JW",1995,"OTC",190,NA,"SNOWFIELD_NA_190_OTC_SALRET",142
"TOOLIK","TOOLIK.USTOOLIKSNOWFIELD.JW",1995,"OTC",191,NA,"SNOWFIELD_NA_191_OTC_CASTET",142
"TOOLIK","TOOLIK.USTOOLIKSNOWFIELD.JW",1995,"OTC",191,NA,"SNOWFIELD_NA_191_OTC_SALRET",142
"TOOLIK","TOOLIK.USTOOLIKSNOWFIELD.JW",1996,"CTL",182,NA,"SNOWFIELD_NA_182_CTL_ERIVAG",157
"TOOLIK","TOOLIK.USTOOLIKSNOWFIELD.JW",1996,"CTL",182,NA,"SNOWFIELD_NA_182_CTL_CARBIG",157
"TOOLIK","TOOLIK.USTOOLIKSNOWFIELD.JW",1996,"CTL",182,NA,"SNOWFIELD_NA_182_CTL_SALRET",157
"TOOLIK","TOOLIK.USTOOLIKSNOWFIELD.JW",1996,"CTL",182,NA,"SNOWFIELD_NA_182_CTL_PYRGRA",157
"TOOLIK","TOOLIK.USTOOLIKSNOWFIELD.JW",1996,"CTL",182,NA,"SNOWFIELD_NA_182_CTL_LEDDEC",157
"TOOLIK","TOOLIK.USTOOLIKSNOWFIELD.JW",1996,"CTL",182,NA,"SNOWFIELD_NA_182_CTL_VACVIT",157
"TOOLIK","TOOLIK.USTOOLIKSNOWFIELD.JW",1996,"CTL",182,NA,"SNOWFIELD_NA_182_CTL_CASTET",157
"TOOLIK","TOOLIK.USTOOLIKSNOWFIELD.JW",1996,"CTL",182,NA,"SNOWFIELD_NA_182_CTL_EMPNIG",157
"TOOLIK","TOOLIK.USTOOLIKSNOWFIELD.JW",1996,"CTL",182,NA,"SNOWFIELD_NA_182_CTL_ANDPOL",157
"TOOLIK","TOOLIK.USTOOLIKSNOWFIELD.JW",1996,"CTL",182,NA,"SNOWFIELD_NA_182_CTL_RUBCHA",157
"TOOLIK","TOOLIK.USTOOLIKSNOWFIELD.JW",1996,"CTL",182,NA,"SNOWFIELD_NA_182_CTL_BISPLU",157
"TOOLIK","TOOLIK.USTOOLIKSNOWFIELD.JW",1996,"OTC",183,NA,"SNOWFIELD_NA_183_OTC_ERIVAG",157
"TOOLIK","TOOLIK.USTOOLIKSNOWFIELD.JW",1996,"OTC",183,NA,"SNOWFIELD_NA_183_OTC_CARBIG",157
"TOOLIK","TOOLIK.USTOOLIKSNOWFIELD.JW",1996,"OTC",183,NA,"SNOWFIELD_NA_183_OTC_SALRET",157
"TOOLIK","TOOLIK.USTOOLIKSNOWFIELD.JW",1996,"OTC",183,NA,"SNOWFIELD_NA_183_OTC_PYRGRA",157
"TOOLIK","TOOLIK.USTOOLIKSNOWFIELD.JW",1996,"OTC",183,NA,"SNOWFIELD_NA_183_OTC_VACVIT",157
"TOOLIK","TOOLIK.USTOOLIKSNOWFIELD.JW",1996,"OTC",183,NA,"SNOWFIELD_NA_183_OTC_CASTET",157
"TOOLIK","TOOLIK.USTOOLIKSNOWFIELD.JW",1996,"OTC",183,NA,"SNOWFIELD_NA_183_OTC_EMPNIG",157
"TOOLIK","TOOLIK.USTOOLIKSNOWFIELD.JW",1996,"OTC",183,NA,"SNOWFIELD_NA_183_OTC_ANDPOL",157
"TOOLIK","TOOLIK.USTOOLIKSNOWFIELD.JW",1996,"OTC",183,NA,"SNOWFIELD_NA_183_OTC_RUBCHA",157
"TOOLIK","TOOLIK.USTOOLIKSNOWFIELD.JW",1996,"OTC",183,NA,"SNOWFIELD_NA_183_OTC_BISPLU",157
"TOOLIK","TOOLIK.USTOOLIKSNOWFIELD.JW",1996,"CTL",184,NA,"SNOWFIELD_NA_184_CTL_ERIVAG",157
"TOOLIK","TOOLIK.USTOOLIKSNOWFIELD.JW",1996,"CTL",184,NA,"SNOWFIELD_NA_184_CTL_CARBIG",157
"TOOLIK","TOOLIK.USTOOLIKSNOWFIELD.JW",1996,"CTL",184,NA,"SNOWFIELD_NA_184_CTL_SALRET",157
"TOOLIK","TOOLIK.USTOOLIKSNOWFIELD.JW",1996,"CTL",184,NA,"SNOWFIELD_NA_184_CTL_PYRGRA",157
"TOOLIK","TOOLIK.USTOOLIKSNOWFIELD.JW",1996,"CTL",184,NA,"SNOWFIELD_NA_184_CTL_LEDDEC",157
"TOOLIK","TOOLIK.USTOOLIKSNOWFIELD.JW",1996,"CTL",184,NA,"SNOWFIELD_NA_184_CTL_VACVIT",157
"TOOLIK","TOOLIK.USTOOLIKSNOWFIELD.JW",1996,"CTL",184,NA,"SNOWFIELD_NA_184_CTL_CASTET",157
"TOOLIK","TOOLIK.USTOOLIKSNOWFIELD.JW",1996,"CTL",184,NA,"SNOWFIELD_NA_184_CTL_EMPNIG",157
"TOOLIK","TOOLIK.USTOOLIKSNOWFIELD.JW",1996,"CTL",184,NA,"SNOWFIELD_NA_184_CTL_ANDPOL",157
"TOOLIK","TOOLIK.USTOOLIKSNOWFIELD.JW",1996,"CTL",184,NA,"SNOWFIELD_NA_184_CTL_RUBCHA",157
"TOOLIK","TOOLIK.USTOOLIKSNOWFIELD.JW",1996,"CTL",184,NA,"SNOWFIELD_NA_184_CTL_BISPLU",157
"TOOLIK","TOOLIK.USTOOLIKSNOWFIELD.JW",1996,"OTC",185,NA,"SNOWFIELD_NA_185_OTC_ERIVAG",157
"TOOLIK","TOOLIK.USTOOLIKSNOWFIELD.JW",1996,"OTC",185,NA,"SNOWFIELD_NA_185_OTC_CARBIG",157
"TOOLIK","TOOLIK.USTOOLIKSNOWFIELD.JW",1996,"OTC",185,NA,"SNOWFIELD_NA_185_OTC_SALRET",157
"TOOLIK","TOOLIK.USTOOLIKSNOWFIELD.JW",1996,"OTC",185,NA,"SNOWFIELD_NA_185_OTC_PYRGRA",157
"TOOLIK","TOOLIK.USTOOLIKSNOWFIELD.JW",1996,"OTC",185,NA,"SNOWFIELD_NA_185_OTC_VACVIT",157
"TOOLIK","TOOLIK.USTOOLIKSNOWFIELD.JW",1996,"OTC",185,NA,"SNOWFIELD_NA_185_OTC_CASTET",157
"TOOLIK","TOOLIK.USTOOLIKSNOWFIELD.JW",1996,"OTC",185,NA,"SNOWFIELD_NA_185_OTC_ANDPOL",157
"TOOLIK","TOOLIK.USTOOLIKSNOWFIELD.JW",1996,"OTC",185,NA,"SNOWFIELD_NA_185_OTC_RUBCHA",157
"TOOLIK","TOOLIK.USTOOLIKSNOWFIELD.JW",1996,"OTC",185,NA,"SNOWFIELD_NA_185_OTC_BISPLU",157
"TOOLIK","TOOLIK.USTOOLIKSNOWFIELD.JW",1996,"CTL",186,NA,"SNOWFIELD_NA_186_CTL_ERIVAG",157
"TOOLIK","TOOLIK.USTOOLIKSNOWFIELD.JW",1996,"CTL",186,NA,"SNOWFIELD_NA_186_CTL_CARBIG",157
"TOOLIK","TOOLIK.USTOOLIKSNOWFIELD.JW",1996,"CTL",186,NA,"SNOWFIELD_NA_186_CTL_SALRET",157
"TOOLIK","TOOLIK.USTOOLIKSNOWFIELD.JW",1996,"CTL",186,NA,"SNOWFIELD_NA_186_CTL_PYRGRA",157
"TOOLIK","TOOLIK.USTOOLIKSNOWFIELD.JW",1996,"CTL",186,NA,"SNOWFIELD_NA_186_CTL_LEDDEC",157
"TOOLIK","TOOLIK.USTOOLIKSNOWFIELD.JW",1996,"CTL",186,NA,"SNOWFIELD_NA_186_CTL_VACVIT",157
"TOOLIK","TOOLIK.USTOOLIKSNOWFIELD.JW",1996,"CTL",186,NA,"SNOWFIELD_NA_186_CTL_CASTET",157
"TOOLIK","TOOLIK.USTOOLIKSNOWFIELD.JW",1996,"CTL",186,NA,"SNOWFIELD_NA_186_CTL_ANDPOL",157
"TOOLIK","TOOLIK.USTOOLIKSNOWFIELD.JW",1996,"CTL",186,NA,"SNOWFIELD_NA_186_CTL_RUBCHA",157
"TOOLIK","TOOLIK.USTOOLIKSNOWFIELD.JW",1996,"CTL",186,NA,"SNOWFIELD_NA_186_CTL_BISPLU",157
"TOOLIK","TOOLIK.USTOOLIKSNOWFIELD.JW",1996,"OTC",187,NA,"SNOWFIELD_NA_187_OTC_ERIVAG",157
"TOOLIK","TOOLIK.USTOOLIKSNOWFIELD.JW",1996,"OTC",187,NA,"SNOWFIELD_NA_187_OTC_CARBIG",157
"TOOLIK","TOOLIK.USTOOLIKSNOWFIELD.JW",1996,"OTC",187,NA,"SNOWFIELD_NA_187_OTC_SALRET",157
"TOOLIK","TOOLIK.USTOOLIKSNOWFIELD.JW",1996,"OTC",187,NA,"SNOWFIELD_NA_187_OTC_PYRGRA",157
"TOOLIK","TOOLIK.USTOOLIKSNOWFIELD.JW",1996,"OTC",187,NA,"SNOWFIELD_NA_187_OTC_VACVIT",157
"TOOLIK","TOOLIK.USTOOLIKSNOWFIELD.JW",1996,"OTC",187,NA,"SNOWFIELD_NA_187_OTC_CASTET",157
"TOOLIK","TOOLIK.USTOOLIKSNOWFIELD.JW",1996,"OTC",187,NA,"SNOWFIELD_NA_187_OTC_ANDPOL",157
"TOOLIK","TOOLIK.USTOOLIKSNOWFIELD.JW",1996,"OTC",187,NA,"SNOWFIELD_NA_187_OTC_RUBCHA",157
"TOOLIK","TOOLIK.USTOOLIKSNOWFIELD.JW",1996,"OTC",187,NA,"SNOWFIELD_NA_187_OTC_BISPLU",157
"TOOLIK","TOOLIK.USTOOLIKSNOWFIELD.JW",1996,"CTL",188,NA,"SNOWFIELD_NA_188_CTL_ERIVAG",157
"TOOLIK","TOOLIK.USTOOLIKSNOWFIELD.JW",1996,"CTL",188,NA,"SNOWFIELD_NA_188_CTL_CARBIG",157
"TOOLIK","TOOLIK.USTOOLIKSNOWFIELD.JW",1996,"CTL",188,NA,"SNOWFIELD_NA_188_CTL_SALRET",157
"TOOLIK","TOOLIK.USTOOLIKSNOWFIELD.JW",1996,"CTL",188,NA,"SNOWFIELD_NA_188_CTL_PYRGRA",157
"TOOLIK","TOOLIK.USTOOLIKSNOWFIELD.JW",1996,"CTL",188,NA,"SNOWFIELD_NA_188_CTL_LEDDEC",157
"TOOLIK","TOOLIK.USTOOLIKSNOWFIELD.JW",1996,"CTL",188,NA,"SNOWFIELD_NA_188_CTL_VACVIT",157
"TOOLIK","TOOLIK.USTOOLIKSNOWFIELD.JW",1996,"CTL",188,NA,"SNOWFIELD_NA_188_CTL_CASTET",157
"TOOLIK","TOOLIK.USTOOLIKSNOWFIELD.JW",1996,"CTL",188,NA,"SNOWFIELD_NA_188_CTL_ANDPOL",157
"TOOLIK","TOOLIK.USTOOLIKSNOWFIELD.JW",1996,"CTL",188,NA,"SNOWFIELD_NA_188_CTL_RUBCHA",157
"TOOLIK","TOOLIK.USTOOLIKSNOWFIELD.JW",1996,"CTL",188,NA,"SNOWFIELD_NA_188_CTL_BISPLU",157
"TOOLIK","TOOLIK.USTOOLIKSNOWFIELD.JW",1996,"CTL",189,NA,"SNOWFIELD_NA_189_CTL_ERIVAG",157
"TOOLIK","TOOLIK.USTOOLIKSNOWFIELD.JW",1996,"CTL",189,NA,"SNOWFIELD_NA_189_CTL_CARBIG",157
"TOOLIK","TOOLIK.USTOOLIKSNOWFIELD.JW",1996,"CTL",189,NA,"SNOWFIELD_NA_189_CTL_SALRET",157
"TOOLIK","TOOLIK.USTOOLIKSNOWFIELD.JW",1996,"CTL",189,NA,"SNOWFIELD_NA_189_CTL_PYRGRA",157
"TOOLIK","TOOLIK.USTOOLIKSNOWFIELD.JW",1996,"CTL",189,NA,"SNOWFIELD_NA_189_CTL_VACVIT",157
"TOOLIK","TOOLIK.USTOOLIKSNOWFIELD.JW",1996,"CTL",189,NA,"SNOWFIELD_NA_189_CTL_CASTET",157
"TOOLIK","TOOLIK.USTOOLIKSNOWFIELD.JW",1996,"CTL",189,NA,"SNOWFIELD_NA_189_CTL_ANDPOL",157
"TOOLIK","TOOLIK.USTOOLIKSNOWFIELD.JW",1996,"CTL",189,NA,"SNOWFIELD_NA_189_CTL_RUBCHA",157
"TOOLIK","TOOLIK.USTOOLIKSNOWFIELD.JW",1996,"CTL",189,NA,"SNOWFIELD_NA_189_CTL_BISPLU",157
"TOOLIK","TOOLIK.USTOOLIKSNOWFIELD.JW",1996,"OTC",190,NA,"SNOWFIELD_NA_190_OTC_ERIVAG",157
"TOOLIK","TOOLIK.USTOOLIKSNOWFIELD.JW",1996,"OTC",190,NA,"SNOWFIELD_NA_190_OTC_CARBIG",157
"TOOLIK","TOOLIK.USTOOLIKSNOWFIELD.JW",1996,"OTC",190,NA,"SNOWFIELD_NA_190_OTC_SALRET",157
"TOOLIK","TOOLIK.USTOOLIKSNOWFIELD.JW",1996,"OTC",190,NA,"SNOWFIELD_NA_190_OTC_PYRGRA",157
"TOOLIK","TOOLIK.USTOOLIKSNOWFIELD.JW",1996,"OTC",190,NA,"SNOWFIELD_NA_190_OTC_LEDDEC",157
"TOOLIK","TOOLIK.USTOOLIKSNOWFIELD.JW",1996,"OTC",190,NA,"SNOWFIELD_NA_190_OTC_VACVIT",157
"TOOLIK","TOOLIK.USTOOLIKSNOWFIELD.JW",1996,"OTC",190,NA,"SNOWFIELD_NA_190_OTC_CASTET",157
"TOOLIK","TOOLIK.USTOOLIKSNOWFIELD.JW",1996,"OTC",190,NA,"SNOWFIELD_NA_190_OTC_EMPNIG",157
"TOOLIK","TOOLIK.USTOOLIKSNOWFIELD.JW",1996,"OTC",190,NA,"SNOWFIELD_NA_190_OTC_ANDPOL",157
"TOOLIK","TOOLIK.USTOOLIKSNOWFIELD.JW",1996,"OTC",190,NA,"SNOWFIELD_NA_190_OTC_RUBCHA",157
"TOOLIK","TOOLIK.USTOOLIKSNOWFIELD.JW",1996,"OTC",190,NA,"SNOWFIELD_NA_190_OTC_BISPLU",157
"TOOLIK","TOOLIK.USTOOLIKSNOWFIELD.JW",1996,"OTC",191,157,"SNOWFIELD_NA_191_OTC_ERIVAG",160
"TOOLIK","TOOLIK.USTOOLIKSNOWFIELD.JW",1996,"OTC",191,157,"SNOWFIELD_NA_191_OTC_CARBIG",160
"TOOLIK","TOOLIK.USTOOLIKSNOWFIELD.JW",1996,"OTC",191,157,"SNOWFIELD_NA_191_OTC_SALRET",160
"TOOLIK","TOOLIK.USTOOLIKSNOWFIELD.JW",1996,"OTC",191,157,"SNOWFIELD_NA_191_OTC_VACVIT",160
"TOOLIK","TOOLIK.USTOOLIKSNOWFIELD.JW",1996,"OTC",191,157,"SNOWFIELD_NA_191_OTC_CASTET",160
"TOOLIK","TOOLIK.USTOOLIKSNOWFIELD.JW",1996,"OTC",191,157,"SNOWFIELD_NA_191_OTC_EMPNIG",160
"TOOLIK","TOOLIK.USTOOLIKSNOWFIELD.JW",1996,"OTC",191,157,"SNOWFIELD_NA_191_OTC_RUBCHA",160
"TOOLIK","TOOLIK.USTOOLIKSNOWFIELD.JW",1996,"OTC",191,157,"SNOWFIELD_NA_191_OTC_BISPLU",160
"TOOLIK","TOOLIK.USTOOLIKSNOWFIELD.JW",1997,"CTL",182,155,"SNOWFIELD_NA_182_CTL_ANDPOL",157
"TOOLIK","TOOLIK.USTOOLIKSNOWFIELD.JW",1997,"CTL",182,155,"SNOWFIELD_NA_182_CTL_BISPLU",157
"TOOLIK","TOOLIK.USTOOLIKSNOWFIELD.JW",1997,"CTL",182,155,"SNOWFIELD_NA_182_CTL_CARBIG",157
"TOOLIK","TOOLIK.USTOOLIKSNOWFIELD.JW",1997,"CTL",182,155,"SNOWFIELD_NA_182_CTL_CASTET",157
"TOOLIK","TOOLIK.USTOOLIKSNOWFIELD.JW",1997,"CTL",182,155,"SNOWFIELD_NA_182_CTL_EMPNIG",157
"TOOLIK","TOOLIK.USTOOLIKSNOWFIELD.JW",1997,"CTL",182,155,"SNOWFIELD_NA_182_CTL_ERIVAG",157
"TOOLIK","TOOLIK.USTOOLIKSNOWFIELD.JW",1997,"CTL",182,155,"SNOWFIELD_NA_182_CTL_LEDDEC",157
"TOOLIK","TOOLIK.USTOOLIKSNOWFIELD.JW",1997,"CTL",182,155,"SNOWFIELD_NA_182_CTL_PYRGRA",157
"TOOLIK","TOOLIK.USTOOLIKSNOWFIELD.JW",1997,"CTL",182,155,"SNOWFIELD_NA_182_CTL_SALRET",157
"TOOLIK","TOOLIK.USTOOLIKSNOWFIELD.JW",1997,"CTL",182,155,"SNOWFIELD_NA_182_CTL_VACVIT",157
"TOOLIK","TOOLIK.USTOOLIKSNOWFIELD.JW",1997,"OTC",183,155,"SNOWFIELD_NA_183_OTC_ANDPOL",157
"TOOLIK","TOOLIK.USTOOLIKSNOWFIELD.JW",1997,"OTC",183,155,"SNOWFIELD_NA_183_OTC_BISPLU",157
"TOOLIK","TOOLIK.USTOOLIKSNOWFIELD.JW",1997,"OTC",183,155,"SNOWFIELD_NA_183_OTC_CARBIG",157
"TOOLIK","TOOLIK.USTOOLIKSNOWFIELD.JW",1997,"OTC",183,155,"SNOWFIELD_NA_183_OTC_CASTET",157
"TOOLIK","TOOLIK.USTOOLIKSNOWFIELD.JW",1997,"OTC",183,155,"SNOWFIELD_NA_183_OTC_EMPNIG",157
"TOOLIK","TOOLIK.USTOOLIKSNOWFIELD.JW",1997,"OTC",183,155,"SNOWFIELD_NA_183_OTC_ERIVAG",157
"TOOLIK","TOOLIK.USTOOLIKSNOWFIELD.JW",1997,"OTC",183,155,"SNOWFIELD_NA_183_OTC_LEDDEC",157
"TOOLIK","TOOLIK.USTOOLIKSNOWFIELD.JW",1997,"OTC",183,155,"SNOWFIELD_NA_183_OTC_PYRGRA",157
"TOOLIK","TOOLIK.USTOOLIKSNOWFIELD.JW",1997,"OTC",183,155,"SNOWFIELD_NA_183_OTC_RUBCHA",157
"TOOLIK","TOOLIK.USTOOLIKSNOWFIELD.JW",1997,"OTC",183,155,"SNOWFIELD_NA_183_OTC_SALRET",157
"TOOLIK","TOOLIK.USTOOLIKSNOWFIELD.JW",1997,"OTC",183,155,"SNOWFIELD_NA_183_OTC_VACVIT",157
"TOOLIK","TOOLIK.USTOOLIKSNOWFIELD.JW",1997,"CTL",184,157,"SNOWFIELD_NA_184_CTL_ANDPOL",159
"TOOLIK","TOOLIK.USTOOLIKSNOWFIELD.JW",1997,"CTL",184,157,"SNOWFIELD_NA_184_CTL_BISPLU",159
"TOOLIK","TOOLIK.USTOOLIKSNOWFIELD.JW",1997,"CTL",184,157,"SNOWFIELD_NA_184_CTL_CARBIG",159
"TOOLIK","TOOLIK.USTOOLIKSNOWFIELD.JW",1997,"CTL",184,157,"SNOWFIELD_NA_184_CTL_CASTET",159
"TOOLIK","TOOLIK.USTOOLIKSNOWFIELD.JW",1997,"CTL",184,157,"SNOWFIELD_NA_184_CTL_EMPNIG",159
"TOOLIK","TOOLIK.USTOOLIKSNOWFIELD.JW",1997,"CTL",184,157,"SNOWFIELD_NA_184_CTL_ERIVAG",159
"TOOLIK","TOOLIK.USTOOLIKSNOWFIELD.JW",1997,"CTL",184,157,"SNOWFIELD_NA_184_CTL_LEDDEC",159
"TOOLIK","TOOLIK.USTOOLIKSNOWFIELD.JW",1997,"CTL",184,157,"SNOWFIELD_NA_184_CTL_PYRGRA",159
"TOOLIK","TOOLIK.USTOOLIKSNOWFIELD.JW",1997,"CTL",184,157,"SNOWFIELD_NA_184_CTL_RUBCHA",159
"TOOLIK","TOOLIK.USTOOLIKSNOWFIELD.JW",1997,"CTL",184,157,"SNOWFIELD_NA_184_CTL_SALRET",159
"TOOLIK","TOOLIK.USTOOLIKSNOWFIELD.JW",1997,"CTL",184,157,"SNOWFIELD_NA_184_CTL_VACVIT",159
"TOOLIK","TOOLIK.USTOOLIKSNOWFIELD.JW",1997,"OTC",185,155,"SNOWFIELD_NA_185_OTC_ANDPOL",157
"TOOLIK","TOOLIK.USTOOLIKSNOWFIELD.JW",1997,"OTC",185,155,"SNOWFIELD_NA_185_OTC_BISPLU",157
"TOOLIK","TOOLIK.USTOOLIKSNOWFIELD.JW",1997,"OTC",185,155,"SNOWFIELD_NA_185_OTC_CARBIG",157
"TOOLIK","TOOLIK.USTOOLIKSNOWFIELD.JW",1997,"OTC",185,155,"SNOWFIELD_NA_185_OTC_CASTET",157
"TOOLIK","TOOLIK.USTOOLIKSNOWFIELD.JW",1997,"OTC",185,155,"SNOWFIELD_NA_185_OTC_PYRGRA",157
"TOOLIK","TOOLIK.USTOOLIKSNOWFIELD.JW",1997,"OTC",185,155,"SNOWFIELD_NA_185_OTC_RUBCHA",157
"TOOLIK","TOOLIK.USTOOLIKSNOWFIELD.JW",1997,"OTC",185,155,"SNOWFIELD_NA_185_OTC_SALRET",157
"TOOLIK","TOOLIK.USTOOLIKSNOWFIELD.JW",1997,"OTC",185,155,"SNOWFIELD_NA_185_OTC_VACVIT",157
"TOOLIK","TOOLIK.USTOOLIKSNOWFIELD.JW",1997,"CTL",186,155,"SNOWFIELD_NA_186_CTL_ANDPOL",157
"TOOLIK","TOOLIK.USTOOLIKSNOWFIELD.JW",1997,"CTL",186,155,"SNOWFIELD_NA_186_CTL_BISPLU",157
"TOOLIK","TOOLIK.USTOOLIKSNOWFIELD.JW",1997,"CTL",186,155,"SNOWFIELD_NA_186_CTL_CARBIG",157
"TOOLIK","TOOLIK.USTOOLIKSNOWFIELD.JW",1997,"CTL",186,155,"SNOWFIELD_NA_186_CTL_CASTET",157
"TOOLIK","TOOLIK.USTOOLIKSNOWFIELD.JW",1997,"CTL",186,155,"SNOWFIELD_NA_186_CTL_ERIVAG",157
"TOOLIK","TOOLIK.USTOOLIKSNOWFIELD.JW",1997,"CTL",186,155,"SNOWFIELD_NA_186_CTL_LEDDEC",157
"TOOLIK","TOOLIK.USTOOLIKSNOWFIELD.JW",1997,"CTL",186,155,"SNOWFIELD_NA_186_CTL_PYRGRA",157
"TOOLIK","TOOLIK.USTOOLIKSNOWFIELD.JW",1997,"CTL",186,155,"SNOWFIELD_NA_186_CTL_RUBCHA",157
"TOOLIK","TOOLIK.USTOOLIKSNOWFIELD.JW",1997,"CTL",186,155,"SNOWFIELD_NA_186_CTL_SALRET",157
"TOOLIK","TOOLIK.USTOOLIKSNOWFIELD.JW",1997,"CTL",186,155,"SNOWFIELD_NA_186_CTL_VACVIT",157
"TOOLIK","TOOLIK.USTOOLIKSNOWFIELD.JW",1997,"OTC",187,159,"SNOWFIELD_NA_187_OTC_ANDPOL",160
"TOOLIK","TOOLIK.USTOOLIKSNOWFIELD.JW",1997,"OTC",187,159,"SNOWFIELD_NA_187_OTC_BISPLU",160
"TOOLIK","TOOLIK.USTOOLIKSNOWFIELD.JW",1997,"OTC",187,159,"SNOWFIELD_NA_187_OTC_CARBIG",160
"TOOLIK","TOOLIK.USTOOLIKSNOWFIELD.JW",1997,"OTC",187,159,"SNOWFIELD_NA_187_OTC_CASTET",160
"TOOLIK","TOOLIK.USTOOLIKSNOWFIELD.JW",1997,"OTC",187,159,"SNOWFIELD_NA_187_OTC_ERIVAG",160
"TOOLIK","TOOLIK.USTOOLIKSNOWFIELD.JW",1997,"OTC",187,159,"SNOWFIELD_NA_187_OTC_PYRGRA",160
"TOOLIK","TOOLIK.USTOOLIKSNOWFIELD.JW",1997,"OTC",187,159,"SNOWFIELD_NA_187_OTC_RUBCHA",160
"TOOLIK","TOOLIK.USTOOLIKSNOWFIELD.JW",1997,"OTC",187,159,"SNOWFIELD_NA_187_OTC_SALRET",160
"TOOLIK","TOOLIK.USTOOLIKSNOWFIELD.JW",1997,"OTC",187,159,"SNOWFIELD_NA_187_OTC_VACVIT",160
"TOOLIK","TOOLIK.USTOOLIKSNOWFIELD.JW",1997,"CTL",188,155,"SNOWFIELD_NA_188_CTL_ANDPOL",157
"TOOLIK","TOOLIK.USTOOLIKSNOWFIELD.JW",1997,"CTL",188,155,"SNOWFIELD_NA_188_CTL_BISPLU",157
"TOOLIK","TOOLIK.USTOOLIKSNOWFIELD.JW",1997,"CTL",188,155,"SNOWFIELD_NA_188_CTL_CARBIG",157
"TOOLIK","TOOLIK.USTOOLIKSNOWFIELD.JW",1997,"CTL",188,155,"SNOWFIELD_NA_188_CTL_CASTET",157
"TOOLIK","TOOLIK.USTOOLIKSNOWFIELD.JW",1997,"CTL",188,155,"SNOWFIELD_NA_188_CTL_ERIVAG",157
"TOOLIK","TOOLIK.USTOOLIKSNOWFIELD.JW",1997,"CTL",188,155,"SNOWFIELD_NA_188_CTL_LEDDEC",157
"TOOLIK","TOOLIK.USTOOLIKSNOWFIELD.JW",1997,"CTL",188,155,"SNOWFIELD_NA_188_CTL_PYRGRA",157
"TOOLIK","TOOLIK.USTOOLIKSNOWFIELD.JW",1997,"CTL",188,155,"SNOWFIELD_NA_188_CTL_RUBCHA",157
"TOOLIK","TOOLIK.USTOOLIKSNOWFIELD.JW",1997,"CTL",188,155,"SNOWFIELD_NA_188_CTL_SALRET",157
"TOOLIK","TOOLIK.USTOOLIKSNOWFIELD.JW",1997,"CTL",188,155,"SNOWFIELD_NA_188_CTL_VACVIT",157
"TOOLIK","TOOLIK.USTOOLIKSNOWFIELD.JW",1997,"CTL",189,155,"SNOWFIELD_NA_189_CTL_ANDPOL",157
"TOOLIK","TOOLIK.USTOOLIKSNOWFIELD.JW",1997,"CTL",189,155,"SNOWFIELD_NA_189_CTL_BISPLU",157
"TOOLIK","TOOLIK.USTOOLIKSNOWFIELD.JW",1997,"CTL",189,155,"SNOWFIELD_NA_189_CTL_CARBIG",157
"TOOLIK","TOOLIK.USTOOLIKSNOWFIELD.JW",1997,"CTL",189,155,"SNOWFIELD_NA_189_CTL_CASTET",157
"TOOLIK","TOOLIK.USTOOLIKSNOWFIELD.JW",1997,"CTL",189,155,"SNOWFIELD_NA_189_CTL_LEDDEC",157
"TOOLIK","TOOLIK.USTOOLIKSNOWFIELD.JW",1997,"CTL",189,155,"SNOWFIELD_NA_189_CTL_PYRGRA",157
"TOOLIK","TOOLIK.USTOOLIKSNOWFIELD.JW",1997,"CTL",189,155,"SNOWFIELD_NA_189_CTL_RUBCHA",157
"TOOLIK","TOOLIK.USTOOLIKSNOWFIELD.JW",1997,"CTL",189,155,"SNOWFIELD_NA_189_CTL_SALRET",157
"TOOLIK","TOOLIK.USTOOLIKSNOWFIELD.JW",1997,"CTL",189,155,"SNOWFIELD_NA_189_CTL_VACVIT",157
"TOOLIK","TOOLIK.USTOOLIKSNOWFIELD.JW",1997,"OTC",190,NA,"SNOWFIELD_NA_190_OTC_ANDPOL",155
"TOOLIK","TOOLIK.USTOOLIKSNOWFIELD.JW",1997,"OTC",190,NA,"SNOWFIELD_NA_190_OTC_BISPLU",155
"TOOLIK","TOOLIK.USTOOLIKSNOWFIELD.JW",1997,"OTC",190,NA,"SNOWFIELD_NA_190_OTC_CARBIG",155
"TOOLIK","TOOLIK.USTOOLIKSNOWFIELD.JW",1997,"OTC",190,NA,"SNOWFIELD_NA_190_OTC_CASTET",155
"TOOLIK","TOOLIK.USTOOLIKSNOWFIELD.JW",1997,"OTC",190,NA,"SNOWFIELD_NA_190_OTC_EMPNIG",155
"TOOLIK","TOOLIK.USTOOLIKSNOWFIELD.JW",1997,"OTC",190,NA,"SNOWFIELD_NA_190_OTC_LEDDEC",155
"TOOLIK","TOOLIK.USTOOLIKSNOWFIELD.JW",1997,"OTC",190,NA,"SNOWFIELD_NA_190_OTC_PYRGRA",155
"TOOLIK","TOOLIK.USTOOLIKSNOWFIELD.JW",1997,"OTC",190,NA,"SNOWFIELD_NA_190_OTC_RUBCHA",155
"TOOLIK","TOOLIK.USTOOLIKSNOWFIELD.JW",1997,"OTC",190,NA,"SNOWFIELD_NA_190_OTC_SALRET",155
"TOOLIK","TOOLIK.USTOOLIKSNOWFIELD.JW",1997,"OTC",190,NA,"SNOWFIELD_NA_190_OTC_VACVIT",155
"TOOLIK","TOOLIK.USTOOLIKSNOWFIELD.JW",1997,"OTC",191,155,"SNOWFIELD_NA_191_OTC_BISPLU",157
"TOOLIK","TOOLIK.USTOOLIKSNOWFIELD.JW",1997,"OTC",191,155,"SNOWFIELD_NA_191_OTC_CARBIG",157
"TOOLIK","TOOLIK.USTOOLIKSNOWFIELD.JW",1997,"OTC",191,155,"SNOWFIELD_NA_191_OTC_CASTET",157
"TOOLIK","TOOLIK.USTOOLIKSNOWFIELD.JW",1997,"OTC",191,155,"SNOWFIELD_NA_191_OTC_EMPNIG",157
"TOOLIK","TOOLIK.USTOOLIKSNOWFIELD.JW",1997,"OTC",191,155,"SNOWFIELD_NA_191_OTC_LEDDEC",157
"TOOLIK","TOOLIK.USTOOLIKSNOWFIELD.JW",1997,"OTC",191,155,"SNOWFIELD_NA_191_OTC_PYRGRA",157
"TOOLIK","TOOLIK.USTOOLIKSNOWFIELD.JW",1997,"OTC",191,155,"SNOWFIELD_NA_191_OTC_RUBCHA",157
"TOOLIK","TOOLIK.USTOOLIKSNOWFIELD.JW",1997,"OTC",191,155,"SNOWFIELD_NA_191_OTC_SALRET",157
"TOOLIK","TOOLIK.USTOOLIKSNOWFIELD.JW",1997,"OTC",191,155,"SNOWFIELD_NA_191_OTC_VACVIT",157
"TOOLIK","TOOLIK.USTOOLIKSNOWFIELD.JW",1998,"CTL",182,143,"SNOWFIELD_NA_182_CTL_ERIVAG",145
"TOOLIK","TOOLIK.USTOOLIKSNOWFIELD.JW",1998,"CTL",182,143,"SNOWFIELD_NA_182_CTL_CARBIG",145
"TOOLIK","TOOLIK.USTOOLIKSNOWFIELD.JW",1998,"CTL",182,143,"SNOWFIELD_NA_182_CTL_SALRET",145
"TOOLIK","TOOLIK.USTOOLIKSNOWFIELD.JW",1998,"CTL",182,143,"SNOWFIELD_NA_182_CTL_PYRGRA",145
"TOOLIK","TOOLIK.USTOOLIKSNOWFIELD.JW",1998,"CTL",182,143,"SNOWFIELD_NA_182_CTL_LEDDEC",145
"TOOLIK","TOOLIK.USTOOLIKSNOWFIELD.JW",1998,"CTL",182,143,"SNOWFIELD_NA_182_CTL_VACVIT",145
"TOOLIK","TOOLIK.USTOOLIKSNOWFIELD.JW",1998,"CTL",182,143,"SNOWFIELD_NA_182_CTL_CASTET",145
"TOOLIK","TOOLIK.USTOOLIKSNOWFIELD.JW",1998,"CTL",182,143,"SNOWFIELD_NA_182_CTL_EMPNIG",145
"TOOLIK","TOOLIK.USTOOLIKSNOWFIELD.JW",1998,"CTL",182,143,"SNOWFIELD_NA_182_CTL_ANDPOL",145
"TOOLIK","TOOLIK.USTOOLIKSNOWFIELD.JW",1998,"CTL",182,143,"SNOWFIELD_NA_182_CTL_BISPLU",145
"TOOLIK","TOOLIK.USTOOLIKSNOWFIELD.JW",1998,"OTC",183,143,"SNOWFIELD_NA_183_OTC_ERIVAG",145
"TOOLIK","TOOLIK.USTOOLIKSNOWFIELD.JW",1998,"OTC",183,143,"SNOWFIELD_NA_183_OTC_CARBIG",145
"TOOLIK","TOOLIK.USTOOLIKSNOWFIELD.JW",1998,"OTC",183,143,"SNOWFIELD_NA_183_OTC_SALRET",145
"TOOLIK","TOOLIK.USTOOLIKSNOWFIELD.JW",1998,"OTC",183,143,"SNOWFIELD_NA_183_OTC_PYRGRA",145
"TOOLIK","TOOLIK.USTOOLIKSNOWFIELD.JW",1998,"OTC",183,143,"SNOWFIELD_NA_183_OTC_LEDDEC",145
"TOOLIK","TOOLIK.USTOOLIKSNOWFIELD.JW",1998,"OTC",183,143,"SNOWFIELD_NA_183_OTC_VACVIT",145
"TOOLIK","TOOLIK.USTOOLIKSNOWFIELD.JW",1998,"OTC",183,143,"SNOWFIELD_NA_183_OTC_CASTET",145
"TOOLIK","TOOLIK.USTOOLIKSNOWFIELD.JW",1998,"OTC",183,143,"SNOWFIELD_NA_183_OTC_EMPNIG",145
"TOOLIK","TOOLIK.USTOOLIKSNOWFIELD.JW",1998,"OTC",183,143,"SNOWFIELD_NA_183_OTC_ANDPOL",145
"TOOLIK","TOOLIK.USTOOLIKSNOWFIELD.JW",1998,"OTC",183,143,"SNOWFIELD_NA_183_OTC_RUBCHA",145
"TOOLIK","TOOLIK.USTOOLIKSNOWFIELD.JW",1998,"OTC",183,143,"SNOWFIELD_NA_183_OTC_BISPLU",145
"TOOLIK","TOOLIK.USTOOLIKSNOWFIELD.JW",1998,"CTL",184,145,"SNOWFIELD_NA_184_CTL_ERIVAG",146
"TOOLIK","TOOLIK.USTOOLIKSNOWFIELD.JW",1998,"CTL",184,145,"SNOWFIELD_NA_184_CTL_CARBIG",146
"TOOLIK","TOOLIK.USTOOLIKSNOWFIELD.JW",1998,"CTL",184,145,"SNOWFIELD_NA_184_CTL_SALRET",146
"TOOLIK","TOOLIK.USTOOLIKSNOWFIELD.JW",1998,"CTL",184,145,"SNOWFIELD_NA_184_CTL_PYRGRA",146
"TOOLIK","TOOLIK.USTOOLIKSNOWFIELD.JW",1998,"CTL",184,145,"SNOWFIELD_NA_184_CTL_LEDDEC",146
"TOOLIK","TOOLIK.USTOOLIKSNOWFIELD.JW",1998,"CTL",184,145,"SNOWFIELD_NA_184_CTL_VACVIT",146
"TOOLIK","TOOLIK.USTOOLIKSNOWFIELD.JW",1998,"CTL",184,145,"SNOWFIELD_NA_184_CTL_CASTET",146
"TOOLIK","TOOLIK.USTOOLIKSNOWFIELD.JW",1998,"CTL",184,145,"SNOWFIELD_NA_184_CTL_EMPNIG",146
"TOOLIK","TOOLIK.USTOOLIKSNOWFIELD.JW",1998,"CTL",184,145,"SNOWFIELD_NA_184_CTL_ANDPOL",146
"TOOLIK","TOOLIK.USTOOLIKSNOWFIELD.JW",1998,"CTL",184,145,"SNOWFIELD_NA_184_CTL_RUBCHA",146
"TOOLIK","TOOLIK.USTOOLIKSNOWFIELD.JW",1998,"CTL",184,145,"SNOWFIELD_NA_184_CTL_BISPLU",146
"TOOLIK","TOOLIK.USTOOLIKSNOWFIELD.JW",1998,"OTC",185,NA,"SNOWFIELD_NA_185_OTC_ERIVAG",143
"TOOLIK","TOOLIK.USTOOLIKSNOWFIELD.JW",1998,"OTC",185,NA,"SNOWFIELD_NA_185_OTC_CARBIG",143
"TOOLIK","TOOLIK.USTOOLIKSNOWFIELD.JW",1998,"OTC",185,NA,"SNOWFIELD_NA_185_OTC_SALRET",143
"TOOLIK","TOOLIK.USTOOLIKSNOWFIELD.JW",1998,"OTC",185,NA,"SNOWFIELD_NA_185_OTC_PYRGRA",143
"TOOLIK","TOOLIK.USTOOLIKSNOWFIELD.JW",1998,"OTC",185,NA,"SNOWFIELD_NA_185_OTC_LEDDEC",143
"TOOLIK","TOOLIK.USTOOLIKSNOWFIELD.JW",1998,"OTC",185,NA,"SNOWFIELD_NA_185_OTC_VACVIT",143
"TOOLIK","TOOLIK.USTOOLIKSNOWFIELD.JW",1998,"OTC",185,NA,"SNOWFIELD_NA_185_OTC_CASTET",143
"TOOLIK","TOOLIK.USTOOLIKSNOWFIELD.JW",1998,"OTC",185,NA,"SNOWFIELD_NA_185_OTC_ANDPOL",143
"TOOLIK","TOOLIK.USTOOLIKSNOWFIELD.JW",1998,"OTC",185,NA,"SNOWFIELD_NA_185_OTC_RUBCHA",143
"TOOLIK","TOOLIK.USTOOLIKSNOWFIELD.JW",1998,"OTC",185,NA,"SNOWFIELD_NA_185_OTC_BISPLU",143
"TOOLIK","TOOLIK.USTOOLIKSNOWFIELD.JW",1998,"CTL",186,143,"SNOWFIELD_NA_186_CTL_ERIVAG",145
"TOOLIK","TOOLIK.USTOOLIKSNOWFIELD.JW",1998,"CTL",186,143,"SNOWFIELD_NA_186_CTL_CARBIG",145
"TOOLIK","TOOLIK.USTOOLIKSNOWFIELD.JW",1998,"CTL",186,143,"SNOWFIELD_NA_186_CTL_SALRET",145
"TOOLIK","TOOLIK.USTOOLIKSNOWFIELD.JW",1998,"CTL",186,143,"SNOWFIELD_NA_186_CTL_PYRGRA",145
"TOOLIK","TOOLIK.USTOOLIKSNOWFIELD.JW",1998,"CTL",186,143,"SNOWFIELD_NA_186_CTL_LEDDEC",145
"TOOLIK","TOOLIK.USTOOLIKSNOWFIELD.JW",1998,"CTL",186,143,"SNOWFIELD_NA_186_CTL_VACVIT",145
"TOOLIK","TOOLIK.USTOOLIKSNOWFIELD.JW",1998,"CTL",186,143,"SNOWFIELD_NA_186_CTL_CASTET",145
"TOOLIK","TOOLIK.USTOOLIKSNOWFIELD.JW",1998,"CTL",186,143,"SNOWFIELD_NA_186_CTL_ANDPOL",145
"TOOLIK","TOOLIK.USTOOLIKSNOWFIELD.JW",1998,"CTL",186,143,"SNOWFIELD_NA_186_CTL_RUBCHA",145
"TOOLIK","TOOLIK.USTOOLIKSNOWFIELD.JW",1998,"CTL",186,143,"SNOWFIELD_NA_186_CTL_BISPLU",145
"TOOLIK","TOOLIK.USTOOLIKSNOWFIELD.JW",1998,"OTC",187,145,"SNOWFIELD_NA_187_OTC_ERIVAG",146
"TOOLIK","TOOLIK.USTOOLIKSNOWFIELD.JW",1998,"OTC",187,145,"SNOWFIELD_NA_187_OTC_CARBIG",146
"TOOLIK","TOOLIK.USTOOLIKSNOWFIELD.JW",1998,"OTC",187,145,"SNOWFIELD_NA_187_OTC_SALRET",146
"TOOLIK","TOOLIK.USTOOLIKSNOWFIELD.JW",1998,"OTC",187,145,"SNOWFIELD_NA_187_OTC_PYRGRA",146
"TOOLIK","TOOLIK.USTOOLIKSNOWFIELD.JW",1998,"OTC",187,145,"SNOWFIELD_NA_187_OTC_LEDDEC",146
"TOOLIK","TOOLIK.USTOOLIKSNOWFIELD.JW",1998,"OTC",187,145,"SNOWFIELD_NA_187_OTC_VACVIT",146
"TOOLIK","TOOLIK.USTOOLIKSNOWFIELD.JW",1998,"OTC",187,145,"SNOWFIELD_NA_187_OTC_CASTET",146
"TOOLIK","TOOLIK.USTOOLIKSNOWFIELD.JW",1998,"OTC",187,145,"SNOWFIELD_NA_187_OTC_ANDPOL",146
"TOOLIK","TOOLIK.USTOOLIKSNOWFIELD.JW",1998,"OTC",187,145,"SNOWFIELD_NA_187_OTC_RUBCHA",146
"TOOLIK","TOOLIK.USTOOLIKSNOWFIELD.JW",1998,"OTC",187,145,"SNOWFIELD_NA_187_OTC_BISPLU",146
"TOOLIK","TOOLIK.USTOOLIKSNOWFIELD.JW",1998,"CTL",188,143,"SNOWFIELD_NA_188_CTL_ERIVAG",145
"TOOLIK","TOOLIK.USTOOLIKSNOWFIELD.JW",1998,"CTL",188,143,"SNOWFIELD_NA_188_CTL_CARBIG",145
"TOOLIK","TOOLIK.USTOOLIKSNOWFIELD.JW",1998,"CTL",188,143,"SNOWFIELD_NA_188_CTL_SALRET",145
"TOOLIK","TOOLIK.USTOOLIKSNOWFIELD.JW",1998,"CTL",188,143,"SNOWFIELD_NA_188_CTL_PYRGRA",145
"TOOLIK","TOOLIK.USTOOLIKSNOWFIELD.JW",1998,"CTL",188,143,"SNOWFIELD_NA_188_CTL_LEDDEC",145
"TOOLIK","TOOLIK.USTOOLIKSNOWFIELD.JW",1998,"CTL",188,143,"SNOWFIELD_NA_188_CTL_VACVIT",145
"TOOLIK","TOOLIK.USTOOLIKSNOWFIELD.JW",1998,"CTL",188,143,"SNOWFIELD_NA_188_CTL_CASTET",145
"TOOLIK","TOOLIK.USTOOLIKSNOWFIELD.JW",1998,"CTL",188,143,"SNOWFIELD_NA_188_CTL_ANDPOL",145
"TOOLIK","TOOLIK.USTOOLIKSNOWFIELD.JW",1998,"CTL",188,143,"SNOWFIELD_NA_188_CTL_RUBCHA",145
"TOOLIK","TOOLIK.USTOOLIKSNOWFIELD.JW",1998,"CTL",188,143,"SNOWFIELD_NA_188_CTL_BISPLU",145
"TOOLIK","TOOLIK.USTOOLIKSNOWFIELD.JW",1998,"CTL",189,145,"SNOWFIELD_NA_189_CTL_CARBIG",146
"TOOLIK","TOOLIK.USTOOLIKSNOWFIELD.JW",1998,"CTL",189,145,"SNOWFIELD_NA_189_CTL_SALRET",146
"TOOLIK","TOOLIK.USTOOLIKSNOWFIELD.JW",1998,"CTL",189,145,"SNOWFIELD_NA_189_CTL_PYRGRA",146
"TOOLIK","TOOLIK.USTOOLIKSNOWFIELD.JW",1998,"CTL",189,145,"SNOWFIELD_NA_189_CTL_LEDDEC",146
"TOOLIK","TOOLIK.USTOOLIKSNOWFIELD.JW",1998,"CTL",189,145,"SNOWFIELD_NA_189_CTL_VACVIT",146
"TOOLIK","TOOLIK.USTOOLIKSNOWFIELD.JW",1998,"CTL",189,145,"SNOWFIELD_NA_189_CTL_CASTET",146
"TOOLIK","TOOLIK.USTOOLIKSNOWFIELD.JW",1998,"CTL",189,145,"SNOWFIELD_NA_189_CTL_ANDPOL",146
"TOOLIK","TOOLIK.USTOOLIKSNOWFIELD.JW",1998,"CTL",189,145,"SNOWFIELD_NA_189_CTL_RUBCHA",146
"TOOLIK","TOOLIK.USTOOLIKSNOWFIELD.JW",1998,"CTL",189,145,"SNOWFIELD_NA_189_CTL_BISPLU",146
"TOOLIK","TOOLIK.USTOOLIKSNOWFIELD.JW",1998,"OTC",190,143,"SNOWFIELD_NA_190_OTC_CARBIG",145
"TOOLIK","TOOLIK.USTOOLIKSNOWFIELD.JW",1998,"OTC",190,143,"SNOWFIELD_NA_190_OTC_SALRET",145
"TOOLIK","TOOLIK.USTOOLIKSNOWFIELD.JW",1998,"OTC",190,143,"SNOWFIELD_NA_190_OTC_PYRGRA",145
"TOOLIK","TOOLIK.USTOOLIKSNOWFIELD.JW",1998,"OTC",190,143,"SNOWFIELD_NA_190_OTC_LEDDEC",145
"TOOLIK","TOOLIK.USTOOLIKSNOWFIELD.JW",1998,"OTC",190,143,"SNOWFIELD_NA_190_OTC_VACVIT",145
"TOOLIK","TOOLIK.USTOOLIKSNOWFIELD.JW",1998,"OTC",190,143,"SNOWFIELD_NA_190_OTC_CASTET",145
"TOOLIK","TOOLIK.USTOOLIKSNOWFIELD.JW",1998,"OTC",190,143,"SNOWFIELD_NA_190_OTC_EMPNIG",145
"TOOLIK","TOOLIK.USTOOLIKSNOWFIELD.JW",1998,"OTC",190,143,"SNOWFIELD_NA_190_OTC_ANDPOL",145
"TOOLIK","TOOLIK.USTOOLIKSNOWFIELD.JW",1998,"OTC",190,143,"SNOWFIELD_NA_190_OTC_RUBCHA",145
"TOOLIK","TOOLIK.USTOOLIKSNOWFIELD.JW",1998,"OTC",190,143,"SNOWFIELD_NA_190_OTC_BISPLU",145
"TOOLIK","TOOLIK.USTOOLIKSNOWFIELD.JW",1998,"OTC",191,145,"SNOWFIELD_NA_191_OTC_CARBIG",146
"TOOLIK","TOOLIK.USTOOLIKSNOWFIELD.JW",1998,"OTC",191,145,"SNOWFIELD_NA_191_OTC_SALRET",146
"TOOLIK","TOOLIK.USTOOLIKSNOWFIELD.JW",1998,"OTC",191,145,"SNOWFIELD_NA_191_OTC_PYRGRA",146
"TOOLIK","TOOLIK.USTOOLIKSNOWFIELD.JW",1998,"OTC",191,145,"SNOWFIELD_NA_191_OTC_LEDDEC",146
"TOOLIK","TOOLIK.USTOOLIKSNOWFIELD.JW",1998,"OTC",191,145,"SNOWFIELD_NA_191_OTC_VACVIT",146
"TOOLIK","TOOLIK.USTOOLIKSNOWFIELD.JW",1998,"OTC",191,145,"SNOWFIELD_NA_191_OTC_CASTET",146
"TOOLIK","TOOLIK.USTOOLIKSNOWFIELD.JW",1998,"OTC",191,145,"SNOWFIELD_NA_191_OTC_EMPNIG",146
"TOOLIK","TOOLIK.USTOOLIKSNOWFIELD.JW",1998,"OTC",191,145,"SNOWFIELD_NA_191_OTC_RUBCHA",146
"TOOLIK","TOOLIK.USTOOLIKSNOWFIELD.JW",1998,"OTC",191,145,"SNOWFIELD_NA_191_OTC_BISPLU",146
"TOOLIK","TOOLIK.USTOOLIKSNOWFIELD.JW",1999,"CTL",182,NA,"SNOWFIELD_NA_182_CTL_ANDPOL",155
"TOOLIK","TOOLIK.USTOOLIKSNOWFIELD.JW",1999,"CTL",182,NA,"SNOWFIELD_NA_182_CTL_BISPLU",155
"TOOLIK","TOOLIK.USTOOLIKSNOWFIELD.JW",1999,"CTL",182,NA,"SNOWFIELD_NA_182_CTL_CARBIG",155
"TOOLIK","TOOLIK.USTOOLIKSNOWFIELD.JW",1999,"CTL",182,NA,"SNOWFIELD_NA_182_CTL_CASTET",155
"TOOLIK","TOOLIK.USTOOLIKSNOWFIELD.JW",1999,"CTL",182,NA,"SNOWFIELD_NA_182_CTL_EMPNIG",155
"TOOLIK","TOOLIK.USTOOLIKSNOWFIELD.JW",1999,"CTL",182,NA,"SNOWFIELD_NA_182_CTL_ERIVAG",155
"TOOLIK","TOOLIK.USTOOLIKSNOWFIELD.JW",1999,"CTL",182,NA,"SNOWFIELD_NA_182_CTL_LEDDEC",155
"TOOLIK","TOOLIK.USTOOLIKSNOWFIELD.JW",1999,"CTL",182,NA,"SNOWFIELD_NA_182_CTL_PYRGRA",155
"TOOLIK","TOOLIK.USTOOLIKSNOWFIELD.JW",1999,"CTL",182,NA,"SNOWFIELD_NA_182_CTL_SALRET",155
"TOOLIK","TOOLIK.USTOOLIKSNOWFIELD.JW",1999,"CTL",182,NA,"SNOWFIELD_NA_182_CTL_VACVIT",155
"TOOLIK","TOOLIK.USTOOLIKSNOWFIELD.JW",1999,"OTC",183,NA,"SNOWFIELD_NA_183_OTC_ANDPOL",155
"TOOLIK","TOOLIK.USTOOLIKSNOWFIELD.JW",1999,"OTC",183,NA,"SNOWFIELD_NA_183_OTC_BISPLU",155
"TOOLIK","TOOLIK.USTOOLIKSNOWFIELD.JW",1999,"OTC",183,NA,"SNOWFIELD_NA_183_OTC_CARBIG",155
"TOOLIK","TOOLIK.USTOOLIKSNOWFIELD.JW",1999,"OTC",183,NA,"SNOWFIELD_NA_183_OTC_CASTET",155
"TOOLIK","TOOLIK.USTOOLIKSNOWFIELD.JW",1999,"OTC",183,NA,"SNOWFIELD_NA_183_OTC_EMPNIG",155
"TOOLIK","TOOLIK.USTOOLIKSNOWFIELD.JW",1999,"OTC",183,NA,"SNOWFIELD_NA_183_OTC_ERIVAG",155
"TOOLIK","TOOLIK.USTOOLIKSNOWFIELD.JW",1999,"OTC",183,NA,"SNOWFIELD_NA_183_OTC_LEDDEC",155
"TOOLIK","TOOLIK.USTOOLIKSNOWFIELD.JW",1999,"OTC",183,NA,"SNOWFIELD_NA_183_OTC_PYRGRA",155
"TOOLIK","TOOLIK.USTOOLIKSNOWFIELD.JW",1999,"OTC",183,NA,"SNOWFIELD_NA_183_OTC_RUBCHA",155
"TOOLIK","TOOLIK.USTOOLIKSNOWFIELD.JW",1999,"OTC",183,NA,"SNOWFIELD_NA_183_OTC_SALRET",155
"TOOLIK","TOOLIK.USTOOLIKSNOWFIELD.JW",1999,"OTC",183,NA,"SNOWFIELD_NA_183_OTC_VACVIT",155
"TOOLIK","TOOLIK.USTOOLIKSNOWFIELD.JW",1999,"CTL",184,NA,"SNOWFIELD_NA_184_CTL_ANDPOL",155
"TOOLIK","TOOLIK.USTOOLIKSNOWFIELD.JW",1999,"CTL",184,NA,"SNOWFIELD_NA_184_CTL_BISPLU",155
"TOOLIK","TOOLIK.USTOOLIKSNOWFIELD.JW",1999,"CTL",184,NA,"SNOWFIELD_NA_184_CTL_CARBIG",155
"TOOLIK","TOOLIK.USTOOLIKSNOWFIELD.JW",1999,"CTL",184,NA,"SNOWFIELD_NA_184_CTL_CASTET",155
"TOOLIK","TOOLIK.USTOOLIKSNOWFIELD.JW",1999,"CTL",184,NA,"SNOWFIELD_NA_184_CTL_EMPNIG",155
"TOOLIK","TOOLIK.USTOOLIKSNOWFIELD.JW",1999,"CTL",184,NA,"SNOWFIELD_NA_184_CTL_ERIVAG",155
"TOOLIK","TOOLIK.USTOOLIKSNOWFIELD.JW",1999,"CTL",184,NA,"SNOWFIELD_NA_184_CTL_LEDDEC",155
"TOOLIK","TOOLIK.USTOOLIKSNOWFIELD.JW",1999,"CTL",184,NA,"SNOWFIELD_NA_184_CTL_PYRGRA",155
"TOOLIK","TOOLIK.USTOOLIKSNOWFIELD.JW",1999,"CTL",184,NA,"SNOWFIELD_NA_184_CTL_RUBCHA",155
"TOOLIK","TOOLIK.USTOOLIKSNOWFIELD.JW",1999,"CTL",184,NA,"SNOWFIELD_NA_184_CTL_SALRET",155
"TOOLIK","TOOLIK.USTOOLIKSNOWFIELD.JW",1999,"CTL",184,NA,"SNOWFIELD_NA_184_CTL_VACVIT",155
"TOOLIK","TOOLIK.USTOOLIKSNOWFIELD.JW",1999,"OTC",185,NA,"SNOWFIELD_NA_185_OTC_ANDPOL",155
"TOOLIK","TOOLIK.USTOOLIKSNOWFIELD.JW",1999,"OTC",185,NA,"SNOWFIELD_NA_185_OTC_BISPLU",155
"TOOLIK","TOOLIK.USTOOLIKSNOWFIELD.JW",1999,"OTC",185,NA,"SNOWFIELD_NA_185_OTC_CARBIG",155
"TOOLIK","TOOLIK.USTOOLIKSNOWFIELD.JW",1999,"OTC",185,NA,"SNOWFIELD_NA_185_OTC_CASTET",155
"TOOLIK","TOOLIK.USTOOLIKSNOWFIELD.JW",1999,"OTC",185,NA,"SNOWFIELD_NA_185_OTC_ERIVAG",155
"TOOLIK","TOOLIK.USTOOLIKSNOWFIELD.JW",1999,"OTC",185,NA,"SNOWFIELD_NA_185_OTC_LEDDEC",155
"TOOLIK","TOOLIK.USTOOLIKSNOWFIELD.JW",1999,"OTC",185,NA,"SNOWFIELD_NA_185_OTC_PYRGRA",155
"TOOLIK","TOOLIK.USTOOLIKSNOWFIELD.JW",1999,"OTC",185,NA,"SNOWFIELD_NA_185_OTC_RUBCHA",155
"TOOLIK","TOOLIK.USTOOLIKSNOWFIELD.JW",1999,"OTC",185,NA,"SNOWFIELD_NA_185_OTC_SALRET",155
"TOOLIK","TOOLIK.USTOOLIKSNOWFIELD.JW",1999,"OTC",185,NA,"SNOWFIELD_NA_185_OTC_VACVIT",155
"TOOLIK","TOOLIK.USTOOLIKSNOWFIELD.JW",1999,"CTL",186,NA,"SNOWFIELD_NA_186_CTL_ANDPOL",155
"TOOLIK","TOOLIK.USTOOLIKSNOWFIELD.JW",1999,"CTL",186,NA,"SNOWFIELD_NA_186_CTL_BISPLU",155
"TOOLIK","TOOLIK.USTOOLIKSNOWFIELD.JW",1999,"CTL",186,NA,"SNOWFIELD_NA_186_CTL_CARBIG",155
"TOOLIK","TOOLIK.USTOOLIKSNOWFIELD.JW",1999,"CTL",186,NA,"SNOWFIELD_NA_186_CTL_CASTET",155
"TOOLIK","TOOLIK.USTOOLIKSNOWFIELD.JW",1999,"CTL",186,NA,"SNOWFIELD_NA_186_CTL_ERIVAG",155
"TOOLIK","TOOLIK.USTOOLIKSNOWFIELD.JW",1999,"CTL",186,NA,"SNOWFIELD_NA_186_CTL_LEDDEC",155
"TOOLIK","TOOLIK.USTOOLIKSNOWFIELD.JW",1999,"CTL",186,NA,"SNOWFIELD_NA_186_CTL_PYRGRA",155
"TOOLIK","TOOLIK.USTOOLIKSNOWFIELD.JW",1999,"CTL",186,NA,"SNOWFIELD_NA_186_CTL_RUBCHA",155
"TOOLIK","TOOLIK.USTOOLIKSNOWFIELD.JW",1999,"CTL",186,NA,"SNOWFIELD_NA_186_CTL_SALRET",155
"TOOLIK","TOOLIK.USTOOLIKSNOWFIELD.JW",1999,"CTL",186,NA,"SNOWFIELD_NA_186_CTL_VACVIT",155
"TOOLIK","TOOLIK.USTOOLIKSNOWFIELD.JW",1999,"OTC",187,NA,"SNOWFIELD_NA_187_OTC_ANDPOL",155
"TOOLIK","TOOLIK.USTOOLIKSNOWFIELD.JW",1999,"OTC",187,NA,"SNOWFIELD_NA_187_OTC_BISPLU",155
"TOOLIK","TOOLIK.USTOOLIKSNOWFIELD.JW",1999,"OTC",187,NA,"SNOWFIELD_NA_187_OTC_CARBIG",155
"TOOLIK","TOOLIK.USTOOLIKSNOWFIELD.JW",1999,"OTC",187,NA,"SNOWFIELD_NA_187_OTC_CASTET",155
"TOOLIK","TOOLIK.USTOOLIKSNOWFIELD.JW",1999,"OTC",187,NA,"SNOWFIELD_NA_187_OTC_ERIVAG",155
"TOOLIK","TOOLIK.USTOOLIKSNOWFIELD.JW",1999,"OTC",187,NA,"SNOWFIELD_NA_187_OTC_LEDDEC",155
"TOOLIK","TOOLIK.USTOOLIKSNOWFIELD.JW",1999,"OTC",187,NA,"SNOWFIELD_NA_187_OTC_PYRGRA",155
"TOOLIK","TOOLIK.USTOOLIKSNOWFIELD.JW",1999,"OTC",187,NA,"SNOWFIELD_NA_187_OTC_RUBCHA",155
"TOOLIK","TOOLIK.USTOOLIKSNOWFIELD.JW",1999,"OTC",187,NA,"SNOWFIELD_NA_187_OTC_SALRET",155
"TOOLIK","TOOLIK.USTOOLIKSNOWFIELD.JW",1999,"OTC",187,NA,"SNOWFIELD_NA_187_OTC_VACVIT",155
"TOOLIK","TOOLIK.USTOOLIKSNOWFIELD.JW",1999,"CTL",188,NA,"SNOWFIELD_NA_188_CTL_ANDPOL",155
"TOOLIK","TOOLIK.USTOOLIKSNOWFIELD.JW",1999,"CTL",188,NA,"SNOWFIELD_NA_188_CTL_BISPLU",155
"TOOLIK","TOOLIK.USTOOLIKSNOWFIELD.JW",1999,"CTL",188,NA,"SNOWFIELD_NA_188_CTL_CARBIG",155
"TOOLIK","TOOLIK.USTOOLIKSNOWFIELD.JW",1999,"CTL",188,NA,"SNOWFIELD_NA_188_CTL_CASTET",155
"TOOLIK","TOOLIK.USTOOLIKSNOWFIELD.JW",1999,"CTL",188,NA,"SNOWFIELD_NA_188_CTL_ERIVAG",155
"TOOLIK","TOOLIK.USTOOLIKSNOWFIELD.JW",1999,"CTL",188,NA,"SNOWFIELD_NA_188_CTL_LEDDEC",155
"TOOLIK","TOOLIK.USTOOLIKSNOWFIELD.JW",1999,"CTL",188,NA,"SNOWFIELD_NA_188_CTL_PYRGRA",155
"TOOLIK","TOOLIK.USTOOLIKSNOWFIELD.JW",1999,"CTL",188,NA,"SNOWFIELD_NA_188_CTL_RUBCHA",155
"TOOLIK","TOOLIK.USTOOLIKSNOWFIELD.JW",1999,"CTL",188,NA,"SNOWFIELD_NA_188_CTL_SALRET",155
"TOOLIK","TOOLIK.USTOOLIKSNOWFIELD.JW",1999,"CTL",188,NA,"SNOWFIELD_NA_188_CTL_VACVIT",155
"TOOLIK","TOOLIK.USTOOLIKSNOWFIELD.JW",1999,"CTL",189,NA,"SNOWFIELD_NA_189_CTL_ANDPOL",155
"TOOLIK","TOOLIK.USTOOLIKSNOWFIELD.JW",1999,"CTL",189,NA,"SNOWFIELD_NA_189_CTL_BISPLU",155
"TOOLIK","TOOLIK.USTOOLIKSNOWFIELD.JW",1999,"CTL",189,NA,"SNOWFIELD_NA_189_CTL_CARBIG",155
"TOOLIK","TOOLIK.USTOOLIKSNOWFIELD.JW",1999,"CTL",189,NA,"SNOWFIELD_NA_189_CTL_CASTET",155
"TOOLIK","TOOLIK.USTOOLIKSNOWFIELD.JW",1999,"CTL",189,NA,"SNOWFIELD_NA_189_CTL_LEDDEC",155
"TOOLIK","TOOLIK.USTOOLIKSNOWFIELD.JW",1999,"CTL",189,NA,"SNOWFIELD_NA_189_CTL_PYRGRA",155
"TOOLIK","TOOLIK.USTOOLIKSNOWFIELD.JW",1999,"CTL",189,NA,"SNOWFIELD_NA_189_CTL_RUBCHA",155
"TOOLIK","TOOLIK.USTOOLIKSNOWFIELD.JW",1999,"CTL",189,NA,"SNOWFIELD_NA_189_CTL_SALRET",155
"TOOLIK","TOOLIK.USTOOLIKSNOWFIELD.JW",1999,"CTL",189,NA,"SNOWFIELD_NA_189_CTL_VACVIT",155
"TOOLIK","TOOLIK.USTOOLIKSNOWFIELD.JW",1999,"OTC",190,NA,"SNOWFIELD_NA_190_OTC_ANDPOL",155
"TOOLIK","TOOLIK.USTOOLIKSNOWFIELD.JW",1999,"OTC",190,NA,"SNOWFIELD_NA_190_OTC_BISPLU",155
"TOOLIK","TOOLIK.USTOOLIKSNOWFIELD.JW",1999,"OTC",190,NA,"SNOWFIELD_NA_190_OTC_CARBIG",155
"TOOLIK","TOOLIK.USTOOLIKSNOWFIELD.JW",1999,"OTC",190,NA,"SNOWFIELD_NA_190_OTC_CASTET",155
"TOOLIK","TOOLIK.USTOOLIKSNOWFIELD.JW",1999,"OTC",190,NA,"SNOWFIELD_NA_190_OTC_EMPNIG",155
"TOOLIK","TOOLIK.USTOOLIKSNOWFIELD.JW",1999,"OTC",190,NA,"SNOWFIELD_NA_190_OTC_LEDDEC",155
"TOOLIK","TOOLIK.USTOOLIKSNOWFIELD.JW",1999,"OTC",190,NA,"SNOWFIELD_NA_190_OTC_PYRGRA",155
"TOOLIK","TOOLIK.USTOOLIKSNOWFIELD.JW",1999,"OTC",190,NA,"SNOWFIELD_NA_190_OTC_RUBCHA",155
"TOOLIK","TOOLIK.USTOOLIKSNOWFIELD.JW",1999,"OTC",190,NA,"SNOWFIELD_NA_190_OTC_SALRET",155
"TOOLIK","TOOLIK.USTOOLIKSNOWFIELD.JW",1999,"OTC",190,NA,"SNOWFIELD_NA_190_OTC_VACVIT",155
"TOOLIK","TOOLIK.USTOOLIKSNOWFIELD.JW",1999,"OTC",191,NA,"SNOWFIELD_NA_191_OTC_ANDPOL",155
"TOOLIK","TOOLIK.USTOOLIKSNOWFIELD.JW",1999,"OTC",191,NA,"SNOWFIELD_NA_191_OTC_BISPLU",155
"TOOLIK","TOOLIK.USTOOLIKSNOWFIELD.JW",1999,"OTC",191,NA,"SNOWFIELD_NA_191_OTC_CARBIG",155
"TOOLIK","TOOLIK.USTOOLIKSNOWFIELD.JW",1999,"OTC",191,NA,"SNOWFIELD_NA_191_OTC_CASTET",155
"TOOLIK","TOOLIK.USTOOLIKSNOWFIELD.JW",1999,"OTC",191,NA,"SNOWFIELD_NA_191_OTC_EMPNIG",155
"TOOLIK","TOOLIK.USTOOLIKSNOWFIELD.JW",1999,"OTC",191,NA,"SNOWFIELD_NA_191_OTC_ERIVAG",155
"TOOLIK","TOOLIK.USTOOLIKSNOWFIELD.JW",1999,"OTC",191,NA,"SNOWFIELD_NA_191_OTC_LEDDEC",155
"TOOLIK","TOOLIK.USTOOLIKSNOWFIELD.JW",1999,"OTC",191,NA,"SNOWFIELD_NA_191_OTC_RUBCHA",155
"TOOLIK","TOOLIK.USTOOLIKSNOWFIELD.JW",1999,"OTC",191,NA,"SNOWFIELD_NA_191_OTC_SALRET",155
"TOOLIK","TOOLIK.USTOOLIKSNOWFIELD.JW",1999,"OTC",191,NA,"SNOWFIELD_NA_191_OTC_VACVIT",155
"TOOLIK","TOOLIK.USTOOLIKSNOWFIELD.JW",2000,"CTL",182,162,"SNOWFIELD_NA_182_CTL_ERIVAG",164
"TOOLIK","TOOLIK.USTOOLIKSNOWFIELD.JW",2000,"CTL",182,162,"SNOWFIELD_NA_182_CTL_CARBIG",164
"TOOLIK","TOOLIK.USTOOLIKSNOWFIELD.JW",2000,"CTL",182,162,"SNOWFIELD_NA_182_CTL_SALRET",164
"TOOLIK","TOOLIK.USTOOLIKSNOWFIELD.JW",2000,"CTL",182,162,"SNOWFIELD_NA_182_CTL_PYRGRA",164
"TOOLIK","TOOLIK.USTOOLIKSNOWFIELD.JW",2000,"CTL",182,162,"SNOWFIELD_NA_182_CTL_LEDDEC",164
"TOOLIK","TOOLIK.USTOOLIKSNOWFIELD.JW",2000,"CTL",182,162,"SNOWFIELD_NA_182_CTL_VACVIT",164
"TOOLIK","TOOLIK.USTOOLIKSNOWFIELD.JW",2000,"CTL",182,162,"SNOWFIELD_NA_182_CTL_CASTET",164
"TOOLIK","TOOLIK.USTOOLIKSNOWFIELD.JW",2000,"CTL",182,162,"SNOWFIELD_NA_182_CTL_EMPNIG",164
"TOOLIK","TOOLIK.USTOOLIKSNOWFIELD.JW",2000,"CTL",182,162,"SNOWFIELD_NA_182_CTL_ANDPOL",164
"TOOLIK","TOOLIK.USTOOLIKSNOWFIELD.JW",2000,"CTL",182,162,"SNOWFIELD_NA_182_CTL_BISPLU",164
"TOOLIK","TOOLIK.USTOOLIKSNOWFIELD.JW",2000,"OTC",183,162,"SNOWFIELD_NA_183_OTC_ERIVAG",164
"TOOLIK","TOOLIK.USTOOLIKSNOWFIELD.JW",2000,"OTC",183,162,"SNOWFIELD_NA_183_OTC_CARBIG",164
"TOOLIK","TOOLIK.USTOOLIKSNOWFIELD.JW",2000,"OTC",183,162,"SNOWFIELD_NA_183_OTC_SALRET",164
"TOOLIK","TOOLIK.USTOOLIKSNOWFIELD.JW",2000,"OTC",183,162,"SNOWFIELD_NA_183_OTC_PYRGRA",164
"TOOLIK","TOOLIK.USTOOLIKSNOWFIELD.JW",2000,"OTC",183,162,"SNOWFIELD_NA_183_OTC_LEDDEC",164
"TOOLIK","TOOLIK.USTOOLIKSNOWFIELD.JW",2000,"OTC",183,162,"SNOWFIELD_NA_183_OTC_VACVIT",164
"TOOLIK","TOOLIK.USTOOLIKSNOWFIELD.JW",2000,"OTC",183,162,"SNOWFIELD_NA_183_OTC_CASTET",164
"TOOLIK","TOOLIK.USTOOLIKSNOWFIELD.JW",2000,"OTC",183,162,"SNOWFIELD_NA_183_OTC_EMPNIG",164
"TOOLIK","TOOLIK.USTOOLIKSNOWFIELD.JW",2000,"OTC",183,162,"SNOWFIELD_NA_183_OTC_ANDPOL",164
"TOOLIK","TOOLIK.USTOOLIKSNOWFIELD.JW",2000,"OTC",183,162,"SNOWFIELD_NA_183_OTC_RUBCHA",164
"TOOLIK","TOOLIK.USTOOLIKSNOWFIELD.JW",2000,"OTC",183,162,"SNOWFIELD_NA_183_OTC_BISPLU",164
"TOOLIK","TOOLIK.USTOOLIKSNOWFIELD.JW",2000,"CTL",184,162,"SNOWFIELD_NA_184_CTL_ERIVAG",164
"TOOLIK","TOOLIK.USTOOLIKSNOWFIELD.JW",2000,"CTL",184,162,"SNOWFIELD_NA_184_CTL_CARBIG",164
"TOOLIK","TOOLIK.USTOOLIKSNOWFIELD.JW",2000,"CTL",184,162,"SNOWFIELD_NA_184_CTL_SALRET",164
"TOOLIK","TOOLIK.USTOOLIKSNOWFIELD.JW",2000,"CTL",184,162,"SNOWFIELD_NA_184_CTL_PYRGRA",164
"TOOLIK","TOOLIK.USTOOLIKSNOWFIELD.JW",2000,"CTL",184,162,"SNOWFIELD_NA_184_CTL_LEDDEC",164
"TOOLIK","TOOLIK.USTOOLIKSNOWFIELD.JW",2000,"CTL",184,162,"SNOWFIELD_NA_184_CTL_VACVIT",164
"TOOLIK","TOOLIK.USTOOLIKSNOWFIELD.JW",2000,"CTL",184,162,"SNOWFIELD_NA_184_CTL_CASTET",164
"TOOLIK","TOOLIK.USTOOLIKSNOWFIELD.JW",2000,"CTL",184,162,"SNOWFIELD_NA_184_CTL_EMPNIG",164
"TOOLIK","TOOLIK.USTOOLIKSNOWFIELD.JW",2000,"CTL",184,162,"SNOWFIELD_NA_184_CTL_ANDPOL",164
"TOOLIK","TOOLIK.USTOOLIKSNOWFIELD.JW",2000,"CTL",184,162,"SNOWFIELD_NA_184_CTL_RUBCHA",164
"TOOLIK","TOOLIK.USTOOLIKSNOWFIELD.JW",2000,"CTL",184,162,"SNOWFIELD_NA_184_CTL_POLVIV",164
"TOOLIK","TOOLIK.USTOOLIKSNOWFIELD.JW",2000,"OTC",185,162,"SNOWFIELD_NA_185_OTC_ERIVAG",164
"TOOLIK","TOOLIK.USTOOLIKSNOWFIELD.JW",2000,"OTC",185,162,"SNOWFIELD_NA_185_OTC_CARBIG",164
"TOOLIK","TOOLIK.USTOOLIKSNOWFIELD.JW",2000,"OTC",185,162,"SNOWFIELD_NA_185_OTC_SALRET",164
"TOOLIK","TOOLIK.USTOOLIKSNOWFIELD.JW",2000,"OTC",185,162,"SNOWFIELD_NA_185_OTC_PYRGRA",164
"TOOLIK","TOOLIK.USTOOLIKSNOWFIELD.JW",2000,"OTC",185,162,"SNOWFIELD_NA_185_OTC_LEDDEC",164
"TOOLIK","TOOLIK.USTOOLIKSNOWFIELD.JW",2000,"OTC",185,162,"SNOWFIELD_NA_185_OTC_VACVIT",164
"TOOLIK","TOOLIK.USTOOLIKSNOWFIELD.JW",2000,"OTC",185,162,"SNOWFIELD_NA_185_OTC_CASTET",164
"TOOLIK","TOOLIK.USTOOLIKSNOWFIELD.JW",2000,"OTC",185,162,"SNOWFIELD_NA_185_OTC_ANDPOL",164
"TOOLIK","TOOLIK.USTOOLIKSNOWFIELD.JW",2000,"OTC",185,162,"SNOWFIELD_NA_185_OTC_RUBCHA",164
"TOOLIK","TOOLIK.USTOOLIKSNOWFIELD.JW",2000,"OTC",185,162,"SNOWFIELD_NA_185_OTC_BISPLU",164
"TOOLIK","TOOLIK.USTOOLIKSNOWFIELD.JW",2000,"CTL",186,162,"SNOWFIELD_NA_186_CTL_ERIVAG",164
"TOOLIK","TOOLIK.USTOOLIKSNOWFIELD.JW",2000,"CTL",186,162,"SNOWFIELD_NA_186_CTL_CARBIG",164
"TOOLIK","TOOLIK.USTOOLIKSNOWFIELD.JW",2000,"CTL",186,162,"SNOWFIELD_NA_186_CTL_SALRET",164
"TOOLIK","TOOLIK.USTOOLIKSNOWFIELD.JW",2000,"CTL",186,162,"SNOWFIELD_NA_186_CTL_PYRGRA",164
"TOOLIK","TOOLIK.USTOOLIKSNOWFIELD.JW",2000,"CTL",186,162,"SNOWFIELD_NA_186_CTL_LEDDEC",164
"TOOLIK","TOOLIK.USTOOLIKSNOWFIELD.JW",2000,"CTL",186,162,"SNOWFIELD_NA_186_CTL_VACVIT",164
"TOOLIK","TOOLIK.USTOOLIKSNOWFIELD.JW",2000,"CTL",186,162,"SNOWFIELD_NA_186_CTL_CASTET",164
"TOOLIK","TOOLIK.USTOOLIKSNOWFIELD.JW",2000,"CTL",186,162,"SNOWFIELD_NA_186_CTL_ANDPOL",164
"TOOLIK","TOOLIK.USTOOLIKSNOWFIELD.JW",2000,"CTL",186,162,"SNOWFIELD_NA_186_CTL_RUBCHA",164
"TOOLIK","TOOLIK.USTOOLIKSNOWFIELD.JW",2000,"CTL",186,162,"SNOWFIELD_NA_186_CTL_BISPLU",164
"TOOLIK","TOOLIK.USTOOLIKSNOWFIELD.JW",2000,"OTC",187,162,"SNOWFIELD_NA_187_OTC_ERIVAG",164
"TOOLIK","TOOLIK.USTOOLIKSNOWFIELD.JW",2000,"OTC",187,162,"SNOWFIELD_NA_187_OTC_CARBIG",164
"TOOLIK","TOOLIK.USTOOLIKSNOWFIELD.JW",2000,"OTC",187,162,"SNOWFIELD_NA_187_OTC_SALRET",164
"TOOLIK","TOOLIK.USTOOLIKSNOWFIELD.JW",2000,"OTC",187,162,"SNOWFIELD_NA_187_OTC_PYRGRA",164
"TOOLIK","TOOLIK.USTOOLIKSNOWFIELD.JW",2000,"OTC",187,162,"SNOWFIELD_NA_187_OTC_LEDDEC",164
"TOOLIK","TOOLIK.USTOOLIKSNOWFIELD.JW",2000,"OTC",187,162,"SNOWFIELD_NA_187_OTC_VACVIT",164
"TOOLIK","TOOLIK.USTOOLIKSNOWFIELD.JW",2000,"OTC",187,162,"SNOWFIELD_NA_187_OTC_CASTET",164
"TOOLIK","TOOLIK.USTOOLIKSNOWFIELD.JW",2000,"OTC",187,162,"SNOWFIELD_NA_187_OTC_ANDPOL",164
"TOOLIK","TOOLIK.USTOOLIKSNOWFIELD.JW",2000,"OTC",187,162,"SNOWFIELD_NA_187_OTC_RUBCHA",164
"TOOLIK","TOOLIK.USTOOLIKSNOWFIELD.JW",2000,"OTC",187,162,"SNOWFIELD_NA_187_OTC_BISPLU",164
"TOOLIK","TOOLIK.USTOOLIKSNOWFIELD.JW",2000,"CTL",188,162,"SNOWFIELD_NA_188_CTL_ERIVAG",164
"TOOLIK","TOOLIK.USTOOLIKSNOWFIELD.JW",2000,"CTL",188,162,"SNOWFIELD_NA_188_CTL_CARBIG",164
"TOOLIK","TOOLIK.USTOOLIKSNOWFIELD.JW",2000,"CTL",188,162,"SNOWFIELD_NA_188_CTL_SALRET",164
"TOOLIK","TOOLIK.USTOOLIKSNOWFIELD.JW",2000,"CTL",188,162,"SNOWFIELD_NA_188_CTL_PYRGRA",164
"TOOLIK","TOOLIK.USTOOLIKSNOWFIELD.JW",2000,"CTL",188,162,"SNOWFIELD_NA_188_CTL_LEDDEC",164
"TOOLIK","TOOLIK.USTOOLIKSNOWFIELD.JW",2000,"CTL",188,162,"SNOWFIELD_NA_188_CTL_VACVIT",164
"TOOLIK","TOOLIK.USTOOLIKSNOWFIELD.JW",2000,"CTL",188,162,"SNOWFIELD_NA_188_CTL_CASTET",164
"TOOLIK","TOOLIK.USTOOLIKSNOWFIELD.JW",2000,"CTL",188,162,"SNOWFIELD_NA_188_CTL_ANDPOL",164
"TOOLIK","TOOLIK.USTOOLIKSNOWFIELD.JW",2000,"CTL",188,162,"SNOWFIELD_NA_188_CTL_RUBCHA",164
"TOOLIK","TOOLIK.USTOOLIKSNOWFIELD.JW",2000,"CTL",188,162,"SNOWFIELD_NA_188_CTL_POLVIV",164
"TOOLIK","TOOLIK.USTOOLIKSNOWFIELD.JW",2000,"CTL",189,162,"SNOWFIELD_NA_189_CTL_CARBIG",164
"TOOLIK","TOOLIK.USTOOLIKSNOWFIELD.JW",2000,"CTL",189,162,"SNOWFIELD_NA_189_CTL_SALRET",164
"TOOLIK","TOOLIK.USTOOLIKSNOWFIELD.JW",2000,"CTL",189,162,"SNOWFIELD_NA_189_CTL_PYRGRA",164
"TOOLIK","TOOLIK.USTOOLIKSNOWFIELD.JW",2000,"CTL",189,162,"SNOWFIELD_NA_189_CTL_LEDDEC",164
"TOOLIK","TOOLIK.USTOOLIKSNOWFIELD.JW",2000,"CTL",189,162,"SNOWFIELD_NA_189_CTL_VACVIT",164
"TOOLIK","TOOLIK.USTOOLIKSNOWFIELD.JW",2000,"CTL",189,162,"SNOWFIELD_NA_189_CTL_CASTET",164
"TOOLIK","TOOLIK.USTOOLIKSNOWFIELD.JW",2000,"CTL",189,162,"SNOWFIELD_NA_189_CTL_ANDPOL",164
"TOOLIK","TOOLIK.USTOOLIKSNOWFIELD.JW",2000,"CTL",189,162,"SNOWFIELD_NA_189_CTL_RUBCHA",164
"TOOLIK","TOOLIK.USTOOLIKSNOWFIELD.JW",2000,"CTL",189,162,"SNOWFIELD_NA_189_CTL_BISPLU",164
"TOOLIK","TOOLIK.USTOOLIKSNOWFIELD.JW",2000,"OTC",190,NA,"SNOWFIELD_NA_190_OTC_CARBIG",162
"TOOLIK","TOOLIK.USTOOLIKSNOWFIELD.JW",2000,"OTC",190,NA,"SNOWFIELD_NA_190_OTC_SALRET",162
"TOOLIK","TOOLIK.USTOOLIKSNOWFIELD.JW",2000,"OTC",190,NA,"SNOWFIELD_NA_190_OTC_PYRGRA",162
"TOOLIK","TOOLIK.USTOOLIKSNOWFIELD.JW",2000,"OTC",190,NA,"SNOWFIELD_NA_190_OTC_LEDDEC",162
"TOOLIK","TOOLIK.USTOOLIKSNOWFIELD.JW",2000,"OTC",190,NA,"SNOWFIELD_NA_190_OTC_VACVIT",162
"TOOLIK","TOOLIK.USTOOLIKSNOWFIELD.JW",2000,"OTC",190,NA,"SNOWFIELD_NA_190_OTC_CASTET",162
"TOOLIK","TOOLIK.USTOOLIKSNOWFIELD.JW",2000,"OTC",190,NA,"SNOWFIELD_NA_190_OTC_EMPNIG",162
"TOOLIK","TOOLIK.USTOOLIKSNOWFIELD.JW",2000,"OTC",190,NA,"SNOWFIELD_NA_190_OTC_ANDPOL",162
"TOOLIK","TOOLIK.USTOOLIKSNOWFIELD.JW",2000,"OTC",190,NA,"SNOWFIELD_NA_190_OTC_RUBCHA",162
"TOOLIK","TOOLIK.USTOOLIKSNOWFIELD.JW",2000,"OTC",190,NA,"SNOWFIELD_NA_190_OTC_BISPLU",162
"TOOLIK","TOOLIK.USTOOLIKSNOWFIELD.JW",2000,"OTC",191,164,"SNOWFIELD_NA_191_OTC_ERIVAG",166
"TOOLIK","TOOLIK.USTOOLIKSNOWFIELD.JW",2000,"OTC",191,164,"SNOWFIELD_NA_191_OTC_CARBIG",166
"TOOLIK","TOOLIK.USTOOLIKSNOWFIELD.JW",2000,"OTC",191,164,"SNOWFIELD_NA_191_OTC_SALRET",166
"TOOLIK","TOOLIK.USTOOLIKSNOWFIELD.JW",2000,"OTC",191,164,"SNOWFIELD_NA_191_OTC_PYRGRA",166
"TOOLIK","TOOLIK.USTOOLIKSNOWFIELD.JW",2000,"OTC",191,164,"SNOWFIELD_NA_191_OTC_LEDDEC",166
"TOOLIK","TOOLIK.USTOOLIKSNOWFIELD.JW",2000,"OTC",191,164,"SNOWFIELD_NA_191_OTC_VACVIT",166
"TOOLIK","TOOLIK.USTOOLIKSNOWFIELD.JW",2000,"OTC",191,164,"SNOWFIELD_NA_191_OTC_CASTET",166
"TOOLIK","TOOLIK.USTOOLIKSNOWFIELD.JW",2000,"OTC",191,164,"SNOWFIELD_NA_191_OTC_EMPNIG",166
"TOOLIK","TOOLIK.USTOOLIKSNOWFIELD.JW",2000,"OTC",191,164,"SNOWFIELD_NA_191_OTC_ANDPOL",166
"TOOLIK","TOOLIK.USTOOLIKSNOWFIELD.JW",2000,"OTC",191,164,"SNOWFIELD_NA_191_OTC_RUBCHA",166
"TOOLIK","TOOLIK.USTOOLIKSNOWFIELD.JW",2000,"OTC",191,164,"SNOWFIELD_NA_191_OTC_BISPLU",166
"TOOLIK","TOOLIK.USTOOLIKSNOWFIELD.JW",2001,"CTL",182,163,"SNOWFIELD_NA_182_CTL_ANDPOL",164
"TOOLIK","TOOLIK.USTOOLIKSNOWFIELD.JW",2001,"CTL",182,163,"SNOWFIELD_NA_182_CTL_BISPLU",164
"TOOLIK","TOOLIK.USTOOLIKSNOWFIELD.JW",2001,"CTL",182,163,"SNOWFIELD_NA_182_CTL_CARBIG",164
"TOOLIK","TOOLIK.USTOOLIKSNOWFIELD.JW",2001,"CTL",182,163,"SNOWFIELD_NA_182_CTL_CASTET",164
"TOOLIK","TOOLIK.USTOOLIKSNOWFIELD.JW",2001,"CTL",182,163,"SNOWFIELD_NA_182_CTL_EMPNIG",164
"TOOLIK","TOOLIK.USTOOLIKSNOWFIELD.JW",2001,"CTL",182,163,"SNOWFIELD_NA_182_CTL_ERIVAG",164
"TOOLIK","TOOLIK.USTOOLIKSNOWFIELD.JW",2001,"CTL",182,163,"SNOWFIELD_NA_182_CTL_LEDDEC",164
"TOOLIK","TOOLIK.USTOOLIKSNOWFIELD.JW",2001,"CTL",182,163,"SNOWFIELD_NA_182_CTL_PYRGRA",164
"TOOLIK","TOOLIK.USTOOLIKSNOWFIELD.JW",2001,"CTL",182,163,"SNOWFIELD_NA_182_CTL_SALRET",164
"TOOLIK","TOOLIK.USTOOLIKSNOWFIELD.JW",2001,"CTL",182,163,"SNOWFIELD_NA_182_CTL_VACVIT",164
"TOOLIK","TOOLIK.USTOOLIKSNOWFIELD.JW",2001,"OTC",183,162,"SNOWFIELD_NA_183_OTC_ANDPOL",163
"TOOLIK","TOOLIK.USTOOLIKSNOWFIELD.JW",2001,"OTC",183,162,"SNOWFIELD_NA_183_OTC_BISPLU",163
"TOOLIK","TOOLIK.USTOOLIKSNOWFIELD.JW",2001,"OTC",183,162,"SNOWFIELD_NA_183_OTC_CARBIG",163
"TOOLIK","TOOLIK.USTOOLIKSNOWFIELD.JW",2001,"OTC",183,162,"SNOWFIELD_NA_183_OTC_CASTET",163
"TOOLIK","TOOLIK.USTOOLIKSNOWFIELD.JW",2001,"OTC",183,162,"SNOWFIELD_NA_183_OTC_EMPNIG",163
"TOOLIK","TOOLIK.USTOOLIKSNOWFIELD.JW",2001,"OTC",183,162,"SNOWFIELD_NA_183_OTC_ERIVAG",163
"TOOLIK","TOOLIK.USTOOLIKSNOWFIELD.JW",2001,"OTC",183,162,"SNOWFIELD_NA_183_OTC_LEDDEC",163
"TOOLIK","TOOLIK.USTOOLIKSNOWFIELD.JW",2001,"OTC",183,162,"SNOWFIELD_NA_183_OTC_PYRGRA",163
"TOOLIK","TOOLIK.USTOOLIKSNOWFIELD.JW",2001,"OTC",183,162,"SNOWFIELD_NA_183_OTC_RUBCHA",163
"TOOLIK","TOOLIK.USTOOLIKSNOWFIELD.JW",2001,"OTC",183,162,"SNOWFIELD_NA_183_OTC_SALRET",163
"TOOLIK","TOOLIK.USTOOLIKSNOWFIELD.JW",2001,"OTC",183,162,"SNOWFIELD_NA_183_OTC_VACVIT",163
"TOOLIK","TOOLIK.USTOOLIKSNOWFIELD.JW",2001,"CTL",184,162,"SNOWFIELD_NA_184_CTL_ANDPOL",163
"TOOLIK","TOOLIK.USTOOLIKSNOWFIELD.JW",2001,"CTL",184,162,"SNOWFIELD_NA_184_CTL_CARBIG",163
"TOOLIK","TOOLIK.USTOOLIKSNOWFIELD.JW",2001,"CTL",184,162,"SNOWFIELD_NA_184_CTL_CASTET",163
"TOOLIK","TOOLIK.USTOOLIKSNOWFIELD.JW",2001,"CTL",184,162,"SNOWFIELD_NA_184_CTL_EMPNIG",163
"TOOLIK","TOOLIK.USTOOLIKSNOWFIELD.JW",2001,"CTL",184,162,"SNOWFIELD_NA_184_CTL_ERIVAG",163
"TOOLIK","TOOLIK.USTOOLIKSNOWFIELD.JW",2001,"CTL",184,162,"SNOWFIELD_NA_184_CTL_LEDDEC",163
"TOOLIK","TOOLIK.USTOOLIKSNOWFIELD.JW",2001,"CTL",184,162,"SNOWFIELD_NA_184_CTL_POLVIV",163
"TOOLIK","TOOLIK.USTOOLIKSNOWFIELD.JW",2001,"CTL",184,162,"SNOWFIELD_NA_184_CTL_PYRGRA",163
"TOOLIK","TOOLIK.USTOOLIKSNOWFIELD.JW",2001,"CTL",184,162,"SNOWFIELD_NA_184_CTL_RUBCHA",163
"TOOLIK","TOOLIK.USTOOLIKSNOWFIELD.JW",2001,"CTL",184,162,"SNOWFIELD_NA_184_CTL_SALRET",163
"TOOLIK","TOOLIK.USTOOLIKSNOWFIELD.JW",2001,"CTL",184,162,"SNOWFIELD_NA_184_CTL_VACVIT",163
"TOOLIK","TOOLIK.USTOOLIKSNOWFIELD.JW",2001,"OTC",185,160,"SNOWFIELD_NA_185_OTC_ANDPOL",162
"TOOLIK","TOOLIK.USTOOLIKSNOWFIELD.JW",2001,"OTC",185,160,"SNOWFIELD_NA_185_OTC_CARBIG",162
"TOOLIK","TOOLIK.USTOOLIKSNOWFIELD.JW",2001,"OTC",185,160,"SNOWFIELD_NA_185_OTC_CASTET",162
"TOOLIK","TOOLIK.USTOOLIKSNOWFIELD.JW",2001,"OTC",185,160,"SNOWFIELD_NA_185_OTC_ERIVAG",162
"TOOLIK","TOOLIK.USTOOLIKSNOWFIELD.JW",2001,"OTC",185,160,"SNOWFIELD_NA_185_OTC_LEDDEC",162
"TOOLIK","TOOLIK.USTOOLIKSNOWFIELD.JW",2001,"OTC",185,160,"SNOWFIELD_NA_185_OTC_POLVIV",162
"TOOLIK","TOOLIK.USTOOLIKSNOWFIELD.JW",2001,"OTC",185,160,"SNOWFIELD_NA_185_OTC_PYRGRA",162
"TOOLIK","TOOLIK.USTOOLIKSNOWFIELD.JW",2001,"OTC",185,160,"SNOWFIELD_NA_185_OTC_RUBCHA",162
"TOOLIK","TOOLIK.USTOOLIKSNOWFIELD.JW",2001,"OTC",185,160,"SNOWFIELD_NA_185_OTC_SALRET",162
"TOOLIK","TOOLIK.USTOOLIKSNOWFIELD.JW",2001,"OTC",185,160,"SNOWFIELD_NA_185_OTC_VACVIT",162
"TOOLIK","TOOLIK.USTOOLIKSNOWFIELD.JW",2001,"CTL",186,162,"SNOWFIELD_NA_186_CTL_ANDPOL",163
"TOOLIK","TOOLIK.USTOOLIKSNOWFIELD.JW",2001,"CTL",186,162,"SNOWFIELD_NA_186_CTL_CARBIG",163
"TOOLIK","TOOLIK.USTOOLIKSNOWFIELD.JW",2001,"CTL",186,162,"SNOWFIELD_NA_186_CTL_CASTET",163
"TOOLIK","TOOLIK.USTOOLIKSNOWFIELD.JW",2001,"CTL",186,162,"SNOWFIELD_NA_186_CTL_ERIVAG",163
"TOOLIK","TOOLIK.USTOOLIKSNOWFIELD.JW",2001,"CTL",186,162,"SNOWFIELD_NA_186_CTL_LEDDEC",163
"TOOLIK","TOOLIK.USTOOLIKSNOWFIELD.JW",2001,"CTL",186,162,"SNOWFIELD_NA_186_CTL_POLVIV",163
"TOOLIK","TOOLIK.USTOOLIKSNOWFIELD.JW",2001,"CTL",186,162,"SNOWFIELD_NA_186_CTL_PYRGRA",163
"TOOLIK","TOOLIK.USTOOLIKSNOWFIELD.JW",2001,"CTL",186,162,"SNOWFIELD_NA_186_CTL_RUBCHA",163
"TOOLIK","TOOLIK.USTOOLIKSNOWFIELD.JW",2001,"CTL",186,162,"SNOWFIELD_NA_186_CTL_SALRET",163
"TOOLIK","TOOLIK.USTOOLIKSNOWFIELD.JW",2001,"CTL",186,162,"SNOWFIELD_NA_186_CTL_VACVIT",163
"TOOLIK","TOOLIK.USTOOLIKSNOWFIELD.JW",2001,"OTC",187,163,"SNOWFIELD_NA_187_OTC_ANDPOL",164
"TOOLIK","TOOLIK.USTOOLIKSNOWFIELD.JW",2001,"OTC",187,163,"SNOWFIELD_NA_187_OTC_BISPLU",164
"TOOLIK","TOOLIK.USTOOLIKSNOWFIELD.JW",2001,"OTC",187,163,"SNOWFIELD_NA_187_OTC_CARBIG",164
"TOOLIK","TOOLIK.USTOOLIKSNOWFIELD.JW",2001,"OTC",187,163,"SNOWFIELD_NA_187_OTC_CASTET",164
"TOOLIK","TOOLIK.USTOOLIKSNOWFIELD.JW",2001,"OTC",187,163,"SNOWFIELD_NA_187_OTC_ERIVAG",164
"TOOLIK","TOOLIK.USTOOLIKSNOWFIELD.JW",2001,"OTC",187,163,"SNOWFIELD_NA_187_OTC_LEDDEC",164
"TOOLIK","TOOLIK.USTOOLIKSNOWFIELD.JW",2001,"OTC",187,163,"SNOWFIELD_NA_187_OTC_PYRGRA",164
"TOOLIK","TOOLIK.USTOOLIKSNOWFIELD.JW",2001,"OTC",187,163,"SNOWFIELD_NA_187_OTC_RUBCHA",164
"TOOLIK","TOOLIK.USTOOLIKSNOWFIELD.JW",2001,"OTC",187,163,"SNOWFIELD_NA_187_OTC_SALRET",164
"TOOLIK","TOOLIK.USTOOLIKSNOWFIELD.JW",2001,"OTC",187,163,"SNOWFIELD_NA_187_OTC_VACVIT",164
"TOOLIK","TOOLIK.USTOOLIKSNOWFIELD.JW",2001,"CTL",188,162,"SNOWFIELD_NA_188_CTL_ANDPOL",163
"TOOLIK","TOOLIK.USTOOLIKSNOWFIELD.JW",2001,"CTL",188,162,"SNOWFIELD_NA_188_CTL_CARBIG",163
"TOOLIK","TOOLIK.USTOOLIKSNOWFIELD.JW",2001,"CTL",188,162,"SNOWFIELD_NA_188_CTL_CASTET",163
"TOOLIK","TOOLIK.USTOOLIKSNOWFIELD.JW",2001,"CTL",188,162,"SNOWFIELD_NA_188_CTL_ERIVAG",163
"TOOLIK","TOOLIK.USTOOLIKSNOWFIELD.JW",2001,"CTL",188,162,"SNOWFIELD_NA_188_CTL_LEDDEC",163
"TOOLIK","TOOLIK.USTOOLIKSNOWFIELD.JW",2001,"CTL",188,162,"SNOWFIELD_NA_188_CTL_POLVIV",163
"TOOLIK","TOOLIK.USTOOLIKSNOWFIELD.JW",2001,"CTL",188,162,"SNOWFIELD_NA_188_CTL_PYRGRA",163
"TOOLIK","TOOLIK.USTOOLIKSNOWFIELD.JW",2001,"CTL",188,162,"SNOWFIELD_NA_188_CTL_RUBCHA",163
"TOOLIK","TOOLIK.USTOOLIKSNOWFIELD.JW",2001,"CTL",188,162,"SNOWFIELD_NA_188_CTL_SALRET",163
"TOOLIK","TOOLIK.USTOOLIKSNOWFIELD.JW",2001,"CTL",188,162,"SNOWFIELD_NA_188_CTL_VACVIT",163
"TOOLIK","TOOLIK.USTOOLIKSNOWFIELD.JW",2001,"CTL",189,160,"SNOWFIELD_NA_189_CTL_ANDPOL",162
"TOOLIK","TOOLIK.USTOOLIKSNOWFIELD.JW",2001,"CTL",189,160,"SNOWFIELD_NA_189_CTL_BISPLU",162
"TOOLIK","TOOLIK.USTOOLIKSNOWFIELD.JW",2001,"CTL",189,160,"SNOWFIELD_NA_189_CTL_CARBIG",162
"TOOLIK","TOOLIK.USTOOLIKSNOWFIELD.JW",2001,"CTL",189,160,"SNOWFIELD_NA_189_CTL_CASTET",162
"TOOLIK","TOOLIK.USTOOLIKSNOWFIELD.JW",2001,"CTL",189,160,"SNOWFIELD_NA_189_CTL_LEDDEC",162
"TOOLIK","TOOLIK.USTOOLIKSNOWFIELD.JW",2001,"CTL",189,160,"SNOWFIELD_NA_189_CTL_PYRGRA",162
"TOOLIK","TOOLIK.USTOOLIKSNOWFIELD.JW",2001,"CTL",189,160,"SNOWFIELD_NA_189_CTL_RUBCHA",162
"TOOLIK","TOOLIK.USTOOLIKSNOWFIELD.JW",2001,"CTL",189,160,"SNOWFIELD_NA_189_CTL_SALRET",162
"TOOLIK","TOOLIK.USTOOLIKSNOWFIELD.JW",2001,"CTL",189,160,"SNOWFIELD_NA_189_CTL_VACVIT",162
"TOOLIK","TOOLIK.USTOOLIKSNOWFIELD.JW",2001,"OTC",190,NA,"SNOWFIELD_NA_190_OTC_ANDPOL",160
"TOOLIK","TOOLIK.USTOOLIKSNOWFIELD.JW",2001,"OTC",190,NA,"SNOWFIELD_NA_190_OTC_BISPLU",160
"TOOLIK","TOOLIK.USTOOLIKSNOWFIELD.JW",2001,"OTC",190,NA,"SNOWFIELD_NA_190_OTC_CARBIG",160
"TOOLIK","TOOLIK.USTOOLIKSNOWFIELD.JW",2001,"OTC",190,NA,"SNOWFIELD_NA_190_OTC_CASTET",160
"TOOLIK","TOOLIK.USTOOLIKSNOWFIELD.JW",2001,"OTC",190,NA,"SNOWFIELD_NA_190_OTC_EMPNIG",160
"TOOLIK","TOOLIK.USTOOLIKSNOWFIELD.JW",2001,"OTC",190,NA,"SNOWFIELD_NA_190_OTC_LEDDEC",160
"TOOLIK","TOOLIK.USTOOLIKSNOWFIELD.JW",2001,"OTC",190,NA,"SNOWFIELD_NA_190_OTC_PYRGRA",160
"TOOLIK","TOOLIK.USTOOLIKSNOWFIELD.JW",2001,"OTC",190,NA,"SNOWFIELD_NA_190_OTC_RUBCHA",160
"TOOLIK","TOOLIK.USTOOLIKSNOWFIELD.JW",2001,"OTC",190,NA,"SNOWFIELD_NA_190_OTC_SALRET",160
"TOOLIK","TOOLIK.USTOOLIKSNOWFIELD.JW",2001,"OTC",190,NA,"SNOWFIELD_NA_190_OTC_VACVIT",160
"TOOLIK","TOOLIK.USTOOLIKSNOWFIELD.JW",2001,"OTC",191,160,"SNOWFIELD_NA_191_OTC_BISPLU",162
"TOOLIK","TOOLIK.USTOOLIKSNOWFIELD.JW",2001,"OTC",191,160,"SNOWFIELD_NA_191_OTC_CARBIG",162
"TOOLIK","TOOLIK.USTOOLIKSNOWFIELD.JW",2001,"OTC",191,160,"SNOWFIELD_NA_191_OTC_CASTET",162
"TOOLIK","TOOLIK.USTOOLIKSNOWFIELD.JW",2001,"OTC",191,160,"SNOWFIELD_NA_191_OTC_EMPNIG",162
"TOOLIK","TOOLIK.USTOOLIKSNOWFIELD.JW",2001,"OTC",191,160,"SNOWFIELD_NA_191_OTC_ERIVAG",162
"TOOLIK","TOOLIK.USTOOLIKSNOWFIELD.JW",2001,"OTC",191,160,"SNOWFIELD_NA_191_OTC_LEDDEC",162
"TOOLIK","TOOLIK.USTOOLIKSNOWFIELD.JW",2001,"OTC",191,160,"SNOWFIELD_NA_191_OTC_PYRGRA",162
"TOOLIK","TOOLIK.USTOOLIKSNOWFIELD.JW",2001,"OTC",191,160,"SNOWFIELD_NA_191_OTC_RUBCHA",162
"TOOLIK","TOOLIK.USTOOLIKSNOWFIELD.JW",2001,"OTC",191,160,"SNOWFIELD_NA_191_OTC_SALRET",162
"TOOLIK","TOOLIK.USTOOLIKSNOWFIELD.JW",2001,"OTC",191,160,"SNOWFIELD_NA_191_OTC_VACVIT",162
"TOOLIK","TOOLIK.USTOOLIKSNOWFIELD.JW",2002,"CTL",182,NA,"SNOWFIELD_._182_CTL_ERIVAG",142
"TOOLIK","TOOLIK.USTOOLIKSNOWFIELD.JW",2002,"CTL",182,NA,"SNOWFIELD_._182_CTL_CARBIG",142
"TOOLIK","TOOLIK.USTOOLIKSNOWFIELD.JW",2002,"CTL",182,NA,"SNOWFIELD_._182_CTL_SALRET",142
"TOOLIK","TOOLIK.USTOOLIKSNOWFIELD.JW",2002,"CTL",182,NA,"SNOWFIELD_._182_CTL_PYRGRA",142
"TOOLIK","TOOLIK.USTOOLIKSNOWFIELD.JW",2002,"CTL",182,NA,"SNOWFIELD_._182_CTL_LEDDEC",142
"TOOLIK","TOOLIK.USTOOLIKSNOWFIELD.JW",2002,"CTL",182,NA,"SNOWFIELD_._182_CTL_VACVIT",142
"TOOLIK","TOOLIK.USTOOLIKSNOWFIELD.JW",2002,"CTL",182,NA,"SNOWFIELD_._182_CTL_CASTET",142
"TOOLIK","TOOLIK.USTOOLIKSNOWFIELD.JW",2002,"CTL",182,NA,"SNOWFIELD_._182_CTL_EMPNIG",142
"TOOLIK","TOOLIK.USTOOLIKSNOWFIELD.JW",2002,"CTL",182,NA,"SNOWFIELD_._182_CTL_ANDPOL",142
"TOOLIK","TOOLIK.USTOOLIKSNOWFIELD.JW",2002,"CTL",182,NA,"SNOWFIELD_._182_CTL_BISPLU",142
"TOOLIK","TOOLIK.USTOOLIKSNOWFIELD.JW",2002,"OTC",183,NA,"SNOWFIELD_._183_OTC_ERIVAG",142
"TOOLIK","TOOLIK.USTOOLIKSNOWFIELD.JW",2002,"OTC",183,NA,"SNOWFIELD_._183_OTC_CARBIG",142
"TOOLIK","TOOLIK.USTOOLIKSNOWFIELD.JW",2002,"OTC",183,NA,"SNOWFIELD_._183_OTC_SALRET",142
"TOOLIK","TOOLIK.USTOOLIKSNOWFIELD.JW",2002,"OTC",183,NA,"SNOWFIELD_._183_OTC_PYRGRA",142
"TOOLIK","TOOLIK.USTOOLIKSNOWFIELD.JW",2002,"OTC",183,NA,"SNOWFIELD_._183_OTC_LEDDEC",142
"TOOLIK","TOOLIK.USTOOLIKSNOWFIELD.JW",2002,"OTC",183,NA,"SNOWFIELD_._183_OTC_VACVIT",142
"TOOLIK","TOOLIK.USTOOLIKSNOWFIELD.JW",2002,"OTC",183,NA,"SNOWFIELD_._183_OTC_CASTET",142
"TOOLIK","TOOLIK.USTOOLIKSNOWFIELD.JW",2002,"OTC",183,NA,"SNOWFIELD_._183_OTC_EMPNIG",142
"TOOLIK","TOOLIK.USTOOLIKSNOWFIELD.JW",2002,"OTC",183,NA,"SNOWFIELD_._183_OTC_ANDPOL",142
"TOOLIK","TOOLIK.USTOOLIKSNOWFIELD.JW",2002,"OTC",183,NA,"SNOWFIELD_._183_OTC_RUBCHA",142
"TOOLIK","TOOLIK.USTOOLIKSNOWFIELD.JW",2002,"OTC",183,NA,"SNOWFIELD_._183_OTC_BISPLU",142
"TOOLIK","TOOLIK.USTOOLIKSNOWFIELD.JW",2002,"CTL",184,NA,"SNOWFIELD_._184_CTL_ERIVAG",142
"TOOLIK","TOOLIK.USTOOLIKSNOWFIELD.JW",2002,"CTL",184,NA,"SNOWFIELD_._184_CTL_CARBIG",142
"TOOLIK","TOOLIK.USTOOLIKSNOWFIELD.JW",2002,"CTL",184,NA,"SNOWFIELD_._184_CTL_SALRET",142
"TOOLIK","TOOLIK.USTOOLIKSNOWFIELD.JW",2002,"CTL",184,NA,"SNOWFIELD_._184_CTL_PYRGRA",142
"TOOLIK","TOOLIK.USTOOLIKSNOWFIELD.JW",2002,"CTL",184,NA,"SNOWFIELD_._184_CTL_LEDDEC",142
"TOOLIK","TOOLIK.USTOOLIKSNOWFIELD.JW",2002,"CTL",184,NA,"SNOWFIELD_._184_CTL_VACVIT",142
"TOOLIK","TOOLIK.USTOOLIKSNOWFIELD.JW",2002,"CTL",184,NA,"SNOWFIELD_._184_CTL_CASTET",142
"TOOLIK","TOOLIK.USTOOLIKSNOWFIELD.JW",2002,"CTL",184,NA,"SNOWFIELD_._184_CTL_EMPNIG",142
"TOOLIK","TOOLIK.USTOOLIKSNOWFIELD.JW",2002,"CTL",184,NA,"SNOWFIELD_._184_CTL_ANDPOL",142
"TOOLIK","TOOLIK.USTOOLIKSNOWFIELD.JW",2002,"CTL",184,NA,"SNOWFIELD_._184_CTL_RUBCHA",142
"TOOLIK","TOOLIK.USTOOLIKSNOWFIELD.JW",2002,"CTL",184,NA,"SNOWFIELD_._184_CTL_POLVIV",142
"TOOLIK","TOOLIK.USTOOLIKSNOWFIELD.JW",2002,"OTC",185,NA,"SNOWFIELD_._185_OTC_ERIVAG",142
"TOOLIK","TOOLIK.USTOOLIKSNOWFIELD.JW",2002,"OTC",185,NA,"SNOWFIELD_._185_OTC_CARBIG",142
"TOOLIK","TOOLIK.USTOOLIKSNOWFIELD.JW",2002,"OTC",185,NA,"SNOWFIELD_._185_OTC_SALRET",142
"TOOLIK","TOOLIK.USTOOLIKSNOWFIELD.JW",2002,"OTC",185,NA,"SNOWFIELD_._185_OTC_PYRGRA",142
"TOOLIK","TOOLIK.USTOOLIKSNOWFIELD.JW",2002,"OTC",185,NA,"SNOWFIELD_._185_OTC_LEDDEC",142
"TOOLIK","TOOLIK.USTOOLIKSNOWFIELD.JW",2002,"OTC",185,NA,"SNOWFIELD_._185_OTC_VACVIT",142
"TOOLIK","TOOLIK.USTOOLIKSNOWFIELD.JW",2002,"OTC",185,NA,"SNOWFIELD_._185_OTC_CASTET",142
"TOOLIK","TOOLIK.USTOOLIKSNOWFIELD.JW",2002,"OTC",185,NA,"SNOWFIELD_._185_OTC_ANDPOL",142
"TOOLIK","TOOLIK.USTOOLIKSNOWFIELD.JW",2002,"OTC",185,NA,"SNOWFIELD_._185_OTC_RUBCHA",142
"TOOLIK","TOOLIK.USTOOLIKSNOWFIELD.JW",2002,"OTC",185,NA,"SNOWFIELD_._185_OTC_BISPLU",142
"TOOLIK","TOOLIK.USTOOLIKSNOWFIELD.JW",2002,"CTL",186,NA,"SNOWFIELD_._186_CTL_ERIVAG",142
"TOOLIK","TOOLIK.USTOOLIKSNOWFIELD.JW",2002,"CTL",186,NA,"SNOWFIELD_._186_CTL_CARBIG",142
"TOOLIK","TOOLIK.USTOOLIKSNOWFIELD.JW",2002,"CTL",186,NA,"SNOWFIELD_._186_CTL_SALRET",142
"TOOLIK","TOOLIK.USTOOLIKSNOWFIELD.JW",2002,"CTL",186,NA,"SNOWFIELD_._186_CTL_PYRGRA",142
"TOOLIK","TOOLIK.USTOOLIKSNOWFIELD.JW",2002,"CTL",186,NA,"SNOWFIELD_._186_CTL_LEDDEC",142
"TOOLIK","TOOLIK.USTOOLIKSNOWFIELD.JW",2002,"CTL",186,NA,"SNOWFIELD_._186_CTL_VACVIT",142
"TOOLIK","TOOLIK.USTOOLIKSNOWFIELD.JW",2002,"CTL",186,NA,"SNOWFIELD_._186_CTL_CASTET",142
"TOOLIK","TOOLIK.USTOOLIKSNOWFIELD.JW",2002,"CTL",186,NA,"SNOWFIELD_._186_CTL_ANDPOL",142
"TOOLIK","TOOLIK.USTOOLIKSNOWFIELD.JW",2002,"CTL",186,NA,"SNOWFIELD_._186_CTL_RUBCHA",142
"TOOLIK","TOOLIK.USTOOLIKSNOWFIELD.JW",2002,"CTL",186,NA,"SNOWFIELD_._186_CTL_BISPLU",142
"TOOLIK","TOOLIK.USTOOLIKSNOWFIELD.JW",2002,"OTC",187,NA,"SNOWFIELD_._187_OTC_ERIVAG",142
"TOOLIK","TOOLIK.USTOOLIKSNOWFIELD.JW",2002,"OTC",187,NA,"SNOWFIELD_._187_OTC_CARBIG",142
"TOOLIK","TOOLIK.USTOOLIKSNOWFIELD.JW",2002,"OTC",187,NA,"SNOWFIELD_._187_OTC_SALRET",142
"TOOLIK","TOOLIK.USTOOLIKSNOWFIELD.JW",2002,"OTC",187,NA,"SNOWFIELD_._187_OTC_PYRGRA",142
"TOOLIK","TOOLIK.USTOOLIKSNOWFIELD.JW",2002,"OTC",187,NA,"SNOWFIELD_._187_OTC_LEDDEC",142
"TOOLIK","TOOLIK.USTOOLIKSNOWFIELD.JW",2002,"OTC",187,NA,"SNOWFIELD_._187_OTC_VACVIT",142
"TOOLIK","TOOLIK.USTOOLIKSNOWFIELD.JW",2002,"OTC",187,NA,"SNOWFIELD_._187_OTC_CASTET",142
"TOOLIK","TOOLIK.USTOOLIKSNOWFIELD.JW",2002,"OTC",187,NA,"SNOWFIELD_._187_OTC_ANDPOL",142
"TOOLIK","TOOLIK.USTOOLIKSNOWFIELD.JW",2002,"OTC",187,NA,"SNOWFIELD_._187_OTC_RUBCHA",142
"TOOLIK","TOOLIK.USTOOLIKSNOWFIELD.JW",2002,"OTC",187,NA,"SNOWFIELD_._187_OTC_BISPLU",142
"TOOLIK","TOOLIK.USTOOLIKSNOWFIELD.JW",2002,"CTL",188,NA,"SNOWFIELD_._188_CTL_ERIVAG",142
"TOOLIK","TOOLIK.USTOOLIKSNOWFIELD.JW",2002,"CTL",188,NA,"SNOWFIELD_._188_CTL_CARBIG",142
"TOOLIK","TOOLIK.USTOOLIKSNOWFIELD.JW",2002,"CTL",188,NA,"SNOWFIELD_._188_CTL_SALRET",142
"TOOLIK","TOOLIK.USTOOLIKSNOWFIELD.JW",2002,"CTL",188,NA,"SNOWFIELD_._188_CTL_PYRGRA",142
"TOOLIK","TOOLIK.USTOOLIKSNOWFIELD.JW",2002,"CTL",188,NA,"SNOWFIELD_._188_CTL_LEDDEC",142
"TOOLIK","TOOLIK.USTOOLIKSNOWFIELD.JW",2002,"CTL",188,NA,"SNOWFIELD_._188_CTL_VACVIT",142
"TOOLIK","TOOLIK.USTOOLIKSNOWFIELD.JW",2002,"CTL",188,NA,"SNOWFIELD_._188_CTL_CASTET",142
"TOOLIK","TOOLIK.USTOOLIKSNOWFIELD.JW",2002,"CTL",188,NA,"SNOWFIELD_._188_CTL_ANDPOL",142
"TOOLIK","TOOLIK.USTOOLIKSNOWFIELD.JW",2002,"CTL",188,NA,"SNOWFIELD_._188_CTL_RUBCHA",142
"TOOLIK","TOOLIK.USTOOLIKSNOWFIELD.JW",2002,"CTL",188,NA,"SNOWFIELD_._188_CTL_POLVIV",142
"TOOLIK","TOOLIK.USTOOLIKSNOWFIELD.JW",2002,"CTL",189,NA,"SNOWFIELD_._189_CTL_CARBIG",142
"TOOLIK","TOOLIK.USTOOLIKSNOWFIELD.JW",2002,"CTL",189,NA,"SNOWFIELD_._189_CTL_SALRET",142
"TOOLIK","TOOLIK.USTOOLIKSNOWFIELD.JW",2002,"CTL",189,NA,"SNOWFIELD_._189_CTL_PYRGRA",142
"TOOLIK","TOOLIK.USTOOLIKSNOWFIELD.JW",2002,"CTL",189,NA,"SNOWFIELD_._189_CTL_LEDDEC",142
"TOOLIK","TOOLIK.USTOOLIKSNOWFIELD.JW",2002,"CTL",189,NA,"SNOWFIELD_._189_CTL_VACVIT",142
"TOOLIK","TOOLIK.USTOOLIKSNOWFIELD.JW",2002,"CTL",189,NA,"SNOWFIELD_._189_CTL_CASTET",142
"TOOLIK","TOOLIK.USTOOLIKSNOWFIELD.JW",2002,"CTL",189,NA,"SNOWFIELD_._189_CTL_ANDPOL",142
"TOOLIK","TOOLIK.USTOOLIKSNOWFIELD.JW",2002,"CTL",189,NA,"SNOWFIELD_._189_CTL_RUBCHA",142
"TOOLIK","TOOLIK.USTOOLIKSNOWFIELD.JW",2002,"CTL",189,NA,"SNOWFIELD_._189_CTL_BISPLU",142
"TOOLIK","TOOLIK.USTOOLIKSNOWFIELD.JW",2002,"OTC",190,NA,"SNOWFIELD_._190_OTC_CARBIG",142
"TOOLIK","TOOLIK.USTOOLIKSNOWFIELD.JW",2002,"OTC",190,NA,"SNOWFIELD_._190_OTC_SALRET",142
"TOOLIK","TOOLIK.USTOOLIKSNOWFIELD.JW",2002,"OTC",190,NA,"SNOWFIELD_._190_OTC_PYRGRA",142
"TOOLIK","TOOLIK.USTOOLIKSNOWFIELD.JW",2002,"OTC",190,NA,"SNOWFIELD_._190_OTC_LEDDEC",142
"TOOLIK","TOOLIK.USTOOLIKSNOWFIELD.JW",2002,"OTC",190,NA,"SNOWFIELD_._190_OTC_VACVIT",142
"TOOLIK","TOOLIK.USTOOLIKSNOWFIELD.JW",2002,"OTC",190,NA,"SNOWFIELD_._190_OTC_CASTET",142
"TOOLIK","TOOLIK.USTOOLIKSNOWFIELD.JW",2002,"OTC",190,NA,"SNOWFIELD_._190_OTC_EMPNIG",142
"TOOLIK","TOOLIK.USTOOLIKSNOWFIELD.JW",2002,"OTC",190,NA,"SNOWFIELD_._190_OTC_ANDPOL",142
"TOOLIK","TOOLIK.USTOOLIKSNOWFIELD.JW",2002,"OTC",190,NA,"SNOWFIELD_._190_OTC_RUBCHA",142
"TOOLIK","TOOLIK.USTOOLIKSNOWFIELD.JW",2002,"OTC",190,NA,"SNOWFIELD_._190_OTC_BISPLU",142
"TOOLIK","TOOLIK.USTOOLIKSNOWFIELD.JW",2002,"OTC",191,NA,"SNOWFIELD_._191_OTC_ERIVAG",142
"TOOLIK","TOOLIK.USTOOLIKSNOWFIELD.JW",2002,"OTC",191,NA,"SNOWFIELD_._191_OTC_CARBIG",142
"TOOLIK","TOOLIK.USTOOLIKSNOWFIELD.JW",2002,"OTC",191,NA,"SNOWFIELD_._191_OTC_SALRET",142
"TOOLIK","TOOLIK.USTOOLIKSNOWFIELD.JW",2002,"OTC",191,NA,"SNOWFIELD_._191_OTC_PYRGRA",142
"TOOLIK","TOOLIK.USTOOLIKSNOWFIELD.JW",2002,"OTC",191,NA,"SNOWFIELD_._191_OTC_LEDDEC",142
"TOOLIK","TOOLIK.USTOOLIKSNOWFIELD.JW",2002,"OTC",191,NA,"SNOWFIELD_._191_OTC_VACVIT",142
"TOOLIK","TOOLIK.USTOOLIKSNOWFIELD.JW",2002,"OTC",191,NA,"SNOWFIELD_._191_OTC_CASTET",142
"TOOLIK","TOOLIK.USTOOLIKSNOWFIELD.JW",2002,"OTC",191,NA,"SNOWFIELD_._191_OTC_EMPNIG",142
"TOOLIK","TOOLIK.USTOOLIKSNOWFIELD.JW",2002,"OTC",191,NA,"SNOWFIELD_._191_OTC_ANDPOL",142
"TOOLIK","TOOLIK.USTOOLIKSNOWFIELD.JW",2002,"OTC",191,NA,"SNOWFIELD_._191_OTC_RUBCHA",142
"TOOLIK","TOOLIK.USTOOLIKSNOWFIELD.JW",2002,"OTC",191,NA,"SNOWFIELD_._191_OTC_BISPLU",142
