"site_name","subsite","spp","year","treatment","ct","ct_na","phen_stage"
"NIWOT","NIWOT.SADSMFC.MW","ACOROS",1993,"SNOWFENCE_DEEP",50,50,"1st_flower"
"NIWOT","NIWOT.SADSMFC.MW","ACOROS",1993,"SNOWFENCE_DEEP",50,50,"1st_flower_open"
"NIWOT","NIWOT.SADSMFC.MW","ACOROS",1993,"SNOWFENCE_DEEP",50,50,"1st_leaf"
"NIWOT","NIWOT.SADSMFC.MW","ACOROS",1993,"SNOWFENCE_DEEP",50,48,"1st_petal_shed"
"NIWOT","NIWOT.SADSMFC.MW","ACOROS",1993,"SNOWFENCE_DEEP",50,50,"1st_red_leaf"
"NIWOT","NIWOT.SADSMFC.MW","ACOROS",1993,"SNOWFENCE_DEEP",50,50,"1st_seed_disp"
"NIWOT","NIWOT.SADSMFC.MW","ACOROS",1993,"SNOWFENCE_DEEP",50,42,"last_petal_shed"
"NIWOT","NIWOT.SADSMFC.MW","POLBIS",1993,"SNOWFENCE_DEEP",50,50,"1st_flower"
"NIWOT","NIWOT.SADSMFC.MW","POLBIS",1993,"SNOWFENCE_DEEP",50,43,"1st_flower_open"
"NIWOT","NIWOT.SADSMFC.MW","POLBIS",1993,"SNOWFENCE_DEEP",50,50,"1st_leaf"
"NIWOT","NIWOT.SADSMFC.MW","POLBIS",1993,"SNOWFENCE_DEEP",50,37,"1st_petal_shed"
"NIWOT","NIWOT.SADSMFC.MW","POLBIS",1993,"SNOWFENCE_DEEP",50,50,"1st_red_leaf"
"NIWOT","NIWOT.SADSMFC.MW","POLBIS",1993,"SNOWFENCE_DEEP",50,50,"1st_seed_disp"
"NIWOT","NIWOT.SADSMFC.MW","POLBIS",1993,"SNOWFENCE_DEEP",50,50,"last_petal_shed"
"NIWOT","NIWOT.SADSMFC.MW","ACOROS",1993,"SNOWFENCE_DEEP_OTC",50,50,"1st_flower"
"NIWOT","NIWOT.SADSMFC.MW","ACOROS",1993,"SNOWFENCE_DEEP_OTC",50,50,"1st_flower_open"
"NIWOT","NIWOT.SADSMFC.MW","ACOROS",1993,"SNOWFENCE_DEEP_OTC",50,50,"1st_leaf"
"NIWOT","NIWOT.SADSMFC.MW","ACOROS",1993,"SNOWFENCE_DEEP_OTC",50,36,"1st_petal_shed"
"NIWOT","NIWOT.SADSMFC.MW","ACOROS",1993,"SNOWFENCE_DEEP_OTC",50,50,"1st_red_leaf"
"NIWOT","NIWOT.SADSMFC.MW","ACOROS",1993,"SNOWFENCE_DEEP_OTC",50,50,"1st_seed_disp"
"NIWOT","NIWOT.SADSMFC.MW","ACOROS",1993,"SNOWFENCE_DEEP_OTC",50,32,"last_petal_shed"
"NIWOT","NIWOT.SADSMFC.MW","POLBIS",1993,"SNOWFENCE_DEEP_OTC",50,50,"1st_flower"
"NIWOT","NIWOT.SADSMFC.MW","POLBIS",1993,"SNOWFENCE_DEEP_OTC",50,35,"1st_flower_open"
"NIWOT","NIWOT.SADSMFC.MW","POLBIS",1993,"SNOWFENCE_DEEP_OTC",50,50,"1st_leaf"
"NIWOT","NIWOT.SADSMFC.MW","POLBIS",1993,"SNOWFENCE_DEEP_OTC",50,33,"1st_petal_shed"
"NIWOT","NIWOT.SADSMFC.MW","POLBIS",1993,"SNOWFENCE_DEEP_OTC",50,50,"1st_red_leaf"
"NIWOT","NIWOT.SADSMFC.MW","POLBIS",1993,"SNOWFENCE_DEEP_OTC",50,50,"1st_seed_disp"
"NIWOT","NIWOT.SADSMFC.MW","POLBIS",1993,"SNOWFENCE_DEEP_OTC",50,47,"last_petal_shed"
"NIWOT","NIWOT.SADSMFC.MW","ACOROS",1993,"SNOWFENCE_MEDIUM",50,50,"1st_flower"
"NIWOT","NIWOT.SADSMFC.MW","ACOROS",1993,"SNOWFENCE_MEDIUM",50,50,"1st_flower_open"
"NIWOT","NIWOT.SADSMFC.MW","ACOROS",1993,"SNOWFENCE_MEDIUM",50,50,"1st_leaf"
"NIWOT","NIWOT.SADSMFC.MW","ACOROS",1993,"SNOWFENCE_MEDIUM",50,50,"1st_petal_shed"
"NIWOT","NIWOT.SADSMFC.MW","ACOROS",1993,"SNOWFENCE_MEDIUM",50,50,"1st_red_leaf"
"NIWOT","NIWOT.SADSMFC.MW","ACOROS",1993,"SNOWFENCE_MEDIUM",50,50,"1st_seed_disp"
"NIWOT","NIWOT.SADSMFC.MW","ACOROS",1993,"SNOWFENCE_MEDIUM",50,44,"last_petal_shed"
"NIWOT","NIWOT.SADSMFC.MW","POLBIS",1993,"SNOWFENCE_MEDIUM",50,50,"1st_flower"
"NIWOT","NIWOT.SADSMFC.MW","POLBIS",1993,"SNOWFENCE_MEDIUM",50,45,"1st_flower_open"
"NIWOT","NIWOT.SADSMFC.MW","POLBIS",1993,"SNOWFENCE_MEDIUM",50,50,"1st_leaf"
"NIWOT","NIWOT.SADSMFC.MW","POLBIS",1993,"SNOWFENCE_MEDIUM",50,35,"1st_petal_shed"
"NIWOT","NIWOT.SADSMFC.MW","POLBIS",1993,"SNOWFENCE_MEDIUM",50,50,"1st_red_leaf"
"NIWOT","NIWOT.SADSMFC.MW","POLBIS",1993,"SNOWFENCE_MEDIUM",50,50,"1st_seed_disp"
"NIWOT","NIWOT.SADSMFC.MW","POLBIS",1993,"SNOWFENCE_MEDIUM",50,46,"last_petal_shed"
"NIWOT","NIWOT.SADSMFC.MW","ACOROS",1993,"SNOWFENCE_MEDIUM_OTC",50,50,"1st_flower"
"NIWOT","NIWOT.SADSMFC.MW","ACOROS",1993,"SNOWFENCE_MEDIUM_OTC",50,49,"1st_flower_open"
"NIWOT","NIWOT.SADSMFC.MW","ACOROS",1993,"SNOWFENCE_MEDIUM_OTC",50,50,"1st_leaf"
"NIWOT","NIWOT.SADSMFC.MW","ACOROS",1993,"SNOWFENCE_MEDIUM_OTC",50,46,"1st_petal_shed"
"NIWOT","NIWOT.SADSMFC.MW","ACOROS",1993,"SNOWFENCE_MEDIUM_OTC",50,50,"1st_red_leaf"
"NIWOT","NIWOT.SADSMFC.MW","ACOROS",1993,"SNOWFENCE_MEDIUM_OTC",50,50,"1st_seed_disp"
"NIWOT","NIWOT.SADSMFC.MW","ACOROS",1993,"SNOWFENCE_MEDIUM_OTC",50,38,"last_petal_shed"
"NIWOT","NIWOT.SADSMFC.MW","POLBIS",1993,"SNOWFENCE_MEDIUM_OTC",50,50,"1st_flower"
"NIWOT","NIWOT.SADSMFC.MW","POLBIS",1993,"SNOWFENCE_MEDIUM_OTC",50,38,"1st_flower_open"
"NIWOT","NIWOT.SADSMFC.MW","POLBIS",1993,"SNOWFENCE_MEDIUM_OTC",50,50,"1st_leaf"
"NIWOT","NIWOT.SADSMFC.MW","POLBIS",1993,"SNOWFENCE_MEDIUM_OTC",50,34,"1st_petal_shed"
"NIWOT","NIWOT.SADSMFC.MW","POLBIS",1993,"SNOWFENCE_MEDIUM_OTC",50,50,"1st_red_leaf"
"NIWOT","NIWOT.SADSMFC.MW","POLBIS",1993,"SNOWFENCE_MEDIUM_OTC",50,50,"1st_seed_disp"
"NIWOT","NIWOT.SADSMFC.MW","POLBIS",1993,"SNOWFENCE_MEDIUM_OTC",50,50,"last_petal_shed"
"NIWOT","NIWOT.SADSMFC.MW","ACOROS",1994,"SNOWFENCE_DEEP",50,46,"1st_flower"
"NIWOT","NIWOT.SADSMFC.MW","ACOROS",1994,"SNOWFENCE_DEEP",50,48,"1st_flower_open"
"NIWOT","NIWOT.SADSMFC.MW","ACOROS",1994,"SNOWFENCE_DEEP",50,38,"1st_leaf"
"NIWOT","NIWOT.SADSMFC.MW","ACOROS",1994,"SNOWFENCE_DEEP",50,48,"1st_petal_shed"
"NIWOT","NIWOT.SADSMFC.MW","ACOROS",1994,"SNOWFENCE_DEEP",50,41,"1st_red_leaf"
"NIWOT","NIWOT.SADSMFC.MW","ACOROS",1994,"SNOWFENCE_DEEP",50,50,"1st_seed_disp"
"NIWOT","NIWOT.SADSMFC.MW","ACOROS",1994,"SNOWFENCE_DEEP",50,49,"last_petal_shed"
"NIWOT","NIWOT.SADSMFC.MW","POLBIS",1994,"SNOWFENCE_DEEP",50,43,"1st_flower"
"NIWOT","NIWOT.SADSMFC.MW","POLBIS",1994,"SNOWFENCE_DEEP",50,46,"1st_flower_open"
"NIWOT","NIWOT.SADSMFC.MW","POLBIS",1994,"SNOWFENCE_DEEP",50,48,"1st_leaf"
"NIWOT","NIWOT.SADSMFC.MW","POLBIS",1994,"SNOWFENCE_DEEP",50,50,"1st_petal_shed"
"NIWOT","NIWOT.SADSMFC.MW","POLBIS",1994,"SNOWFENCE_DEEP",50,43,"1st_red_leaf"
"NIWOT","NIWOT.SADSMFC.MW","POLBIS",1994,"SNOWFENCE_DEEP",50,50,"1st_seed_disp"
"NIWOT","NIWOT.SADSMFC.MW","POLBIS",1994,"SNOWFENCE_DEEP",50,50,"last_petal_shed"
"NIWOT","NIWOT.SADSMFC.MW","ACOROS",1994,"SNOWFENCE_DEEP_OTC",50,43,"1st_flower"
"NIWOT","NIWOT.SADSMFC.MW","ACOROS",1994,"SNOWFENCE_DEEP_OTC",50,49,"1st_flower_open"
"NIWOT","NIWOT.SADSMFC.MW","ACOROS",1994,"SNOWFENCE_DEEP_OTC",50,41,"1st_leaf"
"NIWOT","NIWOT.SADSMFC.MW","ACOROS",1994,"SNOWFENCE_DEEP_OTC",50,48,"1st_petal_shed"
"NIWOT","NIWOT.SADSMFC.MW","ACOROS",1994,"SNOWFENCE_DEEP_OTC",50,46,"1st_red_leaf"
"NIWOT","NIWOT.SADSMFC.MW","ACOROS",1994,"SNOWFENCE_DEEP_OTC",50,50,"1st_seed_disp"
"NIWOT","NIWOT.SADSMFC.MW","ACOROS",1994,"SNOWFENCE_DEEP_OTC",50,49,"last_petal_shed"
"NIWOT","NIWOT.SADSMFC.MW","POLBIS",1994,"SNOWFENCE_DEEP_OTC",50,44,"1st_flower"
"NIWOT","NIWOT.SADSMFC.MW","POLBIS",1994,"SNOWFENCE_DEEP_OTC",50,48,"1st_flower_open"
"NIWOT","NIWOT.SADSMFC.MW","POLBIS",1994,"SNOWFENCE_DEEP_OTC",50,50,"1st_leaf"
"NIWOT","NIWOT.SADSMFC.MW","POLBIS",1994,"SNOWFENCE_DEEP_OTC",50,50,"1st_petal_shed"
"NIWOT","NIWOT.SADSMFC.MW","POLBIS",1994,"SNOWFENCE_DEEP_OTC",50,41,"1st_red_leaf"
"NIWOT","NIWOT.SADSMFC.MW","POLBIS",1994,"SNOWFENCE_DEEP_OTC",50,50,"1st_seed_disp"
"NIWOT","NIWOT.SADSMFC.MW","POLBIS",1994,"SNOWFENCE_DEEP_OTC",50,50,"last_petal_shed"
"NIWOT","NIWOT.SADSMFC.MW","ACOROS",1994,"SNOWFENCE_MEDIUM",50,49,"1st_flower"
"NIWOT","NIWOT.SADSMFC.MW","ACOROS",1994,"SNOWFENCE_MEDIUM",50,45,"1st_flower_open"
"NIWOT","NIWOT.SADSMFC.MW","ACOROS",1994,"SNOWFENCE_MEDIUM",50,50,"1st_leaf"
"NIWOT","NIWOT.SADSMFC.MW","ACOROS",1994,"SNOWFENCE_MEDIUM",50,45,"1st_petal_shed"
"NIWOT","NIWOT.SADSMFC.MW","ACOROS",1994,"SNOWFENCE_MEDIUM",50,33,"1st_red_leaf"
"NIWOT","NIWOT.SADSMFC.MW","ACOROS",1994,"SNOWFENCE_MEDIUM",50,50,"1st_seed_disp"
"NIWOT","NIWOT.SADSMFC.MW","ACOROS",1994,"SNOWFENCE_MEDIUM",50,50,"last_petal_shed"
"NIWOT","NIWOT.SADSMFC.MW","POLBIS",1994,"SNOWFENCE_MEDIUM",50,45,"1st_flower"
"NIWOT","NIWOT.SADSMFC.MW","POLBIS",1994,"SNOWFENCE_MEDIUM",50,49,"1st_flower_open"
"NIWOT","NIWOT.SADSMFC.MW","POLBIS",1994,"SNOWFENCE_MEDIUM",50,41,"1st_leaf"
"NIWOT","NIWOT.SADSMFC.MW","POLBIS",1994,"SNOWFENCE_MEDIUM",50,46,"1st_petal_shed"
"NIWOT","NIWOT.SADSMFC.MW","POLBIS",1994,"SNOWFENCE_MEDIUM",50,34,"1st_red_leaf"
"NIWOT","NIWOT.SADSMFC.MW","POLBIS",1994,"SNOWFENCE_MEDIUM",50,50,"1st_seed_disp"
"NIWOT","NIWOT.SADSMFC.MW","POLBIS",1994,"SNOWFENCE_MEDIUM",50,50,"last_petal_shed"
"NIWOT","NIWOT.SADSMFC.MW","ACOROS",1994,"SNOWFENCE_MEDIUM_OTC",50,42,"1st_flower"
"NIWOT","NIWOT.SADSMFC.MW","ACOROS",1994,"SNOWFENCE_MEDIUM_OTC",50,46,"1st_flower_open"
"NIWOT","NIWOT.SADSMFC.MW","ACOROS",1994,"SNOWFENCE_MEDIUM_OTC",50,50,"1st_leaf"
"NIWOT","NIWOT.SADSMFC.MW","ACOROS",1994,"SNOWFENCE_MEDIUM_OTC",50,45,"1st_petal_shed"
"NIWOT","NIWOT.SADSMFC.MW","ACOROS",1994,"SNOWFENCE_MEDIUM_OTC",50,38,"1st_red_leaf"
"NIWOT","NIWOT.SADSMFC.MW","ACOROS",1994,"SNOWFENCE_MEDIUM_OTC",50,50,"1st_seed_disp"
"NIWOT","NIWOT.SADSMFC.MW","ACOROS",1994,"SNOWFENCE_MEDIUM_OTC",50,46,"last_petal_shed"
"NIWOT","NIWOT.SADSMFC.MW","POLBIS",1994,"SNOWFENCE_MEDIUM_OTC",50,46,"1st_flower"
"NIWOT","NIWOT.SADSMFC.MW","POLBIS",1994,"SNOWFENCE_MEDIUM_OTC",50,48,"1st_flower_open"
"NIWOT","NIWOT.SADSMFC.MW","POLBIS",1994,"SNOWFENCE_MEDIUM_OTC",50,48,"1st_leaf"
"NIWOT","NIWOT.SADSMFC.MW","POLBIS",1994,"SNOWFENCE_MEDIUM_OTC",50,45,"1st_petal_shed"
"NIWOT","NIWOT.SADSMFC.MW","POLBIS",1994,"SNOWFENCE_MEDIUM_OTC",50,35,"1st_red_leaf"
"NIWOT","NIWOT.SADSMFC.MW","POLBIS",1994,"SNOWFENCE_MEDIUM_OTC",50,50,"1st_seed_disp"
"NIWOT","NIWOT.SADSMFC.MW","POLBIS",1994,"SNOWFENCE_MEDIUM_OTC",50,49,"last_petal_shed"
"NIWOT","NIWOT.SADSMFC.MW","ACOROS",1995,"CTL",60,59,"1st_flower"
"NIWOT","NIWOT.SADSMFC.MW","ACOROS",1995,"CTL",60,54,"1st_flower_open"
"NIWOT","NIWOT.SADSMFC.MW","ACOROS",1995,"CTL",60,60,"1st_leaf"
"NIWOT","NIWOT.SADSMFC.MW","ACOROS",1995,"CTL",60,49,"1st_petal_shed"
"NIWOT","NIWOT.SADSMFC.MW","ACOROS",1995,"CTL",60,0,"1st_red_leaf"
"NIWOT","NIWOT.SADSMFC.MW","ACOROS",1995,"CTL",60,60,"1st_seed_disp"
"NIWOT","NIWOT.SADSMFC.MW","ACOROS",1995,"CTL",60,29,"last_petal_shed"
"NIWOT","NIWOT.SADSMFC.MW","POLBIS",1995,"CTL",60,60,"1st_flower"
"NIWOT","NIWOT.SADSMFC.MW","POLBIS",1995,"CTL",60,35,"1st_flower_open"
"NIWOT","NIWOT.SADSMFC.MW","POLBIS",1995,"CTL",60,60,"1st_leaf"
"NIWOT","NIWOT.SADSMFC.MW","POLBIS",1995,"CTL",60,46,"1st_petal_shed"
"NIWOT","NIWOT.SADSMFC.MW","POLBIS",1995,"CTL",60,13,"1st_red_leaf"
"NIWOT","NIWOT.SADSMFC.MW","POLBIS",1995,"CTL",60,60,"1st_seed_disp"
"NIWOT","NIWOT.SADSMFC.MW","POLBIS",1995,"CTL",60,52,"last_petal_shed"
"NIWOT","NIWOT.SADSMFC.MW","ACOROS",1995,"OTC",60,60,"1st_flower"
"NIWOT","NIWOT.SADSMFC.MW","ACOROS",1995,"OTC",60,56,"1st_flower_open"
"NIWOT","NIWOT.SADSMFC.MW","ACOROS",1995,"OTC",60,60,"1st_leaf"
"NIWOT","NIWOT.SADSMFC.MW","ACOROS",1995,"OTC",60,49,"1st_petal_shed"
"NIWOT","NIWOT.SADSMFC.MW","ACOROS",1995,"OTC",60,4,"1st_red_leaf"
"NIWOT","NIWOT.SADSMFC.MW","ACOROS",1995,"OTC",60,60,"1st_seed_disp"
"NIWOT","NIWOT.SADSMFC.MW","ACOROS",1995,"OTC",60,25,"last_petal_shed"
"NIWOT","NIWOT.SADSMFC.MW","POLBIS",1995,"OTC",60,59,"1st_flower"
"NIWOT","NIWOT.SADSMFC.MW","POLBIS",1995,"OTC",60,42,"1st_flower_open"
"NIWOT","NIWOT.SADSMFC.MW","POLBIS",1995,"OTC",60,60,"1st_leaf"
"NIWOT","NIWOT.SADSMFC.MW","POLBIS",1995,"OTC",60,46,"1st_petal_shed"
"NIWOT","NIWOT.SADSMFC.MW","POLBIS",1995,"OTC",60,10,"1st_red_leaf"
"NIWOT","NIWOT.SADSMFC.MW","POLBIS",1995,"OTC",60,60,"1st_seed_disp"
"NIWOT","NIWOT.SADSMFC.MW","POLBIS",1995,"OTC",60,50,"last_petal_shed"
"NIWOT","NIWOT.SADSMFC.MW","ACOROS",1995,"SNOWFENCE_DEEP",50,29,"1st_flower"
"NIWOT","NIWOT.SADSMFC.MW","ACOROS",1995,"SNOWFENCE_DEEP",50,29,"1st_flower_open"
"NIWOT","NIWOT.SADSMFC.MW","ACOROS",1995,"SNOWFENCE_DEEP",50,2,"1st_leaf"
"NIWOT","NIWOT.SADSMFC.MW","ACOROS",1995,"SNOWFENCE_DEEP",50,30,"1st_petal_shed"
"NIWOT","NIWOT.SADSMFC.MW","ACOROS",1995,"SNOWFENCE_DEEP",50,4,"1st_red_leaf"
"NIWOT","NIWOT.SADSMFC.MW","ACOROS",1995,"SNOWFENCE_DEEP",50,50,"1st_seed_disp"
"NIWOT","NIWOT.SADSMFC.MW","ACOROS",1995,"SNOWFENCE_DEEP",50,31,"last_petal_shed"
"NIWOT","NIWOT.SADSMFC.MW","POLBIS",1995,"SNOWFENCE_DEEP",50,24,"1st_flower"
"NIWOT","NIWOT.SADSMFC.MW","POLBIS",1995,"SNOWFENCE_DEEP",50,26,"1st_flower_open"
"NIWOT","NIWOT.SADSMFC.MW","POLBIS",1995,"SNOWFENCE_DEEP",50,3,"1st_leaf"
"NIWOT","NIWOT.SADSMFC.MW","POLBIS",1995,"SNOWFENCE_DEEP",50,29,"1st_petal_shed"
"NIWOT","NIWOT.SADSMFC.MW","POLBIS",1995,"SNOWFENCE_DEEP",50,6,"1st_red_leaf"
"NIWOT","NIWOT.SADSMFC.MW","POLBIS",1995,"SNOWFENCE_DEEP",50,50,"1st_seed_disp"
"NIWOT","NIWOT.SADSMFC.MW","POLBIS",1995,"SNOWFENCE_DEEP",50,48,"last_petal_shed"
"NIWOT","NIWOT.SADSMFC.MW","ACOROS",1995,"SNOWFENCE_DEEP_OTC",50,26,"1st_flower"
"NIWOT","NIWOT.SADSMFC.MW","ACOROS",1995,"SNOWFENCE_DEEP_OTC",50,28,"1st_flower_open"
"NIWOT","NIWOT.SADSMFC.MW","ACOROS",1995,"SNOWFENCE_DEEP_OTC",50,1,"1st_leaf"
"NIWOT","NIWOT.SADSMFC.MW","ACOROS",1995,"SNOWFENCE_DEEP_OTC",50,28,"1st_petal_shed"
"NIWOT","NIWOT.SADSMFC.MW","ACOROS",1995,"SNOWFENCE_DEEP_OTC",50,5,"1st_red_leaf"
"NIWOT","NIWOT.SADSMFC.MW","ACOROS",1995,"SNOWFENCE_DEEP_OTC",50,50,"1st_seed_disp"
"NIWOT","NIWOT.SADSMFC.MW","ACOROS",1995,"SNOWFENCE_DEEP_OTC",50,33,"last_petal_shed"
"NIWOT","NIWOT.SADSMFC.MW","POLBIS",1995,"SNOWFENCE_DEEP_OTC",50,19,"1st_flower"
"NIWOT","NIWOT.SADSMFC.MW","POLBIS",1995,"SNOWFENCE_DEEP_OTC",50,20,"1st_flower_open"
"NIWOT","NIWOT.SADSMFC.MW","POLBIS",1995,"SNOWFENCE_DEEP_OTC",50,1,"1st_leaf"
"NIWOT","NIWOT.SADSMFC.MW","POLBIS",1995,"SNOWFENCE_DEEP_OTC",50,29,"1st_petal_shed"
"NIWOT","NIWOT.SADSMFC.MW","POLBIS",1995,"SNOWFENCE_DEEP_OTC",50,4,"1st_red_leaf"
"NIWOT","NIWOT.SADSMFC.MW","POLBIS",1995,"SNOWFENCE_DEEP_OTC",50,50,"1st_seed_disp"
"NIWOT","NIWOT.SADSMFC.MW","POLBIS",1995,"SNOWFENCE_DEEP_OTC",50,48,"last_petal_shed"
"NIWOT","NIWOT.SADSMFC.MW","ACOROS",1995,"SNOWFENCE_MEDIUM",50,36,"1st_flower"
"NIWOT","NIWOT.SADSMFC.MW","ACOROS",1995,"SNOWFENCE_MEDIUM",50,38,"1st_flower_open"
"NIWOT","NIWOT.SADSMFC.MW","ACOROS",1995,"SNOWFENCE_MEDIUM",50,0,"1st_leaf"
"NIWOT","NIWOT.SADSMFC.MW","ACOROS",1995,"SNOWFENCE_MEDIUM",50,38,"1st_petal_shed"
"NIWOT","NIWOT.SADSMFC.MW","ACOROS",1995,"SNOWFENCE_MEDIUM",50,0,"1st_red_leaf"
"NIWOT","NIWOT.SADSMFC.MW","ACOROS",1995,"SNOWFENCE_MEDIUM",50,50,"1st_seed_disp"
"NIWOT","NIWOT.SADSMFC.MW","ACOROS",1995,"SNOWFENCE_MEDIUM",50,38,"last_petal_shed"
"NIWOT","NIWOT.SADSMFC.MW","POLBIS",1995,"SNOWFENCE_MEDIUM",50,26,"1st_flower"
"NIWOT","NIWOT.SADSMFC.MW","POLBIS",1995,"SNOWFENCE_MEDIUM",50,26,"1st_flower_open"
"NIWOT","NIWOT.SADSMFC.MW","POLBIS",1995,"SNOWFENCE_MEDIUM",50,1,"1st_leaf"
"NIWOT","NIWOT.SADSMFC.MW","POLBIS",1995,"SNOWFENCE_MEDIUM",50,31,"1st_petal_shed"
"NIWOT","NIWOT.SADSMFC.MW","POLBIS",1995,"SNOWFENCE_MEDIUM",50,1,"1st_red_leaf"
"NIWOT","NIWOT.SADSMFC.MW","POLBIS",1995,"SNOWFENCE_MEDIUM",50,50,"1st_seed_disp"
"NIWOT","NIWOT.SADSMFC.MW","POLBIS",1995,"SNOWFENCE_MEDIUM",50,34,"last_petal_shed"
"NIWOT","NIWOT.SADSMFC.MW","ACOROS",1995,"SNOWFENCE_MEDIUM_OTC",50,30,"1st_flower"
"NIWOT","NIWOT.SADSMFC.MW","ACOROS",1995,"SNOWFENCE_MEDIUM_OTC",50,30,"1st_flower_open"
"NIWOT","NIWOT.SADSMFC.MW","ACOROS",1995,"SNOWFENCE_MEDIUM_OTC",50,0,"1st_leaf"
"NIWOT","NIWOT.SADSMFC.MW","ACOROS",1995,"SNOWFENCE_MEDIUM_OTC",50,30,"1st_petal_shed"
"NIWOT","NIWOT.SADSMFC.MW","ACOROS",1995,"SNOWFENCE_MEDIUM_OTC",50,0,"1st_red_leaf"
"NIWOT","NIWOT.SADSMFC.MW","ACOROS",1995,"SNOWFENCE_MEDIUM_OTC",50,50,"1st_seed_disp"
"NIWOT","NIWOT.SADSMFC.MW","ACOROS",1995,"SNOWFENCE_MEDIUM_OTC",50,30,"last_petal_shed"
"NIWOT","NIWOT.SADSMFC.MW","POLBIS",1995,"SNOWFENCE_MEDIUM_OTC",50,27,"1st_flower"
"NIWOT","NIWOT.SADSMFC.MW","POLBIS",1995,"SNOWFENCE_MEDIUM_OTC",50,30,"1st_flower_open"
"NIWOT","NIWOT.SADSMFC.MW","POLBIS",1995,"SNOWFENCE_MEDIUM_OTC",50,0,"1st_leaf"
"NIWOT","NIWOT.SADSMFC.MW","POLBIS",1995,"SNOWFENCE_MEDIUM_OTC",50,30,"1st_petal_shed"
"NIWOT","NIWOT.SADSMFC.MW","POLBIS",1995,"SNOWFENCE_MEDIUM_OTC",50,0,"1st_red_leaf"
"NIWOT","NIWOT.SADSMFC.MW","POLBIS",1995,"SNOWFENCE_MEDIUM_OTC",50,49,"1st_seed_disp"
"NIWOT","NIWOT.SADSMFC.MW","POLBIS",1995,"SNOWFENCE_MEDIUM_OTC",50,35,"last_petal_shed"
"NIWOT","NIWOT.SADSMFC.MW","ACOROS",1996,"CTL",60,27,"1st_flower"
"NIWOT","NIWOT.SADSMFC.MW","ACOROS",1996,"CTL",60,30,"1st_flower_open"
"NIWOT","NIWOT.SADSMFC.MW","ACOROS",1996,"CTL",60,0,"1st_leaf"
"NIWOT","NIWOT.SADSMFC.MW","ACOROS",1996,"CTL",60,32,"1st_petal_shed"
"NIWOT","NIWOT.SADSMFC.MW","ACOROS",1996,"CTL",60,0,"1st_red_leaf"
"NIWOT","NIWOT.SADSMFC.MW","ACOROS",1996,"CTL",60,60,"1st_seed_disp"
"NIWOT","NIWOT.SADSMFC.MW","ACOROS",1996,"CTL",60,29,"last_petal_shed"
"NIWOT","NIWOT.SADSMFC.MW","POLBIS",1996,"CTL",60,29,"1st_flower"
"NIWOT","NIWOT.SADSMFC.MW","POLBIS",1996,"CTL",60,29,"1st_flower_open"
"NIWOT","NIWOT.SADSMFC.MW","POLBIS",1996,"CTL",60,0,"1st_leaf"
"NIWOT","NIWOT.SADSMFC.MW","POLBIS",1996,"CTL",60,29,"1st_petal_shed"
"NIWOT","NIWOT.SADSMFC.MW","POLBIS",1996,"CTL",60,1,"1st_red_leaf"
"NIWOT","NIWOT.SADSMFC.MW","POLBIS",1996,"CTL",60,60,"1st_seed_disp"
"NIWOT","NIWOT.SADSMFC.MW","POLBIS",1996,"CTL",60,50,"last_petal_shed"
"NIWOT","NIWOT.SADSMFC.MW","ACOROS",1996,"OTC",60,38,"1st_flower"
"NIWOT","NIWOT.SADSMFC.MW","ACOROS",1996,"OTC",60,36,"1st_flower_open"
"NIWOT","NIWOT.SADSMFC.MW","ACOROS",1996,"OTC",60,0,"1st_leaf"
"NIWOT","NIWOT.SADSMFC.MW","ACOROS",1996,"OTC",60,38,"1st_petal_shed"
"NIWOT","NIWOT.SADSMFC.MW","ACOROS",1996,"OTC",60,1,"1st_red_leaf"
"NIWOT","NIWOT.SADSMFC.MW","ACOROS",1996,"OTC",60,60,"1st_seed_disp"
"NIWOT","NIWOT.SADSMFC.MW","ACOROS",1996,"OTC",60,36,"last_petal_shed"
"NIWOT","NIWOT.SADSMFC.MW","POLBIS",1996,"OTC",60,29,"1st_flower"
"NIWOT","NIWOT.SADSMFC.MW","POLBIS",1996,"OTC",60,30,"1st_flower_open"
"NIWOT","NIWOT.SADSMFC.MW","POLBIS",1996,"OTC",60,0,"1st_leaf"
"NIWOT","NIWOT.SADSMFC.MW","POLBIS",1996,"OTC",60,31,"1st_petal_shed"
"NIWOT","NIWOT.SADSMFC.MW","POLBIS",1996,"OTC",60,1,"1st_red_leaf"
"NIWOT","NIWOT.SADSMFC.MW","POLBIS",1996,"OTC",60,60,"1st_seed_disp"
"NIWOT","NIWOT.SADSMFC.MW","POLBIS",1996,"OTC",60,45,"last_petal_shed"
"NIWOT","NIWOT.SADSMFC.MW","ACOROS",1996,"SNOWFENCE_DEEP",50,37,"1st_flower"
"NIWOT","NIWOT.SADSMFC.MW","ACOROS",1996,"SNOWFENCE_DEEP",50,38,"1st_flower_open"
"NIWOT","NIWOT.SADSMFC.MW","ACOROS",1996,"SNOWFENCE_DEEP",50,3,"1st_leaf"
"NIWOT","NIWOT.SADSMFC.MW","ACOROS",1996,"SNOWFENCE_DEEP",50,39,"1st_petal_shed"
"NIWOT","NIWOT.SADSMFC.MW","ACOROS",1996,"SNOWFENCE_DEEP",50,7,"1st_red_leaf"
"NIWOT","NIWOT.SADSMFC.MW","ACOROS",1996,"SNOWFENCE_DEEP",50,50,"1st_seed_disp"
"NIWOT","NIWOT.SADSMFC.MW","ACOROS",1996,"SNOWFENCE_DEEP",50,36,"last_petal_shed"
"NIWOT","NIWOT.SADSMFC.MW","POLBIS",1996,"SNOWFENCE_DEEP",50,18,"1st_flower"
"NIWOT","NIWOT.SADSMFC.MW","POLBIS",1996,"SNOWFENCE_DEEP",50,19,"1st_flower_open"
"NIWOT","NIWOT.SADSMFC.MW","POLBIS",1996,"SNOWFENCE_DEEP",50,5,"1st_leaf"
"NIWOT","NIWOT.SADSMFC.MW","POLBIS",1996,"SNOWFENCE_DEEP",50,24,"1st_petal_shed"
"NIWOT","NIWOT.SADSMFC.MW","POLBIS",1996,"SNOWFENCE_DEEP",50,10,"1st_red_leaf"
"NIWOT","NIWOT.SADSMFC.MW","POLBIS",1996,"SNOWFENCE_DEEP",50,50,"1st_seed_disp"
"NIWOT","NIWOT.SADSMFC.MW","POLBIS",1996,"SNOWFENCE_DEEP",50,49,"last_petal_shed"
"NIWOT","NIWOT.SADSMFC.MW","ACOROS",1996,"SNOWFENCE_DEEP_OTC",50,38,"1st_flower"
"NIWOT","NIWOT.SADSMFC.MW","ACOROS",1996,"SNOWFENCE_DEEP_OTC",50,35,"1st_flower_open"
"NIWOT","NIWOT.SADSMFC.MW","ACOROS",1996,"SNOWFENCE_DEEP_OTC",50,3,"1st_leaf"
"NIWOT","NIWOT.SADSMFC.MW","ACOROS",1996,"SNOWFENCE_DEEP_OTC",50,34,"1st_petal_shed"
"NIWOT","NIWOT.SADSMFC.MW","ACOROS",1996,"SNOWFENCE_DEEP_OTC",50,5,"1st_red_leaf"
"NIWOT","NIWOT.SADSMFC.MW","ACOROS",1996,"SNOWFENCE_DEEP_OTC",50,50,"1st_seed_disp"
"NIWOT","NIWOT.SADSMFC.MW","ACOROS",1996,"SNOWFENCE_DEEP_OTC",50,36,"last_petal_shed"
"NIWOT","NIWOT.SADSMFC.MW","POLBIS",1996,"SNOWFENCE_DEEP_OTC",50,22,"1st_flower"
"NIWOT","NIWOT.SADSMFC.MW","POLBIS",1996,"SNOWFENCE_DEEP_OTC",50,23,"1st_flower_open"
"NIWOT","NIWOT.SADSMFC.MW","POLBIS",1996,"SNOWFENCE_DEEP_OTC",50,4,"1st_leaf"
"NIWOT","NIWOT.SADSMFC.MW","POLBIS",1996,"SNOWFENCE_DEEP_OTC",50,26,"1st_petal_shed"
"NIWOT","NIWOT.SADSMFC.MW","POLBIS",1996,"SNOWFENCE_DEEP_OTC",50,9,"1st_red_leaf"
"NIWOT","NIWOT.SADSMFC.MW","POLBIS",1996,"SNOWFENCE_DEEP_OTC",50,50,"1st_seed_disp"
"NIWOT","NIWOT.SADSMFC.MW","POLBIS",1996,"SNOWFENCE_DEEP_OTC",50,49,"last_petal_shed"
"NIWOT","NIWOT.SADSMFC.MW","ACOROS",1996,"SNOWFENCE_MEDIUM",50,25,"1st_flower"
"NIWOT","NIWOT.SADSMFC.MW","ACOROS",1996,"SNOWFENCE_MEDIUM",50,26,"1st_flower_open"
"NIWOT","NIWOT.SADSMFC.MW","ACOROS",1996,"SNOWFENCE_MEDIUM",50,0,"1st_leaf"
"NIWOT","NIWOT.SADSMFC.MW","ACOROS",1996,"SNOWFENCE_MEDIUM",50,30,"1st_petal_shed"
"NIWOT","NIWOT.SADSMFC.MW","ACOROS",1996,"SNOWFENCE_MEDIUM",50,1,"1st_red_leaf"
"NIWOT","NIWOT.SADSMFC.MW","ACOROS",1996,"SNOWFENCE_MEDIUM",50,50,"1st_seed_disp"
"NIWOT","NIWOT.SADSMFC.MW","ACOROS",1996,"SNOWFENCE_MEDIUM",50,25,"last_petal_shed"
"NIWOT","NIWOT.SADSMFC.MW","POLBIS",1996,"SNOWFENCE_MEDIUM",50,20,"1st_flower"
"NIWOT","NIWOT.SADSMFC.MW","POLBIS",1996,"SNOWFENCE_MEDIUM",50,19,"1st_flower_open"
"NIWOT","NIWOT.SADSMFC.MW","POLBIS",1996,"SNOWFENCE_MEDIUM",50,1,"1st_leaf"
"NIWOT","NIWOT.SADSMFC.MW","POLBIS",1996,"SNOWFENCE_MEDIUM",50,20,"1st_petal_shed"
"NIWOT","NIWOT.SADSMFC.MW","POLBIS",1996,"SNOWFENCE_MEDIUM",50,0,"1st_red_leaf"
"NIWOT","NIWOT.SADSMFC.MW","POLBIS",1996,"SNOWFENCE_MEDIUM",50,50,"1st_seed_disp"
"NIWOT","NIWOT.SADSMFC.MW","POLBIS",1996,"SNOWFENCE_MEDIUM",50,37,"last_petal_shed"
"NIWOT","NIWOT.SADSMFC.MW","ACOROS",1996,"SNOWFENCE_MEDIUM_OTC",50,27,"1st_flower"
"NIWOT","NIWOT.SADSMFC.MW","ACOROS",1996,"SNOWFENCE_MEDIUM_OTC",50,26,"1st_flower_open"
"NIWOT","NIWOT.SADSMFC.MW","ACOROS",1996,"SNOWFENCE_MEDIUM_OTC",50,1,"1st_leaf"
"NIWOT","NIWOT.SADSMFC.MW","ACOROS",1996,"SNOWFENCE_MEDIUM_OTC",50,31,"1st_petal_shed"
"NIWOT","NIWOT.SADSMFC.MW","ACOROS",1996,"SNOWFENCE_MEDIUM_OTC",50,3,"1st_red_leaf"
"NIWOT","NIWOT.SADSMFC.MW","ACOROS",1996,"SNOWFENCE_MEDIUM_OTC",50,50,"1st_seed_disp"
"NIWOT","NIWOT.SADSMFC.MW","ACOROS",1996,"SNOWFENCE_MEDIUM_OTC",50,27,"last_petal_shed"
"NIWOT","NIWOT.SADSMFC.MW","POLBIS",1996,"SNOWFENCE_MEDIUM_OTC",50,15,"1st_flower"
"NIWOT","NIWOT.SADSMFC.MW","POLBIS",1996,"SNOWFENCE_MEDIUM_OTC",50,13,"1st_flower_open"
"NIWOT","NIWOT.SADSMFC.MW","POLBIS",1996,"SNOWFENCE_MEDIUM_OTC",50,1,"1st_leaf"
"NIWOT","NIWOT.SADSMFC.MW","POLBIS",1996,"SNOWFENCE_MEDIUM_OTC",50,12,"1st_petal_shed"
"NIWOT","NIWOT.SADSMFC.MW","POLBIS",1996,"SNOWFENCE_MEDIUM_OTC",50,0,"1st_red_leaf"
"NIWOT","NIWOT.SADSMFC.MW","POLBIS",1996,"SNOWFENCE_MEDIUM_OTC",50,50,"1st_seed_disp"
"NIWOT","NIWOT.SADSMFC.MW","POLBIS",1996,"SNOWFENCE_MEDIUM_OTC",50,23,"last_petal_shed"
